{
    "1": {
        "min": 1,
        "max": 1,
        "award": [
            {
                "i": 1023,
                "n": 30
            },
            {
                "i": 1021,
                "n": 15
            },
            {
                "i": 1027,
                "n": 15
            }
        ]
    },
    "2": {
        "min": 2,
        "max": 2,
        "award": [
            {
                "i": 1023,
                "n": 20
            },
            {
                "i": 1021,
                "n": 10
            },
            {
                "i": 1027,
                "n": 10
            }
        ]
    },
    "3": {
        "min": 3,
        "max": 3,
        "award": [
            {
                "i": 1023,
                "n": 15
            },
            {
                "i": 1021,
                "n": 8
            },
            {
                "i": 1027,
                "n": 8
            }
        ]
    },
    "4": {
        "min": 4,
        "max": 4,
        "award": [
            {
                "i": 1023,
                "n": 10
            },
            {
                "i": 1021,
                "n": 6
            },
            {
                "i": 1027,
                "n": 6
            }
        ]
    },
    "5": {
        "min": 5,
        "max": 5,
        "award": [
            {
                "i": 1023,
                "n": 8
            },
            {
                "i": 1021,
                "n": 5
            },
            {
                "i": 1027,
                "n": 5
            }
        ]
    },
    "6": {
        "min": 6,
        "max": 10,
        "award": [
            {
                "i": 1023,
                "n": 5
            },
            {
                "i": 1021,
                "n": 4
            },
            {
                "i": 1027,
                "n": 4
            }
        ]
    },
    "7": {
        "min": 11,
        "max": 50,
        "award": [
            {
                "i": 1023,
                "n": 3
            },
            {
                "i": 1021,
                "n": 3
            },
            {
                "i": 1027,
                "n": 3
            }
        ]
    },
    "8": {
        "min": 51,
        "max": 300,
        "award": [
            {
                "i": 1023,
                "n": 2
            },
            {
                "i": 1021,
                "n": 2
            },
            {
                "i": 1027,
                "n": 2
            }
        ]
    },
    "9": {
        "min": 301,
        "max": 9999,
        "award": [
            {
                "i": 1023,
                "n": 1
            },
            {
                "i": 1021,
                "n": 1
            },
            {
                "i": 1027,
                "n": 1
            }
        ]
    }
}