{
    "100000": {
        "drop1": [
            6101
        ]
    },
    "200000": {
        "drop1": [
            6102
        ]
    },
    "500000": {
        "drop1": [
            6103
        ]
    },
    "1000000": {
        "drop1": [
            6104
        ]
    },
    "5000000": {
        "drop1": [
            6105
        ]
    },
    "10000000": {
        "drop1": [
            6106
        ]
    },
    "20000000": {
        "drop1": [
            6107
        ]
    },
    "50000000": {
        "drop1": [
            6108
        ]
    },
    "100000000": {
        "drop1": [
            6109
        ]
    },
    "200000000": {
        "drop1": [
            6110
        ]
    }
}