{
    "10020": {
        "fps_s": 12,
        "x": 16,
        "y": -100,
        "s": 10000,
        "sib": 1
    },
    "10021": {
        "fps_s": 12,
        "x": 17,
        "y": -210,
        "s": 10000,
        "sib": 1
    },
    "10030": {
        "fps_s": 12,
        "x": 16,
        "y": -500,
        "s": 10000,
        "sib": 1
    },
    "10040": {
        "fps_s": 12,
        "x": 16,
        "y": -40,
        "s": 10000,
        "sib": 1
    },
    "10041": {
        "fps_s": 12,
        "x": -180,
        "y": -320,
        "s": 10000,
        "sib": 1
    },
    "10050": {
        "fps_s": 12,
        "x": -180,
        "y": -300,
        "s": 10000,
        "sib": 1
    },
    "10051": {
        "fps_s": 12,
        "x": 16,
        "y": -480,
        "s": 10000,
        "sib": 1
    },
    "10060": {
        "fps_s": 12,
        "x": 16,
        "y": -50,
        "s": 10000,
        "sib": 1
    },
    "10061": {
        "fps_s": 12,
        "x": -236,
        "y": -438,
        "s": 10000,
        "sib": 1
    },
    "10070": {
        "fps_s": 12,
        "x": 6,
        "y": -500,
        "s": 10000,
        "sib": 1
    },
    "10071": {
        "fps_s": 12,
        "x": 6,
        "y": -500,
        "s": 10000,
        "sib": 1
    },
    "10080": {
        "fps_s": 12,
        "x": 6,
        "y": -160,
        "s": 10000,
        "sib": 1
    },
    "10081": {
        "fps_s": 12,
        "x": 6,
        "y": -250,
        "s": 10000,
        "sib": 1
    },
    "10090": {
        "fps_s": 12,
        "x": 6,
        "y": -516,
        "s": 10000,
        "sib": 1
    },
    "10091": {
        "fps_s": 12,
        "x": 6,
        "y": -516,
        "s": 10000,
        "sib": 1
    },
    "10100": {
        "fps_s": 12,
        "x": 6,
        "y": -476,
        "s": 10000,
        "sib": 1
    },
    "20010": {
        "fps_s": 12,
        "x": 6,
        "y": -520,
        "s": 10000,
        "sib": 1
    },
    "20011": {
        "fps_s": 12,
        "x": -184,
        "y": -328,
        "s": 10000,
        "sib": 1
    },
    "20020": {
        "fps_s": 12,
        "x": 2,
        "y": -505,
        "s": 10000,
        "sib": 1
    },
    "20030": {
        "fps_s": 12,
        "x": 2,
        "y": -533,
        "s": 10000,
        "sib": 1
    },
    "20040": {
        "fps_s": 12,
        "x": 2,
        "y": -533,
        "s": 10000,
        "sib": 1
    },
    "20050": {
        "fps_s": 12,
        "x": 2,
        "y": -484,
        "s": 10000,
        "sib": 1
    },
    "20051": {
        "fps_s": 12,
        "x": 2,
        "y": -510,
        "s": 10000,
        "sib": 1
    },
    "20060": {
        "fps_s": 12,
        "x": 2,
        "y": -93,
        "s": 10000,
        "sib": 1
    },
    "20070": {
        "fps_s": 12,
        "x": -180,
        "y": -120,
        "s": 10000,
        "sib": 1
    },
    "20071": {
        "fps_s": 12,
        "x": -180,
        "y": -275,
        "s": 10000,
        "sib": 1
    },
    "20080": {
        "fps_s": 12,
        "x": -180,
        "y": -340,
        "s": 10000,
        "sib": 1
    },
    "20081": {
        "fps_s": 12,
        "x": 12,
        "y": -490,
        "s": 10000,
        "sib": 1
    },
    "20090": {
        "fps_s": 12,
        "x": 12,
        "y": -490,
        "s": 10000,
        "sib": 1
    },
    "20091": {
        "fps_s": 12,
        "x": -93,
        "y": -385,
        "s": 10000,
        "sib": 1
    },
    "20100": {
        "fps_s": 12,
        "x": 10,
        "y": -158,
        "s": 10000,
        "sib": 1
    },
    "20101": {
        "fps_s": 12,
        "x": 108,
        "y": -346,
        "s": 10000,
        "sib": 1
    },
    "30010": {
        "fps_s": 12,
        "x": 5,
        "y": -507,
        "s": 10000,
        "sib": 1
    },
    "30020": {
        "fps_s": 12,
        "x": 5,
        "y": -507,
        "s": 10000,
        "sib": 1
    },
    "30021": {
        "fps_s": 12,
        "x": 5,
        "y": -507,
        "s": 10000,
        "sib": 1
    },
    "30030": {
        "fps_s": 12,
        "x": 5,
        "y": -670,
        "s": 13000,
        "sib": 1
    },
    "30031": {
        "fps_s": 12,
        "x": 5,
        "y": -670,
        "s": 10000,
        "sib": 1
    },
    "30040": {
        "fps_s": 12,
        "x": 5,
        "y": -500,
        "s": 10000,
        "sib": 1
    },
    "30050": {
        "fps_s": 12,
        "x": 5,
        "y": -500,
        "s": 10000,
        "sib": 1
    },
    "30060": {
        "fps_s": 12,
        "x": 5,
        "y": -500,
        "s": 10000,
        "sib": 1
    },
    "30061": {
        "fps_s": 12,
        "x": 5,
        "y": -500,
        "s": 10000,
        "sib": 1
    },
    "30070": {
        "fps_s": 12,
        "x": 10,
        "y": -517,
        "s": 10000,
        "sib": 1
    },
    "30080": {
        "fps_s": 12,
        "x": -20,
        "y": -490,
        "s": 10000,
        "sib": 1
    },
    "30090": {
        "fps_s": 12,
        "x": 10,
        "y": -290,
        "s": 10000,
        "sib": 1
    },
    "30100": {
        "fps_s": 12,
        "x": -20,
        "y": -490,
        "s": 10000,
        "sib": 1
    },
    "30101": {
        "fps_s": 12,
        "x": -20,
        "y": -490,
        "s": 10000,
        "sib": 1
    },
    "40000": {
        "fps_s": 12,
        "x": 0,
        "y": 0,
        "s": 10000,
        "sib": 1
    },
    "40001": {
        "fps_s": 12,
        "x": 0,
        "y": 0,
        "s": 10000,
        "sib": 1
    },
    "40002": {
        "fps_s": 12,
        "x": 0,
        "y": 0,
        "s": 10000,
        "sib": 1
    },
    "40010": {
        "fps_s": 12,
        "x": 30,
        "y": -200,
        "s": 30000,
        "sib": 1
    },
    "40011": {
        "fps_s": 12,
        "x": 0,
        "y": -350,
        "s": 12000,
        "sib": 1
    },
    "40020": {
        "fps_s": 12,
        "x": 70,
        "y": -800,
        "s": 17000,
        "sib": 1
    },
    "40030": {
        "fps_s": 12,
        "x": 30,
        "y": -100,
        "s": 30000,
        "sib": 1
    },
    "40040": {
        "fps_s": 12,
        "x": 10,
        "y": -50,
        "s": 11000,
        "sib": 1
    },
    "40041": {
        "fps_s": 12,
        "x": 0,
        "y": 0,
        "s": 16000,
        "sib": 1
    },
    "40050": {
        "fps_s": 12,
        "x": 0,
        "y": -40,
        "s": 16000,
        "sib": 1
    },
    "40051": {
        "fps_s": 12,
        "x": 0,
        "y": -40,
        "s": 16000,
        "sib": 1
    },
    "40061": {
        "fps_s": 12,
        "x": 45,
        "y": -345,
        "s": 15000,
        "sib": 1
    },
    "40070": {
        "fps_s": 12,
        "x": 0,
        "y": -400,
        "s": 16000,
        "sib": 1
    },
    "40071": {
        "fps_s": 12,
        "x": 180,
        "y": -425,
        "s": 16000,
        "sib": 1
    },
    "40080": {
        "fps_s": 12,
        "x": 10,
        "y": -80,
        "s": 16000,
        "sib": 1
    },
    "40090": {
        "fps_s": 12,
        "x": 0,
        "y": -380,
        "s": 24000,
        "sib": 1
    },
    "40091": {
        "fps_s": 12,
        "x": 10,
        "y": -450,
        "s": 15000,
        "sib": 1
    },
    "40100": {
        "fps_s": 12,
        "x": 10,
        "y": 0,
        "s": 15000,
        "sib": 1
    },
    "40110": {
        "fps_s": 12,
        "x": 10,
        "y": -290,
        "s": 10000,
        "sib": 1
    },
    "40120": {
        "fps_s": 12,
        "x": 10,
        "y": -20,
        "s": 20000,
        "sib": 1
    },
    "40130": {
        "fps_s": 12,
        "x": -10,
        "y": -280,
        "s": 12000,
        "sib": 1
    },
    "40140": {
        "fps_s": 12,
        "x": 20,
        "y": 0,
        "s": 20000,
        "sib": 1
    },
    "40141": {
        "fps_s": 12,
        "x": 100,
        "y": -380,
        "s": 13000,
        "sib": 1
    },
    "40150": {
        "fps_s": 12,
        "x": 0,
        "y": -5,
        "s": 23000,
        "sib": 1
    },
    "40161": {
        "fps_s": 12,
        "x": 80,
        "y": -860,
        "s": 20000,
        "sib": 1
    },
    "40170": {
        "fps_s": 12,
        "x": 10,
        "y": -5,
        "s": 23000,
        "sib": 1
    },
    "40171": {
        "fps_s": 12,
        "x": 15,
        "y": 0,
        "s": 15000,
        "sib": 1
    },
    "40180": {
        "fps_s": 12,
        "x": 30,
        "y": 100,
        "s": 16000,
        "sib": 1
    },
    "40181": {
        "fps_s": 12,
        "x": 0,
        "y": -50,
        "s": 25000,
        "sib": 1
    },
    "40190": {
        "fps_s": 12,
        "x": 20,
        "y": -100,
        "s": 14000,
        "sib": 1
    },
    "40191": {
        "fps_s": 12,
        "x": 15,
        "y": -50,
        "s": 14000,
        "sib": 1
    },
    "40200": {
        "fps_s": 12,
        "x": 0,
        "y": -30,
        "s": 14000,
        "sib": 1
    },
    "40210": {
        "fps_s": 12,
        "x": 10,
        "y": 0,
        "s": 12000,
        "sib": 1
    },
    "40220": {
        "fps_s": 12,
        "x": 10,
        "y": 0,
        "s": 12000,
        "sib": 1
    },
    "40221": {
        "fps_s": 12,
        "x": 100,
        "y": -360,
        "s": 12000,
        "sib": 1
    },
    "40230": {
        "fps_s": 12,
        "x": 15,
        "y": 0,
        "s": 5000,
        "sib": 1
    },
    "40240": {
        "fps_s": 12,
        "x": 5,
        "y": -280,
        "s": 11000,
        "sib": 1
    },
    "40241": {
        "fps_s": 12,
        "x": 0,
        "y": -30,
        "s": 12000,
        "sib": 1
    },
    "100001": {
        "fps_s": 12,
        "x": 0,
        "y": 0,
        "s": 10000,
        "sib": 0
    },
    "100002": {
        "fps_s": 12,
        "x": 0,
        "y": 0,
        "s": 10000,
        "sib": 0
    },
    "100003": {
        "fps_s": 12,
        "x": 0,
        "y": 0,
        "s": 10000,
        "sib": 0
    },
    "100004": {
        "fps_s": 12,
        "x": 0,
        "y": 0,
        "s": 10000,
        "sib": 0
    },
    "100005": {
        "fps_s": 12,
        "x": 0,
        "y": 0,
        "s": 10000,
        "sib": 0
    },
    "100006": {
        "fps_s": 12,
        "x": 0,
        "y": 0,
        "s": 10000,
        "sib": 0
    },
    "zhudong": {
        "fps_s": 12,
        "x": 0,
        "y": -200,
        "s": 10000,
        "sib": 1,
        "delay_ms": 0
    },
    "zhuiji": {
        "fps_s": 12,
        "x": 0,
        "y": -40,
        "s": 10000,
        "sib": 1
    },
    "huifu": {
        "fps_s": 12,
        "x": 0,
        "y": -40,
        "s": 10000,
        "sib": 1
    },
    "qishou": {
        "fps_s": 12,
        "x": 50,
        "y": 0,
        "s": 10000,
        "sib": 1
    },
    "zengyi": {
        "fps_s": 12,
        "x": 0,
        "y": -40,
        "s": 10000,
        "sib": 1
    },
    "shouji": {
        "fps_s": 20,
        "x": 0,
        "y": -40,
        "s": 10000,
        "sib": 1
    },
    "zhanshi": {
        "fps_s": 13,
        "x": 108,
        "y": -180,
        "s": 30000,
        "sib": 1,
        "delay_ms": 900
    }
}