{
    "1": {
        "min": 1,
        "max": 1,
        "award": [
            {
                "i": 1007,
                "n": 30
            },
            {
                "i": 1002,
                "n": 300
            }
        ]
    },
    "2": {
        "min": 2,
        "max": 2,
        "award": [
            {
                "i": 1007,
                "n": 20
            },
            {
                "i": 1002,
                "n": 200
            }
        ]
    },
    "3": {
        "min": 3,
        "max": 3,
        "award": [
            {
                "i": 1007,
                "n": 15
            },
            {
                "i": 1002,
                "n": 100
            }
        ]
    },
    "4": {
        "min": 4,
        "max": 4,
        "award": [
            {
                "i": 1007,
                "n": 12
            },
            {
                "i": 1002,
                "n": 80
            }
        ]
    },
    "5": {
        "min": 5,
        "max": 5,
        "award": [
            {
                "i": 1007,
                "n": 10
            },
            {
                "i": 1002,
                "n": 50
            }
        ]
    },
    "6": {
        "min": 6,
        "max": 10,
        "award": [
            {
                "i": 1007,
                "n": 5
            },
            {
                "i": 1002,
                "n": 50
            }
        ]
    },
    "7": {
        "min": 11,
        "max": 20,
        "award": [
            {
                "i": 1007,
                "n": 4
            },
            {
                "i": 1002,
                "n": 50
            }
        ]
    },
    "8": {
        "min": 21,
        "max": 50,
        "award": [
            {
                "i": 1007,
                "n": 3
            },
            {
                "i": 1002,
                "n": 50
            }
        ]
    },
    "9": {
        "min": 51,
        "max": 300,
        "award": [
            {
                "i": 1007,
                "n": 2
            },
            {
                "i": 1002,
                "n": 10
            }
        ]
    },
    "10": {
        "min": 301,
        "max": 9999,
        "award": [
            {
                "i": 1007,
                "n": 1
            },
            {
                "i": 1002,
                "n": 10
            }
        ]
    }
}