{
    "1": {
        "min": 1,
        "max": 1,
        "award": [
            {
                "i": 1008,
                "n": 10
            },
            {
                "i": 1002,
                "n": 2000
            }
        ]
    },
    "2": {
        "min": 2,
        "max": 2,
        "award": [
            {
                "i": 1008,
                "n": 8
            },
            {
                "i": 1002,
                "n": 1500
            }
        ]
    },
    "3": {
        "min": 3,
        "max": 3,
        "award": [
            {
                "i": 1008,
                "n": 6
            },
            {
                "i": 1002,
                "n": 1000
            }
        ]
    },
    "4": {
        "min": 4,
        "max": 4,
        "award": [
            {
                "i": 1008,
                "n": 5
            },
            {
                "i": 1002,
                "n": 800
            }
        ]
    },
    "5": {
        "min": 5,
        "max": 5,
        "award": [
            {
                "i": 1008,
                "n": 5
            },
            {
                "i": 1002,
                "n": 600
            }
        ]
    },
    "6": {
        "min": 6,
        "max": 10,
        "award": [
            {
                "i": 1008,
                "n": 5
            },
            {
                "i": 1002,
                "n": 400
            }
        ]
    },
    "7": {
        "min": 11,
        "max": 50,
        "award": [
            {
                "i": 1008,
                "n": 4
            },
            {
                "i": 1003,
                "n": 200
            }
        ]
    },
    "8": {
        "min": 51,
        "max": 300,
        "award": [
            {
                "i": 1008,
                "n": 3
            },
            {
                "i": 1003,
                "n": 100
            }
        ]
    },
    "9": {
        "min": 301,
        "max": 9999,
        "award": [
            {
                "i": 1008,
                "n": 2
            },
            {
                "i": 1003,
                "n": 60
            }
        ]
    }
}