{
    "1": {
        "min": 1,
        "max": 1,
        "award": [
            {
                "i": 1008,
                "n": 100
            },
            {
                "i": 1002,
                "n": 20000
            }
        ]
    },
    "2": {
        "min": 2,
        "max": 2,
        "award": [
            {
                "i": 1008,
                "n": 80
            },
            {
                "i": 1002,
                "n": 15000
            }
        ]
    },
    "3": {
        "min": 3,
        "max": 3,
        "award": [
            {
                "i": 1008,
                "n": 60
            },
            {
                "i": 1002,
                "n": 10000
            }
        ]
    },
    "4": {
        "min": 4,
        "max": 4,
        "award": [
            {
                "i": 1008,
                "n": 50
            },
            {
                "i": 1002,
                "n": 8000
            }
        ]
    },
    "5": {
        "min": 5,
        "max": 5,
        "award": [
            {
                "i": 1008,
                "n": 50
            },
            {
                "i": 1002,
                "n": 6000
            }
        ]
    },
    "6": {
        "min": 6,
        "max": 10,
        "award": [
            {
                "i": 1008,
                "n": 50
            },
            {
                "i": 1002,
                "n": 4000
            }
        ]
    },
    "7": {
        "min": 11,
        "max": 50,
        "award": [
            {
                "i": 1008,
                "n": 40
            },
            {
                "i": 1003,
                "n": 2000
            }
        ]
    },
    "8": {
        "min": 51,
        "max": 300,
        "award": [
            {
                "i": 1008,
                "n": 30
            },
            {
                "i": 1003,
                "n": 1000
            }
        ]
    },
    "9": {
        "min": 301,
        "max": 9999,
        "award": [
            {
                "i": 1008,
                "n": 20
            },
            {
                "i": 1003,
                "n": 600
            }
        ]
    }
}