{
    "1": {
        "0": {
            "costitem": {},
            "skill": 5270001
        },
        "1": {
            "costitem": {
                "1002": 500
            },
            "skill": 5270002
        },
        "2": {
            "costitem": {
                "1002": 600
            },
            "skill": 5270003
        },
        "3": {
            "costitem": {
                "1002": 700
            },
            "skill": 5270004
        },
        "4": {
            "costitem": {
                "1002": 800
            },
            "skill": 5270005
        },
        "5": {
            "costitem": {
                "1002": 900
            },
            "skill": 5270006
        }
    },
    "2": {
        "0": {
            "costitem": {},
            "skill": 5270001
        },
        "1": {
            "costitem": {
                "1002": 500
            },
            "skill": 5270002
        },
        "2": {
            "costitem": {
                "1002": 600
            },
            "skill": 5270003
        },
        "3": {
            "costitem": {
                "1002": 700
            },
            "skill": 5270004
        },
        "4": {
            "costitem": {
                "1002": 800
            },
            "skill": 5270005
        },
        "5": {
            "costitem": {
                "1002": 900
            },
            "skill": 5270006
        }
    },
    "3": {
        "0": {
            "costitem": {},
            "skill": 5270001
        },
        "1": {
            "costitem": {
                "1002": 500
            },
            "skill": 5270002
        },
        "2": {
            "costitem": {
                "1002": 600
            },
            "skill": 5270003
        },
        "3": {
            "costitem": {
                "1002": 700
            },
            "skill": 5270004
        },
        "4": {
            "costitem": {
                "1002": 800
            },
            "skill": 5270005
        },
        "5": {
            "costitem": {
                "1002": 900
            },
            "skill": 5270006
        }
    }
}