{
    "50010": {
        "drop1": [
            6201
        ]
    },
    "50020": {
        "drop1": [
            6202
        ]
    },
    "50030": {
        "drop1": [
            6203
        ]
    },
    "50040": {
        "drop1": [
            6204
        ]
    },
    "50050": {
        "drop1": [
            6205
        ]
    },
    "50060": {
        "drop1": [
            6206
        ]
    },
    "50070": {
        "drop1": [
            6207
        ]
    },
    "50080": {
        "drop1": [
            6208
        ]
    },
    "50090": {
        "drop1": [
            6209
        ]
    },
    "50100": {
        "drop1": [
            6210
        ]
    },
    "50110": {
        "drop1": [
            6211
        ]
    },
    "50120": {
        "drop1": [
            6212
        ]
    },
    "50130": {
        "drop1": [
            6213
        ]
    },
    "50140": {
        "drop1": [
            6214
        ]
    },
    "50150": {
        "drop1": [
            6215
        ]
    },
    "50160": {
        "drop1": [
            6216
        ]
    },
    "50170": {
        "drop1": [
            6217
        ]
    },
    "50180": {
        "drop1": [
            6218
        ]
    },
    "50190": {
        "drop1": [
            6219
        ]
    },
    "50200": {
        "drop1": [
            6220
        ]
    },
    "50210": {
        "drop1": [
            6221
        ]
    },
    "50220": {
        "drop1": [
            6222
        ]
    },
    "50230": {
        "drop1": [
            6223
        ]
    },
    "50240": {
        "drop1": [
            6224
        ]
    },
    "50250": {
        "drop1": [
            6225
        ]
    },
    "50260": {
        "drop1": [
            6226
        ]
    },
    "50270": {
        "drop1": [
            6227
        ]
    },
    "50280": {
        "drop1": [
            6228
        ]
    },
    "50290": {
        "drop1": [
            6229
        ]
    },
    "50300": {
        "drop1": [
            6230
        ]
    }
}