{
  "1": {
    "name": "แพ็กเกจเสริมพลังแบบเลือกได้",
    "num": 1,
    "items": [
      {
        "1003": 30
      },
      {
        "1005": 5
      },
      {
        "1035": 10
      },
      {
        "1041": 5
      },
      {
        "1007": 10
      },
      {
        "1001": 4000
      },
      {
        "1004": 5
      },
      {
        "1018": 50
      },
      {
        "1034": 20
      },
      {
        "1020": 5
      },
      {
        "1023": 5
      },
      {
        "1026": 5
      },
      {
        "1029": 5
      }
    ]
  },
  "2": {
    "name": "แพ็กเกจพิเศษแบบเลือกได้",
    "num": 1,
    "items": [
      {
        "1003": 80
      },
      {
        "1005": 10
      },
      {
        "1035": 10
      },
      {
        "1041": 5
      },
      {
        "1007": 15
      },
      {
        "1001": 8000
      },
      {
        "1004": 5
      },
      {
        "1018": 100
      },
      {
        "1034": 50
      },
      {
        "1020": 10
      },
      {
        "1023": 10
      },
      {
        "1026": 10
      },
      {
        "1029": 10
      }
    ]
  },
  "3": {
    "name": "แพ็กเกจกำหนดเองแบบเลือกได้",
    "num": 2,
    "items": [
      {
        "1003": 80
      },
      {
        "1005": 10
      },
      {
        "1035": 15
      },
      {
        "1041": 5
      },
      {
        "1007": 15
      },
      {
        "1001": 10000
      },
      {
        "1004": 5
      },
      {
        "1018": 100
      },
      {
        "1034": 50
      },
      {
        "1020": 10
      },
      {
        "1023": 10
      },
      {
        "1026": 10
      },
      {
        "1029": 10
      }
    ]
  },
  "4": {
    "name": "แพ็กเกจสุดคุ้มแบบเลือกได้",
    "num": 2,
    "items": [
      {
        "1003": 80
      },
      {
        "1005": 15
      },
      {
        "1035": 20
      },
      {
        "1041": 10
      },
      {
        "1007": 20
      },
      {
        "1001": 14000
      },
      {
        "1004": 10
      },
      {
        "1018": 150
      },
      {
        "1034": 70
      },
      {
        "1020": 15
      },
      {
        "1023": 15
      },
      {
        "1026": 15
      },
      {
        "1029": 15
      }
    ]
  },
  "5": {
    "name": "แพ็กเกจเก็บเกี่ยวแบบเลือกได้",
    "num": 2,
    "items": [
      {
        "1005": 40
      },
      {
        "1035": 75
      },
      {
        "1041": 10
      },
      {
        "1007": 30
      },
      {
        "1008": 15
      },
      {
        "1004": 25
      },
      {
        "1018": 300
      },
      {
        "1034": 75
      },
      {
        "1021": 15
      },
      {
        "1024": 15
      },
      {
        "1027": 15
      },
      {
        "1030": 15
      }
    ]
  },
  "6": {
    "name": "แพ็กเกจสุดหรูแบบเลือกได้",
    "num": 2,
    "items": [
      {
        "1005": 50
      },
      {
        "1035": 80
      },
      {
        "1041": 15
      },
      {
        "1007": 40
      },
      {
        "1008": 25
      },
      {
        "1004": 30
      },
      {
        "1018": 400
      },
      {
        "1034": 80
      },
      {
        "1021": 20
      },
      {
        "1024": 20
      },
      {
        "1027": 20
      },
      {
        "1030": 20
      }
    ]
  },
  "7": {
    "name": "แพ็กเกจเซอร์ไพรส์แบบเลือกได้",
    "num": 2,
    "items": [
      {
        "1005": 60
      },
      {
        "1035": 90
      },
      {
        "1041": 20
      },
      {
        "1007": 45
      },
      {
        "1008": 30
      },
      {
        "1004": 35
      },
      {
        "1018": 500
      },
      {
        "1034": 90
      },
      {
        "1022": 25
      },
      {
        "1025": 25
      },
      {
        "1028": 25
      },
      {
        "1031": 25
      }
    ]
  },
  "8": {
    "name": "แพ็กเกจไม่จำกัดแบบเลือกได้",
    "num": 2,
    "items": [
      {
        "1005": 70
      },
      {
        "1035": 100
      },
      {
        "1041": 30
      },
      {
        "1007": 50
      },
      {
        "1008": 40
      },
      {
        "1004": 40
      },
      {
        "1018": 600
      },
      {
        "1034": 100
      },
      {
        "1022": 30
      },
      {
        "1025": 30
      },
      {
        "1028": 30
      },
      {
        "1031": 30
      }
    ]
  }
}