{
  "1": {
    "name": "ผลไม้ชีวิตขั้นที่ 1",
    "itemid": 1020,
    "openlv": 1,
    "base": 10,
    "amend": 0,
    "hp": 100,
    "atk": 0,
    "def": 0,
    "atkspeed": 0,
    "desc": "เมื่อใช้ จะเพิ่มพลังชีวิต 100 หน่วยอย่างถาวร"
  },
  "2": {
    "name": "ผลไม้ชีวิตขั้นที่ 2",
    "itemid": 1021,
    "openlv": 50,
    "base": 10,
    "amend": 400,
    "hp": 300,
    "atk": 0,
    "def": 0,
    "atkspeed": 0,
    "desc": "เมื่อใช้ จะเพิ่มพลังชีวิต 300 หน่วยอย่างถาวร"
  },
  "3": {
    "name": "ผลไม้ชีวิตขั้นที่ 3",
    "itemid": 1022,
    "openlv": 100,
    "base": 10,
    "amend": 800,
    "hp": 1000,
    "atk": 0,
    "def": 0,
    "atkspeed": 0,
    "desc": "เมื่อใช้ จะเพิ่มพลังชีวิต 1000 หน่วยอย่างถาวร"
  },
  "4": {
    "name": "ผลไม้ความแข็งแกร่งขั้นที่ 1",
    "itemid": 1023,
    "openlv": 1,
    "base": 10,
    "amend": 0,
    "hp": 0,
    "atk": 10,
    "def": 0,
    "atkspeed": 0,
    "desc": "เมื่อใช้ จะเพิ่มพลังโจมตี 10 หน่วยอย่างถาวร"
  },
  "5": {
    "name": "ผลไม้ความแข็งแกร่งขั้นที่ 2",
    "itemid": 1024,
    "openlv": 50,
    "base": 10,
    "amend": 400,
    "hp": 0,
    "atk": 30,
    "def": 0,
    "atkspeed": 0,
    "desc": "เมื่อใช้ จะเพิ่มพลังโจมตี 30 หน่วยอย่างถาวร"
  },
  "6": {
    "name": "ผลไม้ความแข็งแกร่งขั้นที่ 3",
    "itemid": 1025,
    "openlv": 100,
    "base": 10,
    "amend": 800,
    "hp": 0,
    "atk": 100,
    "def": 0,
    "atkspeed": 0,
    "desc": "เมื่อใช้ จะเพิ่มพลังโจมตี 100 หน่วยอย่างถาวร"
  },
  "7": {
    "name": "ผลไม้กายภาพขั้นที่ 1",
    "itemid": 1026,
    "openlv": 1,
    "base": 10,
    "amend": 0,
    "hp": 0,
    "atk": 0,
    "def": 10,
    "atkspeed": 0,
    "desc": "เมื่อใช้ จะเพิ่มพลังป้องกัน 10 หน่วยอย่างถาวร"
  },
  "8": {
    "name": "ผลไม้กายภาพขั้นที่ 2",
    "itemid": 1027,
    "openlv": 50,
    "base": 10,
    "amend": 400,
    "hp": 0,
    "atk": 0,
    "def": 30,
    "atkspeed": 0,
    "desc": "เมื่อใช้ จะเพิ่มพลังป้องกัน 30 หน่วยอย่างถาวร"
  },
  "9": {
    "name": "ผลไม้กายภาพขั้นที่ 3",
    "itemid": 1028,
    "openlv": 100,
    "base": 10,
    "amend": 800,
    "hp": 0,
    "atk": 0,
    "def": 100,
    "atkspeed": 0,
    "desc": "เมื่อใช้ จะเพิ่มพลังป้องกัน 100 หน่วยอย่างถาวร"
  },
  "10": {
    "name": "ผลไม้ความว่องไวขั้นที่ 1",
    "itemid": 1029,
    "openlv": 1,
    "base": 10,
    "amend": 0,
    "hp": 0,
    "atk": 0,
    "def": 0,
    "atkspeed": 10,
    "desc": "เมื่อใช้ จะเพิ่มความเร็ว 10 หน่วยอย่างถาวร"
  },
  "11": {
    "name": "ผลไม้ความว่องไวขั้นที่ 2",
    "itemid": 1030,
    "openlv": 50,
    "base": 10,
    "amend": 400,
    "hp": 0,
    "atk": 0,
    "def": 0,
    "atkspeed": 30,
    "desc": "เมื่อใช้ จะเพิ่มความเร็ว 30 หน่วยอย่างถาวร"
  },
  "12": {
    "name": "ผลไม้ความว่องไวขั้นที่ 3",
    "itemid": 1031,
    "openlv": 100,
    "base": 10,
    "amend": 800,
    "hp": 0,
    "atk": 0,
    "def": 0,
    "atkspeed": 100,
    "desc": "เมื่อใช้ จะเพิ่มความเร็ว 100 หน่วยอย่างถาวร"
  }
}