{
    "10": {
        "drop": [
            8001
        ],
        "drop2": [
            8101
        ]
    },
    "20": {
        "drop": [
            8002
        ],
        "drop2": [
            8102
        ]
    },
    "30": {
        "drop": [
            8003
        ],
        "drop2": [
            8103
        ]
    },
    "40": {
        "drop": [
            8004
        ],
        "drop2": [
            8104
        ]
    },
    "50": {
        "drop": [
            8005
        ],
        "drop2": [
            8105
        ]
    },
    "60": {
        "drop": [
            8006
        ],
        "drop2": [
            8106
        ]
    },
    "70": {
        "drop": [
            8007
        ],
        "drop2": [
            8107
        ]
    },
    "75": {
        "drop": [
            8008
        ],
        "drop2": [
            8108
        ]
    },
    "80": {
        "drop": [
            8009
        ],
        "drop2": [
            8109
        ]
    },
    "85": {
        "drop": [
            8010
        ],
        "drop2": [
            8110
        ]
    },
    "90": {
        "drop": [
            8011
        ],
        "drop2": [
            8111
        ]
    },
    "92": {
        "drop": [
            8012
        ],
        "drop2": [
            8112
        ]
    },
    "94": {
        "drop": [
            8013
        ],
        "drop2": [
            8113
        ]
    },
    "96": {
        "drop": [
            8014
        ],
        "drop2": [
            8114
        ]
    },
    "98": {
        "drop": [
            8015
        ],
        "drop2": [
            8115
        ]
    },
    "100": {
        "drop": [
            8016
        ],
        "drop2": [
            8116
        ]
    }
}