{
    "2": {
        "drop": [
            8201
        ],
        "drop2": [
            8301
        ]
    },
    "4": {
        "drop": [
            8202
        ],
        "drop2": [
            8302
        ]
    },
    "6": {
        "drop": [
            8203
        ],
        "drop2": [
            8303
        ]
    },
    "7": {
        "drop": [
            8204
        ],
        "drop2": [
            8304
        ]
    },
    "8": {
        "drop": [
            8205
        ],
        "drop2": [
            8305
        ]
    },
    "9": {
        "drop": [
            8206
        ],
        "drop2": [
            8306
        ]
    },
    "10": {
        "drop": [
            8207
        ],
        "drop2": [
            8307
        ]
    },
    "11": {
        "drop": [
            8208
        ],
        "drop2": [
            8308
        ]
    },
    "12": {
        "drop": [
            8209
        ],
        "drop2": [
            8309
        ]
    },
    "13": {
        "drop": [
            8210
        ],
        "drop2": [
            8310
        ]
    },
    "14": {
        "drop": [
            8211
        ],
        "drop2": [
            8311
        ]
    },
    "15": {
        "drop": [
            8212
        ],
        "drop2": [
            8312
        ]
    },
    "16": {
        "drop": [
            8213
        ],
        "drop2": [
            8313
        ]
    },
    "17": {
        "drop": [
            8214
        ],
        "drop2": [
            8314
        ]
    },
    "18": {
        "drop": [
            8215
        ],
        "drop2": [
            8315
        ]
    },
    "19": {
        "drop": [
            8216
        ],
        "drop2": [
            8316
        ]
    },
    "20": {
        "drop": [
            8217
        ],
        "drop2": [
            8317
        ]
    }
}