{
  "0": {
    "strKey": "N",
    "name": "คุณสมบัติไม่ถูกต้อง",
    "per_unit": "1",
    "zhanli": 0,
    "rate": "0",
    "effect": "0",
    "desc": "คำอธิบาย: คุณสมบัติไม่ถูกต้อง"
  },
  "1": {
    "strKey": "curhp",
    "name": "พลังชีวิตปัจจุบัน",
    "per_unit": "1",
    "zhanli": 0,
    "rate": "0",
    "effect": "0",
    "desc": "คำอธิบาย: พลังชีวิตปัจจุบัน"
  },
  "2": {
    "strKey": "hp",
    "name": "ขีดจำกัดพลังชีวิตสูงสุด",
    "per_unit": "1",
    "zhanli": 1,
    "rate": "6",
    "effect": "0",
    "desc": "คำอธิบาย: ขีดจำกัดพลังชีวิตสูงสุด"
  },
  "3": {
    "strKey": "atk",
    "name": "พลังโจมตี",
    "per_unit": "1",
    "zhanli": 10,
    "rate": "7",
    "effect": "0",
    "desc": "คำอธิบาย: พลังโจมตี"
  },
  "4": {
    "strKey": "def",
    "name": "พลังป้องกัน",
    "per_unit": "1",
    "zhanli": 5,
    "rate": "8",
    "effect": "0",
    "desc": "คำอธิบาย: พลังป้องกัน"
  },
  "5": {
    "strKey": "atkspeed",
    "name": "ความเร็ว",
    "per_unit": "1",
    "zhanli": 2,
    "rate": "0",
    "effect": "0",
    "desc": "คำอธิบาย: ความเร็ว"
  },
  "6": {
    "strKey": "hp_rate",
    "name": "โบนัสพลังชีวิต",
    "per_unit": "10000",
    "zhanli": 0,
    "rate": "0",
    "effect": "2",
    "desc": "คำอธิบาย: โบนัสพลังชีวิต"
  },
  "7": {
    "strKey": "atk_rate",
    "name": "โบนัสพลังโจมตี",
    "per_unit": "10000",
    "zhanli": 0,
    "rate": "0",
    "effect": "3",
    "desc": "คำอธิบาย: โบนัสพลังโจมตี"
  },
  "8": {
    "strKey": "def_rate",
    "name": "โบนัสพลังป้องกัน",
    "per_unit": "10000",
    "zhanli": 0,
    "rate": "0",
    "effect": "4",
    "desc": "คำอธิบาย: โบนัสพลังป้องกัน"
  },
  "9": {
    "strKey": "atk_ratio",
    "name": "สัดส่วนพลังโจมตี",
    "per_unit": "10000",
    "zhanli": 0,
    "rate": "0",
    "effect": "0",
    "desc": "คำอธิบาย: สัดส่วนพลังโจมตี"
  },
  "10": {
    "strKey": "add_damage",
    "name": "ความเสียหายเพิ่มเติม",
    "per_unit": "1",
    "zhanli": 15,
    "rate": "0",
    "effect": "0",
    "desc": "คำอธิบาย: ความเสียหายเพิ่มเติม"
  },
  "11": {
    "strKey": "aktBack_pro",
    "name": "โอกาสโต้กลับ",
    "per_unit": "10000",
    "zhanli": 10,
    "rate": "0",
    "effect": "0",
    "desc": "คำอธิบาย: โอกาสโต้กลับ"
  },
  "12": {
    "strKey": "dec_atkBack_pro",
    "name": "เพิกเฉยการโต้กลับ",
    "per_unit": "10000",
    "zhanli": 5,
    "rate": "0",
    "effect": "0",
    "desc": "คำอธิบาย: เพิกเฉยการโต้กลับ"
  },
  "13": {
    "strKey": "aktBack_per",
    "name": "ค่าสัมประสิทธิ์ความเสียหายโต้กลับ",
    "per_unit": "10000",
    "zhanli": 0,
    "rate": "0",
    "effect": "0",
    "desc": "คำอธิบาย: ค่าสัมประสิทธิ์ความเสียหายโต้กลับ"
  },
  "14": {
    "strKey": "douleAtk_pro",
    "name": "โอกาสโจมตีต่อเนื่อง",
    "per_unit": "10000",
    "zhanli": 10,
    "rate": "0",
    "effect": "0",
    "desc": "คำอธิบาย: โอกาสโจมตีต่อเนื่อง"
  },
  "15": {
    "strKey": "dec_doubleAtk_pro",
    "name": "เพิกเฉยการโจมตีต่อเนื่อง",
    "per_unit": "10000",
    "zhanli": 5,
    "rate": "0",
    "effect": "0",
    "desc": "คำอธิบาย: เพิกเฉยการโจมตีต่อเนื่อง"
  },
  "16": {
    "strKey": "doubleAtk_per",
    "name": "ค่าสัมประสิทธิ์ความเสียหายต่อเนื่อง",
    "per_unit": "10000",
    "zhanli": 0,
    "rate": "0",
    "effect": "0",
    "desc": "คำอธิบาย: ค่าสัมประสิทธิ์ความเสียหายต่อเนื่อง"
  },
  "17": {
    "strKey": "miss",
    "name": "หลบหลีก",
    "per_unit": "10000",
    "zhanli": 10,
    "rate": "0",
    "effect": "0",
    "desc": "คำอธิบาย: หลบหลีก"
  },
  "18": {
    "strKey": "dec_miss",
    "name": "เพิกเฉยการหลบหลีก",
    "per_unit": "10000",
    "zhanli": 5,
    "rate": "0",
    "effect": "0",
    "desc": "คำอธิบาย: เพิกเฉยการหลบหลีก"
  },
  "19": {
    "strKey": "criticalAtk_pro",
    "name": "อัตราคริติคอล",
    "per_unit": "10000",
    "zhanli": 10,
    "rate": "0",
    "effect": "0",
    "desc": "คำอธิบาย: อัตราคริติคอล"
  },
  "20": {
    "strKey": "dec_criticalAtk_pro",
    "name": "เพิกเฉยคริติคอล",
    "per_unit": "10000",
    "zhanli": 5,
    "rate": "0",
    "effect": "0",
    "desc": "คำอธิบาย: เพิกเฉยคริติคอล"
  },
  "21": {
    "strKey": "criticalAtk_per",
    "name": "ค่าสัมประสิทธิ์ความเสียหายคริติคอล",
    "per_unit": "1",
    "zhanli": 10,
    "rate": "0",
    "effect": "0",
    "desc": "คำอธิบาย: ค่าสัมประสิทธิ์ความเสียหายคริติคอล"
  },
  "22": {
    "strKey": "add_criticalDamage",
    "name": "เพิ่มอัตราความเสียหายคริติคอล",
    "per_unit": "10000",
    "zhanli": 10,
    "rate": "0",
    "effect": "0",
    "desc": "คำอธิบาย: เพิ่มอัตราความเสียหายคริติคอล"
  },
  "23": {
    "strKey": "dec_criticalDamage",
    "name": "ลดทอนอัตราความเสียหายคริติคอล",
    "per_unit": "10000",
    "zhanli": 5,
    "rate": "0",
    "effect": "0",
    "desc": "คำอธิบาย: ลดทอนอัตราความเสียหายคริติคอล"
  },
  "24": {
    "strKey": "add_damage_rate",
    "name": "เพิ่มความเสียหาย",
    "per_unit": "10000",
    "zhanli": 20,
    "rate": "0",
    "effect": "0",
    "desc": "คำอธิบาย: เพิ่มความเสียหาย"
  },
  "25": {
    "strKey": "dec_damage_rate",
    "name": "ลดทอนความเสียหาย",
    "per_unit": "10000",
    "zhanli": 20,
    "rate": "0",
    "effect": "0",
    "desc": "คำอธิบาย: ลดทอนความเสียหาย"
  },
  "26": {
    "strKey": "add_askill_pro",
    "name": "เพิ่มโอกาสการใช้สกิลใช้งาน",
    "per_unit": "10000",
    "zhanli": 20,
    "rate": "0",
    "effect": "0",
    "desc": "คำอธิบาย: เพิ่มโอกาสการใช้สกิลใช้งาน"
  },
  "27": {
    "strKey": "add_apskill_pro",
    "name": "เพิ่มโอกาสการใช้สกิลไล่ล่า",
    "per_unit": "10000",
    "zhanli": 20,
    "rate": "0",
    "effect": "0",
    "desc": "คำอธิบาย: เพิ่มโอกาสการใช้สกิลไล่ล่า"
  },
  "28": {
    "strKey": "add_askill_dam",
    "name": "เพิ่มความเสียหายสกิลใช้งาน %",
    "per_unit": "10000",
    "zhanli": 15,
    "rate": "0",
    "effect": "0",
    "desc": "คำอธิบาย: เพิ่มความเสียหายสกิลใช้งาน %"
  },
  "29": {
    "strKey": "add_apskill_dam",
    "name": "เพิ่มความเสียหายสกิลไล่ล่า %",
    "per_unit": "10000",
    "zhanli": 15,
    "rate": "0",
    "effect": "0",
    "desc": "คำอธิบาย: เพิ่มความเสียหายสกิลไล่ล่า %"
  },
  "30": {
    "strKey": "add_hp_per",
    "name": "เพิ่มประสิทธิภาพการรักษา %",
    "per_unit": "10000",
    "zhanli": 10,
    "rate": "0",
    "effect": "0",
    "desc": "คำอธิบาย: เพิ่มประสิทธิภาพการรักษา %"
  }
}