{
    "0": {
        "title": "คุณสมบัติพื้นฐาน",
        "name": [
            2,
            3,
            4,
            5
        ]
    },
    "1": {
        "title": "คุณสมบัติการต่อสู้",
        "name": [
            11,
            14,
            17,
            19,
            22,
            24,
            30
        ]
    },
    "2": {
        "title": "คุณสมบัติต้านทาน",
        "name": [
            12,
            15,
            20,
            25,
            23,
            18
        ]
    },
    "3": {
        "title": "คุณสมบัติพิเศษ",
        "name": [
            6,
            7,
            8,
            13,
            16,
            21,
            26,
            27,
            28,
            29
        ]
    }
}