{
  "1": {
    "name": "บทที่ 1",
    "map_prefab": "level_chapter_1",
    "pic_ground": "1",
    "is_scrolling": 0
  },
  "2": {
    "name": "บทที่ 2",
    "map_prefab": "level_chapter_1",
    "pic_ground": "2",
    "is_scrolling": 0
  },
  "3": {
    "name": "บทที่ 3",
    "map_prefab": "level_chapter_1",
    "pic_ground": "3",
    "is_scrolling": 0
  },
  "4": {
    "name": "บทที่ 4",
    "map_prefab": "level_chapter_1",
    "pic_ground": "4",
    "is_scrolling": 0
  },
  "5": {
    "name": "บทที่ 5",
    "map_prefab": "level_chapter_1",
    "pic_ground": "5",
    "is_scrolling": 0
  },
  "6": {
    "name": "บทที่ 6",
    "map_prefab": "level_chapter_1",
    "pic_ground": "6",
    "is_scrolling": 0
  },
  "7": {
    "name": "บทที่ 7",
    "map_prefab": "level_chapter_1",
    "pic_ground": "7",
    "is_scrolling": 0
  },
  "8": {
    "name": "บทที่ 8",
    "map_prefab": "level_chapter_1",
    "pic_ground": "8",
    "is_scrolling": 0
  },
  "9": {
    "name": "บทที่ 9",
    "map_prefab": "level_chapter_1",
    "pic_ground": "9",
    "is_scrolling": 0
  },
  "10": {
    "name": "บทที่ 10",
    "map_prefab": "level_chapter_1",
    "pic_ground": "10",
    "is_scrolling": 0
  },
  "11": {
    "name": "บทที่ 11",
    "map_prefab": "level_chapter_1",
    "pic_ground": "1",
    "is_scrolling": 0
  },
  "12": {
    "name": "บทที่ 12",
    "map_prefab": "level_chapter_1",
    "pic_ground": "2",
    "is_scrolling": 0
  },
  "13": {
    "name": "บทที่ 13",
    "map_prefab": "level_chapter_1",
    "pic_ground": "3",
    "is_scrolling": 0
  },
  "14": {
    "name": "บทที่ 14",
    "map_prefab": "level_chapter_1",
    "pic_ground": "4",
    "is_scrolling": 0
  },
  "15": {
    "name": "บทที่ 15",
    "map_prefab": "level_chapter_1",
    "pic_ground": "5",
    "is_scrolling": 0
  },
  "16": {
    "name": "บทที่ 16",
    "map_prefab": "level_chapter_1",
    "pic_ground": "6",
    "is_scrolling": 0
  },
  "17": {
    "name": "บทที่ 17",
    "map_prefab": "level_chapter_1",
    "pic_ground": "7",
    "is_scrolling": 0
  },
  "18": {
    "name": "บทที่ 18",
    "map_prefab": "level_chapter_1",
    "pic_ground": "8",
    "is_scrolling": 0
  },
  "19": {
    "name": "บทที่ 19",
    "map_prefab": "level_chapter_1",
    "pic_ground": "9",
    "is_scrolling": 0
  },
  "20": {
    "name": "บทที่ 20",
    "map_prefab": "level_chapter_1",
    "pic_ground": "10",
    "is_scrolling": 0
  },
  "21": {
    "name": "บทที่ 21",
    "map_prefab": "level_chapter_1",
    "pic_ground": "1",
    "is_scrolling": 0
  },
  "22": {
    "name": "บทที่ 22",
    "map_prefab": "level_chapter_1",
    "pic_ground": "2",
    "is_scrolling": 0
  },
  "23": {
    "name": "บทที่ 23",
    "map_prefab": "level_chapter_1",
    "pic_ground": "3",
    "is_scrolling": 0
  },
  "24": {
    "name": "บทที่ 24",
    "map_prefab": "level_chapter_1",
    "pic_ground": "4",
    "is_scrolling": 0
  },
  "25": {
    "name": "บทที่ 25",
    "map_prefab": "level_chapter_1",
    "pic_ground": "5",
    "is_scrolling": 0
  },
  "26": {
    "name": "บทที่ 26",
    "map_prefab": "level_chapter_1",
    "pic_ground": "6",
    "is_scrolling": 0
  },
  "27": {
    "name": "บทที่ 27",
    "map_prefab": "level_chapter_1",
    "pic_ground": "7",
    "is_scrolling": 0
  },
  "28": {
    "name": "บทที่ 28",
    "map_prefab": "level_chapter_1",
    "pic_ground": "8",
    "is_scrolling": 0
  },
  "29": {
    "name": "บทที่ 29",
    "map_prefab": "level_chapter_1",
    "pic_ground": "9",
    "is_scrolling": 0
  },
  "30": {
    "name": "บทที่ 30",
    "map_prefab": "level_chapter_1",
    "pic_ground": "10",
    "is_scrolling": 0
  },
  "31": {
    "name": "บทที่ 31",
    "map_prefab": "level_chapter_1",
    "pic_ground": "1",
    "is_scrolling": 0
  },
  "32": {
    "name": "บทที่ 32",
    "map_prefab": "level_chapter_1",
    "pic_ground": "2",
    "is_scrolling": 0
  },
  "33": {
    "name": "บทที่ 33",
    "map_prefab": "level_chapter_1",
    "pic_ground": "3",
    "is_scrolling": 0
  },
  "34": {
    "name": "บทที่ 34",
    "map_prefab": "level_chapter_1",
    "pic_ground": "4",
    "is_scrolling": 0
  },
  "35": {
    "name": "บทที่ 35",
    "map_prefab": "level_chapter_1",
    "pic_ground": "5",
    "is_scrolling": 0
  },
  "36": {
    "name": "บทที่ 36",
    "map_prefab": "level_chapter_1",
    "pic_ground": "6",
    "is_scrolling": 0
  },
  "37": {
    "name": "บทที่ 37",
    "map_prefab": "level_chapter_1",
    "pic_ground": "7",
    "is_scrolling": 0
  },
  "38": {
    "name": "บทที่ 38",
    "map_prefab": "level_chapter_1",
    "pic_ground": "8",
    "is_scrolling": 0
  },
  "39": {
    "name": "บทที่ 39",
    "map_prefab": "level_chapter_1",
    "pic_ground": "9",
    "is_scrolling": 0
  },
  "40": {
    "name": "บทที่ 40",
    "map_prefab": "level_chapter_1",
    "pic_ground": "10",
    "is_scrolling": 0
  },
  "41": {
    "name": "บทที่ 41",
    "map_prefab": "level_chapter_1",
    "pic_ground": "1",
    "is_scrolling": 0
  },
  "42": {
    "name": "บทที่ 42",
    "map_prefab": "level_chapter_1",
    "pic_ground": "2",
    "is_scrolling": 0
  },
  "43": {
    "name": "บทที่ 43",
    "map_prefab": "level_chapter_1",
    "pic_ground": "3",
    "is_scrolling": 0
  },
  "44": {
    "name": "บทที่ 44",
    "map_prefab": "level_chapter_1",
    "pic_ground": "4",
    "is_scrolling": 0
  },
  "45": {
    "name": "บทที่ 45",
    "map_prefab": "level_chapter_1",
    "pic_ground": "5",
    "is_scrolling": 0
  },
  "46": {
    "name": "บทที่ 46",
    "map_prefab": "level_chapter_1",
    "pic_ground": "6",
    "is_scrolling": 0
  },
  "47": {
    "name": "บทที่ 47",
    "map_prefab": "level_chapter_1",
    "pic_ground": "7",
    "is_scrolling": 0
  },
  "48": {
    "name": "บทที่ 48",
    "map_prefab": "level_chapter_1",
    "pic_ground": "8",
    "is_scrolling": 0
  },
  "49": {
    "name": "บทที่ 49",
    "map_prefab": "level_chapter_1",
    "pic_ground": "9",
    "is_scrolling": 0
  },
  "50": {
    "name": "บทที่ 50",
    "map_prefab": "level_chapter_1",
    "pic_ground": "10",
    "is_scrolling": 0
  },
  "51": {
    "name": "บทที่ 51",
    "map_prefab": "level_chapter_1",
    "pic_ground": "1",
    "is_scrolling": 0
  },
  "52": {
    "name": "บทที่ 52",
    "map_prefab": "level_chapter_1",
    "pic_ground": "2",
    "is_scrolling": 0
  },
  "53": {
    "name": "บทที่ 53",
    "map_prefab": "level_chapter_1",
    "pic_ground": "3",
    "is_scrolling": 0
  },
  "54": {
    "name": "บทที่ 54",
    "map_prefab": "level_chapter_1",
    "pic_ground": "4",
    "is_scrolling": 0
  },
  "55": {
    "name": "บทที่ 55",
    "map_prefab": "level_chapter_1",
    "pic_ground": "5",
    "is_scrolling": 0
  },
  "56": {
    "name": "บทที่ 56",
    "map_prefab": "level_chapter_1",
    "pic_ground": "6",
    "is_scrolling": 0
  },
  "57": {
    "name": "บทที่ 57",
    "map_prefab": "level_chapter_1",
    "pic_ground": "7",
    "is_scrolling": 0
  },
  "58": {
    "name": "บทที่ 58",
    "map_prefab": "level_chapter_1",
    "pic_ground": "8",
    "is_scrolling": 0
  },
  "59": {
    "name": "บทที่ 59",
    "map_prefab": "level_chapter_1",
    "pic_ground": "9",
    "is_scrolling": 0
  },
  "60": {
    "name": "บทที่ 60",
    "map_prefab": "level_chapter_1",
    "pic_ground": "10",
    "is_scrolling": 0
  },
  "61": {
    "name": "บทที่ 61",
    "map_prefab": "level_chapter_1",
    "pic_ground": "1",
    "is_scrolling": 0
  },
  "62": {
    "name": "บทที่ 62",
    "map_prefab": "level_chapter_1",
    "pic_ground": "2",
    "is_scrolling": 0
  },
  "63": {
    "name": "บทที่ 63",
    "map_prefab": "level_chapter_1",
    "pic_ground": "3",
    "is_scrolling": 0
  },
  "64": {
    "name": "บทที่ 64",
    "map_prefab": "level_chapter_1",
    "pic_ground": "4",
    "is_scrolling": 0
  },
  "65": {
    "name": "บทที่ 65",
    "map_prefab": "level_chapter_1",
    "pic_ground": "5",
    "is_scrolling": 0
  },
  "66": {
    "name": "บทที่ 66",
    "map_prefab": "level_chapter_1",
    "pic_ground": "6",
    "is_scrolling": 0
  },
  "67": {
    "name": "บทที่ 67",
    "map_prefab": "level_chapter_1",
    "pic_ground": "7",
    "is_scrolling": 0
  },
  "68": {
    "name": "บทที่ 68",
    "map_prefab": "level_chapter_1",
    "pic_ground": "8",
    "is_scrolling": 0
  },
  "69": {
    "name": "บทที่ 69",
    "map_prefab": "level_chapter_1",
    "pic_ground": "9",
    "is_scrolling": 0
  },
  "70": {
    "name": "บทที่ 70",
    "map_prefab": "level_chapter_1",
    "pic_ground": "10",
    "is_scrolling": 0
  },
  "71": {
    "name": "บทที่ 71",
    "map_prefab": "level_chapter_1",
    "pic_ground": "1",
    "is_scrolling": 0
  },
  "72": {
    "name": "บทที่ 72",
    "map_prefab": "level_chapter_1",
    "pic_ground": "2",
    "is_scrolling": 0
  },
  "73": {
    "name": "บทที่ 73",
    "map_prefab": "level_chapter_1",
    "pic_ground": "3",
    "is_scrolling": 0
  },
  "74": {
    "name": "บทที่ 74",
    "map_prefab": "level_chapter_1",
    "pic_ground": "4",
    "is_scrolling": 0
  },
  "75": {
    "name": "บทที่ 75",
    "map_prefab": "level_chapter_1",
    "pic_ground": "5",
    "is_scrolling": 0
  },
  "76": {
    "name": "บทที่ 76",
    "map_prefab": "level_chapter_1",
    "pic_ground": "6",
    "is_scrolling": 0
  },
  "77": {
    "name": "บทที่ 77",
    "map_prefab": "level_chapter_1",
    "pic_ground": "7",
    "is_scrolling": 0
  },
  "78": {
    "name": "บทที่ 78",
    "map_prefab": "level_chapter_1",
    "pic_ground": "8",
    "is_scrolling": 0
  },
  "79": {
    "name": "บทที่ 79",
    "map_prefab": "level_chapter_1",
    "pic_ground": "9",
    "is_scrolling": 0
  },
  "80": {
    "name": "บทที่ 80",
    "map_prefab": "level_chapter_1",
    "pic_ground": "10",
    "is_scrolling": 0
  },
  "81": {
    "name": "บทที่ 81",
    "map_prefab": "level_chapter_1",
    "pic_ground": "1",
    "is_scrolling": 0
  },
  "82": {
    "name": "บทที่ 82",
    "map_prefab": "level_chapter_1",
    "pic_ground": "2",
    "is_scrolling": 0
  },
  "83": {
    "name": "บทที่ 83",
    "map_prefab": "level_chapter_1",
    "pic_ground": "3",
    "is_scrolling": 0
  },
  "84": {
    "name": "บทที่ 84",
    "map_prefab": "level_chapter_1",
    "pic_ground": "4",
    "is_scrolling": 0
  },
  "85": {
    "name": "บทที่ 85",
    "map_prefab": "level_chapter_1",
    "pic_ground": "5",
    "is_scrolling": 0
  },
  "86": {
    "name": "บทที่ 86",
    "map_prefab": "level_chapter_1",
    "pic_ground": "6",
    "is_scrolling": 0
  },
  "87": {
    "name": "บทที่ 87",
    "map_prefab": "level_chapter_1",
    "pic_ground": "7",
    "is_scrolling": 0
  },
  "88": {
    "name": "บทที่ 88",
    "map_prefab": "level_chapter_1",
    "pic_ground": "8",
    "is_scrolling": 0
  },
  "89": {
    "name": "บทที่ 89",
    "map_prefab": "level_chapter_1",
    "pic_ground": "9",
    "is_scrolling": 0
  },
  "90": {
    "name": "บทที่ 90",
    "map_prefab": "level_chapter_1",
    "pic_ground": "10",
    "is_scrolling": 0
  },
  "91": {
    "name": "บทที่ 91",
    "map_prefab": "level_chapter_1",
    "pic_ground": "1",
    "is_scrolling": 0
  },
  "92": {
    "name": "บทที่ 92",
    "map_prefab": "level_chapter_1",
    "pic_ground": "2",
    "is_scrolling": 0
  },
  "93": {
    "name": "บทที่ 93",
    "map_prefab": "level_chapter_1",
    "pic_ground": "3",
    "is_scrolling": 0
  },
  "94": {
    "name": "บทที่ 94",
    "map_prefab": "level_chapter_1",
    "pic_ground": "4",
    "is_scrolling": 0
  },
  "95": {
    "name": "บทที่ 95",
    "map_prefab": "level_chapter_1",
    "pic_ground": "5",
    "is_scrolling": 0
  },
  "96": {
    "name": "บทที่ 96",
    "map_prefab": "level_chapter_1",
    "pic_ground": "6",
    "is_scrolling": 0
  },
  "97": {
    "name": "บทที่ 97",
    "map_prefab": "level_chapter_1",
    "pic_ground": "7",
    "is_scrolling": 0
  },
  "98": {
    "name": "บทที่ 98",
    "map_prefab": "level_chapter_1",
    "pic_ground": "8",
    "is_scrolling": 0
  },
  "99": {
    "name": "บทที่ 99",
    "map_prefab": "level_chapter_1",
    "pic_ground": "9",
    "is_scrolling": 0
  },
  "100": {
    "name": "บทที่ 100",
    "map_prefab": "level_chapter_1",
    "pic_ground": "10",
    "is_scrolling": 0
  },
  "10001": {
    "name": "ด่านชั้นยอด",
    "pic_ground": "img_dtcj",
    "pic_sky": "img_lantian",
    "is_scrolling": 0
  },
  "10002": {
    "name": "ถ้ำมังกรขุมนรก",
    "pic_ground": "img_dtcj",
    "pic_sky": "img_lantian",
    "is_scrolling": 0
  },
  "10005": {
    "name": "แผนที่ห้วงมาร",
    "pic_ground": "img_dtcj",
    "pic_sky": "img_lantian",
    "is_scrolling": 1
  }
}