{
    "1": {
        "up_item": 1001,
        "up_price": 150,
        "up_num": 5,
        "up_cd": 300,
        "spe_count": 10,
        "spe_quality": 3,
        "quality_1": 8900,
        "quality_2": 1000,
        "quality_3": 100,
        "quality_4": 0,
        "quality_5": 0,
        "quality_6": 0,
        "quality_7": 0,
        "quality_8": 0,
        "quality_9": 0,
        "scene_level": 0
    },
    "2": {
        "up_item": 1001,
        "up_price": 300,
        "up_num": 5,
        "up_cd": 1800,
        "spe_count": 50,
        "spe_quality": 4,
        "quality_1": 7900,
        "quality_2": 1800,
        "quality_3": 280,
        "quality_4": 20,
        "quality_5": 0,
        "quality_6": 0,
        "quality_7": 0,
        "quality_8": 0,
        "quality_9": 0,
        "scene_level": 0
    },
    "3": {
        "up_item": 1001,
        "up_price": 1000,
        "up_num": 5,
        "up_cd": 3600,
        "spe_count": 100,
        "spe_quality": 4,
        "quality_1": 7200,
        "quality_2": 2200,
        "quality_3": 540,
        "quality_4": 60,
        "quality_5": 0,
        "quality_6": 0,
        "quality_7": 0,
        "quality_8": 0,
        "quality_9": 0,
        "scene_level": 0
    },
    "4": {
        "up_item": 1001,
        "up_price": 2500,
        "up_num": 5,
        "up_cd": 7200,
        "spe_count": 150,
        "spe_quality": 5,
        "quality_1": 6600,
        "quality_2": 2600,
        "quality_3": 700,
        "quality_4": 90,
        "quality_5": 10,
        "quality_6": 0,
        "quality_7": 0,
        "quality_8": 0,
        "quality_9": 0,
        "scene_level": 0
    },
    "5": {
        "up_item": 1001,
        "up_price": 5000,
        "up_num": 5,
        "up_cd": 14400,
        "spe_count": 250,
        "spe_quality": 5,
        "quality_1": 5800,
        "quality_2": 3000,
        "quality_3": 1000,
        "quality_4": 180,
        "quality_5": 20,
        "quality_6": 0,
        "quality_7": 0,
        "quality_8": 0,
        "quality_9": 0,
        "scene_level": 1
    },
    "6": {
        "up_item": 1001,
        "up_price": 10000,
        "up_num": 5,
        "up_cd": 28800,
        "spe_count": 500,
        "spe_quality": 6,
        "quality_1": 5100,
        "quality_2": 3300,
        "quality_3": 1300,
        "quality_4": 260,
        "quality_5": 36,
        "quality_6": 4,
        "quality_7": 0,
        "quality_8": 0,
        "quality_9": 0,
        "scene_level": 1
    },
    "7": {
        "up_item": 1001,
        "up_price": 15000,
        "up_num": 5,
        "up_cd": 43200,
        "spe_count": 500,
        "spe_quality": 6,
        "quality_1": 4400,
        "quality_2": 3600,
        "quality_3": 1600,
        "quality_4": 320,
        "quality_5": 72,
        "quality_6": 8,
        "quality_7": 0,
        "quality_8": 0,
        "quality_9": 0,
        "scene_level": 1
    },
    "8": {
        "up_item": 1001,
        "up_price": 20000,
        "up_num": 5,
        "up_cd": 64800,
        "spe_count": 500,
        "spe_quality": 7,
        "quality_1": 3600,
        "quality_2": 3900,
        "quality_3": 1900,
        "quality_4": 460,
        "quality_5": 122,
        "quality_6": 16,
        "quality_7": 2,
        "quality_8": 0,
        "quality_9": 0,
        "scene_level": 2
    },
    "9": {
        "up_item": 1001,
        "up_price": 25000,
        "up_num": 5,
        "up_cd": 86400,
        "spe_count": 500,
        "spe_quality": 7,
        "quality_1": 2900,
        "quality_2": 4000,
        "quality_3": 2200,
        "quality_4": 670,
        "quality_5": 194,
        "quality_6": 32,
        "quality_7": 4,
        "quality_8": 0,
        "quality_9": 0,
        "scene_level": 2
    },
    "10": {
        "up_item": 1001,
        "up_price": 30000,
        "up_num": 5,
        "up_cd": 129600,
        "spe_count": 500,
        "spe_quality": 8,
        "quality_1": 2200,
        "quality_2": 4100,
        "quality_3": 2500,
        "quality_4": 880,
        "quality_5": 265,
        "quality_6": 48,
        "quality_7": 8,
        "quality_8": 1,
        "quality_9": 0,
        "scene_level": 2
    },
    "11": {
        "up_item": 1001,
        "up_price": 40000,
        "up_num": 5,
        "up_cd": 172800,
        "spe_count": 500,
        "spe_quality": 8,
        "quality_1": 1000,
        "quality_2": 4700,
        "quality_3": 2800,
        "quality_4": 1086,
        "quality_5": 336,
        "quality_6": 64,
        "quality_7": 12,
        "quality_8": 2,
        "quality_9": 0,
        "scene_level": 3
    },
    "12": {
        "up_item": 1001,
        "up_price": 50000,
        "up_num": 5,
        "up_cd": 216000,
        "spe_count": 500,
        "spe_quality": 9,
        "quality_1": 0,
        "quality_2": 5140,
        "quality_3": 3000,
        "quality_4": 1307,
        "quality_5": 450,
        "quality_6": 80,
        "quality_7": 18,
        "quality_8": 4,
        "quality_9": 1,
        "scene_level": 3
    },
    "13": {
        "up_item": 1001,
        "up_price": 60000,
        "up_num": 5,
        "up_cd": 259200,
        "spe_count": 500,
        "spe_quality": 9,
        "quality_1": 0,
        "quality_2": 4656,
        "quality_3": 3200,
        "quality_4": 1510,
        "quality_5": 500,
        "quality_6": 96,
        "quality_7": 28,
        "quality_8": 8,
        "quality_9": 2,
        "scene_level": 4
    },
    "14": {
        "up_item": 1001,
        "up_price": 80000,
        "up_num": 5,
        "up_cd": 302400,
        "spe_count": 500,
        "spe_quality": 9,
        "quality_1": 0,
        "quality_2": 3911,
        "quality_3": 3600,
        "quality_4": 1720,
        "quality_5": 600,
        "quality_6": 112,
        "quality_7": 42,
        "quality_8": 12,
        "quality_9": 3,
        "scene_level": 4
    },
    "15": {
        "up_item": 1001,
        "up_price": 100000,
        "up_num": 5,
        "up_cd": 345600,
        "spe_count": 500,
        "spe_quality": 9,
        "quality_1": 0,
        "quality_2": 3162,
        "quality_3": 4000,
        "quality_4": 1930,
        "quality_5": 700,
        "quality_6": 128,
        "quality_7": 60,
        "quality_8": 16,
        "quality_9": 4,
        "scene_level": 5
    },
    "16": {
        "up_item": 1001,
        "up_price": 120000,
        "up_num": 5,
        "up_cd": 388800,
        "spe_count": 500,
        "spe_quality": 9,
        "quality_1": 0,
        "quality_2": 2393,
        "quality_3": 4400,
        "quality_4": 2140,
        "quality_5": 800,
        "quality_6": 160,
        "quality_7": 82,
        "quality_8": 20,
        "quality_9": 5,
        "scene_level": 5
    },
    "17": {
        "up_item": 1001,
        "up_price": 150000,
        "up_num": 5,
        "up_cd": 432000,
        "spe_count": 500,
        "spe_quality": 9,
        "quality_1": 0,
        "quality_2": 1504,
        "quality_3": 4800,
        "quality_4": 2350,
        "quality_5": 1000,
        "quality_6": 208,
        "quality_7": 108,
        "quality_8": 24,
        "quality_9": 6,
        "scene_level": 5
    },
    "18": {
        "up_item": 1001,
        "up_price": 180000,
        "up_num": 5,
        "up_cd": 475200,
        "spe_count": 500,
        "spe_quality": 9,
        "quality_1": 0,
        "quality_2": 597,
        "quality_3": 5200,
        "quality_4": 2560,
        "quality_5": 1200,
        "quality_6": 272,
        "quality_7": 136,
        "quality_8": 28,
        "quality_9": 7,
        "scene_level": 5
    },
    "19": {
        "up_item": 1001,
        "up_price": 210000,
        "up_num": 5,
        "up_cd": 518400,
        "spe_count": 500,
        "spe_quality": 9,
        "quality_1": 0,
        "quality_2": 572,
        "quality_3": 4700,
        "quality_4": 2770,
        "quality_5": 1400,
        "quality_6": 352,
        "quality_7": 166,
        "quality_8": 32,
        "quality_9": 8,
        "scene_level": 5
    },
    "20": {
        "up_item": 1001,
        "up_price": 240000,
        "up_num": 5,
        "up_cd": 561600,
        "spe_count": 500,
        "spe_quality": 9,
        "quality_1": 0,
        "quality_2": 529,
        "quality_3": 4200,
        "quality_4": 2980,
        "quality_5": 1600,
        "quality_6": 448,
        "quality_7": 198,
        "quality_8": 36,
        "quality_9": 9,
        "scene_level": 5
    },
    "21": {
        "up_item": 1001,
        "up_price": 280000,
        "up_num": 5,
        "up_cd": 604800,
        "spe_count": 500,
        "spe_quality": 9,
        "quality_1": 0,
        "quality_2": 468,
        "quality_3": 3700,
        "quality_4": 3190,
        "quality_5": 1800,
        "quality_6": 560,
        "quality_7": 232,
        "quality_8": 40,
        "quality_9": 10,
        "scene_level": 5
    },
    "22": {
        "up_item": 1001,
        "up_price": 320000,
        "up_num": 5,
        "up_cd": 648000,
        "spe_count": 500,
        "spe_quality": 9,
        "quality_1": 0,
        "quality_2": 386,
        "quality_3": 3200,
        "quality_4": 3400,
        "quality_5": 2000,
        "quality_6": 688,
        "quality_7": 268,
        "quality_8": 46,
        "quality_9": 12,
        "scene_level": 5
    },
    "23": {
        "up_item": 1001,
        "up_price": 360000,
        "up_num": 5,
        "up_cd": 691200,
        "spe_count": 500,
        "spe_quality": 9,
        "quality_1": 0,
        "quality_2": 446,
        "quality_3": 2700,
        "quality_4": 3450,
        "quality_5": 2200,
        "quality_6": 832,
        "quality_7": 306,
        "quality_8": 52,
        "quality_9": 14,
        "scene_level": 5
    },
    "24": {
        "up_item": 1001,
        "up_price": 400000,
        "up_num": 5,
        "up_cd": 734400,
        "spe_count": 500,
        "spe_quality": 9,
        "quality_1": 0,
        "quality_2": 480,
        "quality_3": 2200,
        "quality_4": 3500,
        "quality_5": 2400,
        "quality_6": 1000,
        "quality_7": 346,
        "quality_8": 58,
        "quality_9": 16,
        "scene_level": 5
    },
    "25": {
        "up_item": 1001,
        "up_price": 500000,
        "up_num": 5,
        "up_cd": 777600,
        "spe_count": 500,
        "spe_quality": 9,
        "quality_1": 0,
        "quality_2": 480,
        "quality_3": 1700,
        "quality_4": 3550,
        "quality_5": 2600,
        "quality_6": 1200,
        "quality_7": 388,
        "quality_8": 64,
        "quality_9": 18,
        "scene_level": 5
    },
    "26": {
        "up_item": 1001,
        "up_price": 600000,
        "up_num": 5,
        "up_cd": 820800,
        "spe_count": 500,
        "spe_quality": 9,
        "quality_1": 0,
        "quality_2": 478,
        "quality_3": 1200,
        "quality_4": 3600,
        "quality_5": 2800,
        "quality_6": 1400,
        "quality_7": 432,
        "quality_8": 70,
        "quality_9": 20,
        "scene_level": 5
    },
    "27": {
        "up_item": 1001,
        "up_price": 700000,
        "up_num": 5,
        "up_cd": 864000,
        "spe_count": 500,
        "spe_quality": 9,
        "quality_1": 0,
        "quality_2": 320,
        "quality_3": 800,
        "quality_4": 3700,
        "quality_5": 3000,
        "quality_6": 1600,
        "quality_7": 471,
        "quality_8": 86,
        "quality_9": 23,
        "scene_level": 5
    },
    "28": {
        "up_item": 1001,
        "up_price": 800000,
        "up_num": 5,
        "up_cd": 907200,
        "spe_count": 500,
        "spe_quality": 9,
        "quality_1": 0,
        "quality_2": 0,
        "quality_3": 750,
        "quality_4": 3600,
        "quality_5": 3200,
        "quality_6": 1800,
        "quality_7": 507,
        "quality_8": 110,
        "quality_9": 33,
        "scene_level": 5
    },
    "29": {
        "up_item": 1001,
        "up_price": 900000,
        "up_num": 5,
        "up_cd": 950400,
        "spe_count": 500,
        "spe_quality": 9,
        "quality_1": 0,
        "quality_2": 0,
        "quality_3": 700,
        "quality_4": 3400,
        "quality_5": 3300,
        "quality_6": 1900,
        "quality_7": 523,
        "quality_8": 134,
        "quality_9": 43,
        "scene_level": 5
    },
    "30": {
        "up_item": 1001,
        "up_price": 1000000,
        "up_num": 5,
        "up_cd": 993600,
        "spe_count": 500,
        "spe_quality": 9,
        "quality_1": 0,
        "quality_2": 0,
        "quality_3": 650,
        "quality_4": 3200,
        "quality_5": 3400,
        "quality_6": 2000,
        "quality_7": 539,
        "quality_8": 158,
        "quality_9": 53,
        "scene_level": 5
    }
}