{"1001":{"rolltype":1,"attr":[{"i":11,"v":300},{"i":14,"v":300},{"i":17,"v":300},{"i":19,"v":300},{"i":28,"v":300},{"i":29,"v":300}]},"1002":{"rolltype":1,"attr":[{"i":11,"v":350},{"i":14,"v":350},{"i":17,"v":350},{"i":19,"v":350},{"i":28,"v":350},{"i":29,"v":350}]},"1003":{"rolltype":1,"attr":[{"i":11,"v":400},{"i":14,"v":400},{"i":17,"v":400},{"i":19,"v":400},{"i":28,"v":400},{"i":29,"v":400}]},"1004":{"rolltype":1,"attr":[{"i":11,"v":450},{"i":14,"v":450},{"i":17,"v":450},{"i":19,"v":450},{"i":28,"v":450},{"i":29,"v":450}]},"1005":{"rolltype":1,"attr":[{"i":11,"v":500},{"i":14,"v":500},{"i":17,"v":500},{"i":19,"v":500},{"i":28,"v":500},{"i":29,"v":500}]},"1006":{"rolltype":1,"attr":[{"i":11,"v":600},{"i":14,"v":600},{"i":17,"v":600},{"i":19,"v":600},{"i":28,"v":600},{"i":29,"v":600}]},"1007":{"rolltype":1,"attr":[{"i":11,"v":700},{"i":14,"v":700},{"i":17,"v":700},{"i":19,"v":700},{"i":28,"v":700},{"i":29,"v":700}]},"1008":{"rolltype":1,"attr":[{"i":11,"v":800},{"i":14,"v":800},{"i":17,"v":800},{"i":19,"v":800},{"i":28,"v":800},{"i":29,"v":800}]},"1009":{"rolltype":1,"attr":[{"i":11,"v":900},{"i":14,"v":900},{"i":17,"v":900},{"i":19,"v":900},{"i":28,"v":900},{"i":29,"v":900}]},"1010":{"rolltype":1,"attr":[{"i":11,"v":1000},{"i":14,"v":1000},{"i":17,"v":1000},{"i":19,"v":1000},{"i":28,"v":1000},{"i":29,"v":1000}]},"1011":{"rolltype":1,"attr":[{"i":11,"v":1100},{"i":14,"v":1100},{"i":17,"v":1100},{"i":19,"v":1100},{"i":28,"v":1100},{"i":29,"v":1100}]},"1012":{"rolltype":1,"attr":[{"i":11,"v":1200},{"i":14,"v":1200},{"i":17,"v":1200},{"i":19,"v":1200},{"i":28,"v":1200},{"i":29,"v":1200}]},"1013":{"rolltype":1,"attr":[{"i":11,"v":1250},{"i":14,"v":1250},{"i":17,"v":1250},{"i":19,"v":1250},{"i":28,"v":1250},{"i":29,"v":1250}]},"1014":{"rolltype":1,"attr":[{"i":11,"v":1300},{"i":14,"v":1300},{"i":17,"v":1300},{"i":19,"v":1300},{"i":28,"v":1300},{"i":29,"v":1300}]},"1015":{"rolltype":1,"attr":[{"i":11,"v":1350},{"i":14,"v":1350},{"i":17,"v":1350},{"i":19,"v":1350},{"i":28,"v":1350},{"i":29,"v":1350}]},"1016":{"rolltype":1,"attr":[{"i":11,"v":1400},{"i":14,"v":1400},{"i":17,"v":1400},{"i":19,"v":1400},{"i":28,"v":1400},{"i":29,"v":1400}]},"1017":{"rolltype":1,"attr":[{"i":11,"v":1450},{"i":14,"v":1450},{"i":17,"v":1450},{"i":19,"v":1450},{"i":28,"v":1450},{"i":29,"v":1450}]},"1018":{"rolltype":1,"attr":[{"i":11,"v":1500},{"i":14,"v":1500},{"i":17,"v":1500},{"i":19,"v":1500},{"i":28,"v":1500},{"i":29,"v":1500}]},"1019":{"rolltype":1,"attr":[{"i":11,"v":1550},{"i":14,"v":1550},{"i":17,"v":1550},{"i":19,"v":1550},{"i":28,"v":1550},{"i":29,"v":1550}]},"1020":{"rolltype":1,"attr":[{"i":11,"v":1600},{"i":14,"v":1600},{"i":17,"v":1600},{"i":19,"v":1600},{"i":28,"v":1600},{"i":29,"v":1600}]},"2001":{"rolltype":1,"attr":[{"i":12,"v":200},{"i":15,"v":200},{"i":18,"v":200},{"i":20,"v":200},{"i":30,"v":200},{"i":25,"v":200}]},"2002":{"rolltype":1,"attr":[{"i":12,"v":250},{"i":15,"v":250},{"i":18,"v":250},{"i":20,"v":250},{"i":30,"v":250},{"i":25,"v":250}]},"2003":{"rolltype":1,"attr":[{"i":12,"v":300},{"i":15,"v":300},{"i":18,"v":300},{"i":20,"v":300},{"i":30,"v":300},{"i":25,"v":300}]},"2004":{"rolltype":1,"attr":[{"i":12,"v":350},{"i":15,"v":350},{"i":18,"v":350},{"i":20,"v":350},{"i":30,"v":350},{"i":25,"v":350}]},"2005":{"rolltype":1,"attr":[{"i":12,"v":400},{"i":15,"v":400},{"i":18,"v":400},{"i":20,"v":400},{"i":30,"v":400},{"i":25,"v":400}]},"2006":{"rolltype":1,"attr":[{"i":12,"v":500},{"i":15,"v":500},{"i":18,"v":500},{"i":20,"v":500},{"i":30,"v":500},{"i":25,"v":500}]},"2007":{"rolltype":1,"attr":[{"i":12,"v":600},{"i":15,"v":600},{"i":18,"v":600},{"i":20,"v":600},{"i":30,"v":600},{"i":25,"v":600}]},"2008":{"rolltype":1,"attr":[{"i":12,"v":700},{"i":15,"v":700},{"i":18,"v":700},{"i":20,"v":700},{"i":30,"v":700},{"i":25,"v":700}]},"2009":{"rolltype":1,"attr":[{"i":12,"v":800},{"i":15,"v":800},{"i":18,"v":800},{"i":20,"v":800},{"i":30,"v":800},{"i":25,"v":800}]},"2010":{"rolltype":1,"attr":[{"i":12,"v":900},{"i":15,"v":900},{"i":18,"v":900},{"i":20,"v":900},{"i":30,"v":900},{"i":25,"v":900}]},"2011":{"rolltype":1,"attr":[{"i":12,"v":1000},{"i":15,"v":1000},{"i":18,"v":1000},{"i":20,"v":1000},{"i":30,"v":1000},{"i":25,"v":1000}]},"2012":{"rolltype":1,"attr":[{"i":12,"v":1100},{"i":15,"v":1100},{"i":18,"v":1100},{"i":20,"v":1100},{"i":30,"v":1100},{"i":25,"v":1100}]},"2013":{"rolltype":1,"attr":[{"i":12,"v":1150},{"i":15,"v":1150},{"i":18,"v":1150},{"i":20,"v":1150},{"i":30,"v":1150},{"i":25,"v":1150}]},"2014":{"rolltype":1,"attr":[{"i":12,"v":1200},{"i":15,"v":1200},{"i":18,"v":1200},{"i":20,"v":1200},{"i":30,"v":1200},{"i":25,"v":1200}]},"2015":{"rolltype":1,"attr":[{"i":12,"v":1250},{"i":15,"v":1250},{"i":18,"v":1250},{"i":20,"v":1250},{"i":30,"v":1250},{"i":25,"v":1250}]},"2016":{"rolltype":1,"attr":[{"i":12,"v":1300},{"i":15,"v":1300},{"i":18,"v":1300},{"i":20,"v":1300},{"i":30,"v":1300},{"i":25,"v":1300}]},"2017":{"rolltype":1,"attr":[{"i":12,"v":1350},{"i":15,"v":1350},{"i":18,"v":1350},{"i":20,"v":1350},{"i":30,"v":1350},{"i":25,"v":1350}]},"2018":{"rolltype":1,"attr":[{"i":12,"v":1400},{"i":15,"v":1400},{"i":18,"v":1400},{"i":20,"v":1400},{"i":30,"v":1400},{"i":25,"v":1400}]},"2019":{"rolltype":1,"attr":[{"i":12,"v":1450},{"i":15,"v":1450},{"i":18,"v":1450},{"i":20,"v":1450},{"i":30,"v":1450},{"i":25,"v":1450}]},"2020":{"rolltype":1,"attr":[{"i":12,"v":1500},{"i":15,"v":1500},{"i":18,"v":1500},{"i":20,"v":1500},{"i":30,"v":1500},{"i":25,"v":1500}]},"3001":{"rolltype":1,"attr":[{"i":11,"v":10000}]},"3002":{"rolltype":1,"attr":[{"i":14,"v":10000}]},"3003":{"rolltype":1,"attr":[{"i":17,"v":10000}]},"3004":{"rolltype":1,"attr":[{"i":19,"v":10000}]}}