{
  "1001": {
    "name": "เหรียญทอง",
    "icon": "1001",
    "level": 1,
    "quality": 1,
    "type": 2,
    "sell": [
      { "i": 1001, "n": 1 }
    ],
    "access": [1018, 1028, 1020],
    "dec": "สกุลเงินที่ทำจากทองคำ ใช้ได้ทุกที่"
  },
  "1002": {
    "name": "เพชร",
    "icon": "1002",
    "level": 1,
    "quality": 2,
    "type": 2,
    "sell": [
      { "i": 1001, "n": 1 }
    ],
    "access": [1018, 1028],
    "dec": "สกุลเงินที่หายากมาก ใช้ซื้อไอเทมต่างๆ ได้"
  },
  "1003": {
    "name": "เหล็กอุกกาบาต",
    "icon": "1003",
    "level": 1,
    "quality": 1,
    "type": 1,
    "sell": [
      { "i": 1001, "n": 1 }
    ],
    "access": [1001, 1039, 1007, 1020],
    "dec": "ใช้สำหรับสร้างอุปกรณ์"
  },
  "1004": {
    "name": "หีบสมบัติสกิล",
    "icon": "1004",
    "level": 1,
    "quality": 3,
    "type": 1,
    "sell": [
      { "i": 1001, "n": 1 }
    ],
    "access": [1011, 1020],
    "dec": "ใช้สำหรับสุ่มตำราสกิล"
  },
  "1005": {
    "name": "ตั๋วเร่งความเร็ว 10 นาที",
    "icon": "1005",
    "level": 1,
    "quality": 2,
    "type": 1,
    "sell": [
      { "i": 1001, "n": 1 }
    ],
    "access": [1001, 1039, 1055, 2051],
    "dec": "สามารถเร่งการอัปเกรดโรงตีเหล็กได้ 10 นาที"
  },
  "1006": {
    "name": "คะแนนกิจกรรม",
    "icon": "1006",
    "level": 1,
    "quality": 1,
    "type": 1,
    "sell": [
      { "i": 1001, "n": 1 }
    ],
    "dec": "คะแนนกิจกรรมจากภารกิจรายวัน"
  },
  "1007": {
    "name": "เกียรติยศ",
    "icon": "1007",
    "level": 1,
    "quality": 2,
    "type": 1,
    "sell": [
      { "i": 1001, "n": 1 }
    ],
    "access": [1022],
    "dec": "ได้รับจากการชนะในการประลอง ใช้สำหรับอัปเกรดเหรียญตรา"
  },
  "1008": {
    "name": "ความดีความชอบ",
    "icon": "1008",
    "level": 1,
    "quality": 3,
    "type": 1,
    "sell": [
      { "i": 1001, "n": 1 }
    ],
    "access": [1055, 1022],
    "dec": "ได้รับจากรางวัลอันดับฤดูกาลในลานประลองและตลาด ใช้สำหรับเลื่อนขั้นเหรียญตรา"
  },
  "1009": {
    "name": "กระสุนปืนใหญ่ธรรมดา",
    "icon": "1009",
    "level": 1,
    "quality": 1,
    "type": 4,
    "sell": [
      { "i": 1001, "n": 1 }
    ],
    "dec": "สร้างความเสียหายรุนแรง 1 ครั้งแก่เรือโจรสลัด"
  },
  "1010": {
    "name": "กระสุนเพลิง",
    "icon": "1010",
    "level": 1,
    "quality": 1,
    "type": 4,
    "sell": [
      { "i": 1001, "n": 1 }
    ],
    "dec": "สร้างความเสียหาย 3 ครั้งแก่เรือโจรสลัด"
  },
  "1011": {
    "name": "ระเบิดเวลา",
    "icon": "1011",
    "level": 1,
    "quality": 1,
    "type": 4,
    "sell": [
      { "i": 1001, "n": 1 }
    ],
    "dec": "ติดตั้งบนเรือโจรสลัด จะระเบิดหลังจาก 3 เทิร์น สร้างความเสียหายมหาศาล"
  },
  "1012": {
    "name": "ลูกเต๋า",
    "icon": "1012",
    "level": 1,
    "quality": 1,
    "type": 4,
    "sell": [
      { "i": 1001, "n": 1 }
    ],
    "dec": "ในการต่อสู้ชิงสมบัติ จะสุ่มเดิน 1-6 ช่อง"
  },
  "1013": {
    "name": "ลูกเต๋านำโชค",
    "icon": "1013",
    "level": 1,
    "quality": 2,
    "type": 4,
    "sell": [
      { "i": 1001, "n": 1 }
    ],
    "dec": "ในการต่อสู้ชิงสมบัติ สามารถกำหนดให้เดิน 1-6 ช่องได้"
  },
  "1014": {
    "name": "พิมพ์เขียวอัปเกรดกระสุนปืนใหญ่",
    "icon": "1014",
    "level": 1,
    "quality": 3,
    "type": 4,
    "sell": [
      { "i": 1001, "n": 1 }
    ],
    "dec": "ในการต่อสู้ชิงสมบัติ ใช้อัปเกรดพลังของกระสุนปืนใหญ่"
  },
  "1015": {
    "name": "ประแจ",
    "icon": "1015",
    "level": 1,
    "quality": 1,
    "type": 4,
    "sell": [
      { "i": 1001, "n": 1 }
    ],
    "dec": "ป้อมปืนเข้าสู่โหมดโอเวอร์คล็อก การโจมตีครั้งต่อไปจะสร้างความเสียหายสองเท่าแก่เรือโจรสลัด"
  },
  "1016": {
    "name": "ลูกแก้วพลังงาน",
    "icon": "1016",
    "level": 1,
    "quality": 1,
    "type": 4,
    "sell": [
      { "i": 1001, "n": 1 }
    ],
    "dec": "สุ่มเพิ่มพลังงาน 6-12 แต้มให้กับปืนใหญ่"
  },
  "1017": {
    "name": "ตั๋วท้าทาย",
    "icon": "1017",
    "level": 1,
    "quality": 2,
    "type": 1,
    "sell": [
      { "i": 1001, "n": 1 }
    ],
    "dec": "สามารถใช้ท้าทายผู้เล่นอื่นในลานประลองได้หนึ่งครั้ง"
  },
  "1018": {
    "name": "มิธริล",
    "icon": "1018",
    "level": 1,
    "quality": 3,
    "type": 1,
    "sell": [
      { "i": 1001, "n": 1 }
    ],
    "dec": "ใช้สำหรับเสริมแกร่งชิ้นส่วนอุปกรณ์"
  },
  "1019": {
    "name": "ค่าประสบการณ์",
    "icon": "1019",
    "level": 1,
    "quality": 1,
    "type": 0,
    "sell": [
      { "i": 1001, "n": 1 }
    ],
    "dec": "ใช้สำหรับอัปเลเวลตัวละครหลัก"
  },
  "1020": {
    "name": "ผลไม้ชีวิตขั้นที่ 1",
    "icon": "1020",
    "level": 1,
    "quality": 1,
    "type": 1,
    "sell": [
      { "i": 1001, "n": 1 }
    ],
    "dec": "เมื่อใช้ จะเพิ่มพลังชีวิต 100 หน่วยอย่างถาวร"
  },
  "1021": {
    "name": "ผลไม้ชีวิตขั้นที่ 2",
    "icon": "1021",
    "level": 1,
    "quality": 2,
    "type": 1,
    "sell": [
      { "i": 1001, "n": 1 }
    ],
    "dec": "เมื่อใช้ จะเพิ่มพลังชีวิต 300 หน่วยอย่างถาวร"
  },
  "1022": {
    "name": "ผลไม้ชีวิตขั้นที่ 3",
    "icon": "1022",
    "level": 1,
    "quality": 3,
    "type": 1,
    "sell": [
      { "i": 1001, "n": 1 }
    ],
    "dec": "เมื่อใช้ จะเพิ่มพลังชีวิต 1000 หน่วยอย่างถาวร"
  },
  "1023": {
    "name": "ผลไม้ความแข็งแกร่งขั้นที่ 1",
    "icon": "1023",
    "level": 1,
    "quality": 1,
    "type": 1,
    "sell": [
      { "i": 1001, "n": 1 }
    ],
    "dec": "เมื่อใช้ จะเพิ่มพลังโจมตี 10 หน่วยอย่างถาวร"
  },
  "1024": {
    "name": "ผลไม้ความแข็งแกร่งขั้นที่ 2",
    "icon": "1024",
    "level": 1,
    "quality": 2,
    "type": 1,
    "sell": [
      { "i": 1001, "n": 1 }
    ],
    "dec": "เมื่อใช้ จะเพิ่มพลังโจมตี 30 หน่วยอย่างถาวร"
  },
  "1025": {
    "name": "ผลไม้ความแข็งแกร่งขั้นที่ 3",
    "icon": "1025",
    "level": 1,
    "quality": 3,
    "type": 1,
    "sell": [
      { "i": 1001, "n": 1 }
    ],
    "dec": "เมื่อใช้ จะเพิ่มพลังโจมตี 100 หน่วยอย่างถาวร"
  },
  "1026": {
    "name": "ผลไม้กายภาพขั้นที่ 1",
    "icon": "1026",
    "level": 1,
    "quality": 1,
    "type": 1,
    "sell": [
      { "i": 1001, "n": 1 }
    ],
    "dec": "เมื่อใช้ จะเพิ่มพลังป้องกัน 10 หน่วยอย่างถาวร"
  },
  "1027": {
    "name": "ผลไม้กายภาพขั้นที่ 2",
    "icon": "1027",
    "level": 1,
    "quality": 2,
    "type": 1,
    "sell": [
      { "i": 1001, "n": 1 }
    ],
    "dec": "เมื่อใช้ จะเพิ่มพลังป้องกัน 30 หน่วยอย่างถาวร"
  },
  "1028": {
    "name": "ผลไม้กายภาพขั้นที่ 3",
    "icon": "1028",
    "level": 1,
    "quality": 3,
    "type": 1,
    "sell": [
      { "i": 1001, "n": 1 }
    ],
    "dec": "เมื่อใช้ จะเพิ่มพลังป้องกัน 100 หน่วยอย่างถาวร"
  },
  "1029": {
    "name": "ผลไม้ความว่องไวขั้นที่ 1",
    "icon": "1029",
    "level": 1,
    "quality": 1,
    "type": 1,
    "sell": [
      { "i": 1001, "n": 1 }
    ],
    "dec": "เมื่อใช้ จะเพิ่มความเร็ว 10 หน่วยอย่างถาวร"
  },
  "1030": {
    "name": "ผลไม้ความว่องไวขั้นที่ 2",
    "icon": "1030",
    "level": 1,
    "quality": 2,
    "type": 1,
    "sell": [
      { "i": 1001, "n": 1 }
    ],
    "dec": "เมื่อใช้ จะเพิ่มความเร็ว 30 หน่วยอย่างถาวร"
  },
  "1031": {
    "name": "ผลไม้ความว่องไวขั้นที่ 3",
    "icon": "1031",
    "level": 1,
    "quality": 3,
    "type": 1,
    "sell": [
      { "i": 1001, "n": 1 }
    ],
    "dec": "เมื่อใช้ จะเพิ่มความเร็ว 100 หน่วยอย่างถาวร"
  },
  "1032": {
    "name": "วาร์ปเคลื่อนย้ายฉุกเฉิน",
    "icon": "1032",
    "level": 1,
    "quality": 2,
    "type": 1,
    "sell": [
      { "i": 1001, "n": 1 }
    ],
    "dec": "ไอเทมจำเป็นสำหรับการถอยฉุกเฉินเมื่อพ่ายแพ้ในห้วงเหวมังกรมาร"
  },
  "1033": {
    "name": "เศษหินมาร",
    "icon": "1033",
    "level": 1,
    "quality": 2,
    "type": 1,
    "sell": [
      { "i": 1001, "n": 1 }
    ],
    "dec": "เลิกใช้แล้ว"
  },
  "1034": {
    "name": "รูนออร่า",
    "icon": "1034",
    "level": 1,
    "quality": 3,
    "type": 1,
    "sell": [
      { "i": 1001, "n": 1 }
    ],
    "access": [1039, 2053],
    "dec": "ใช้สำหรับอัปเลเวลออร่า"
  },
  "1035": {
    "name": "เนื้อแห้ง",
    "icon": "1035",
    "level": 1,
    "quality": 1,
    "type": 1,
    "sell": [
      { "i": 1001, "n": 1 }
    ],
    "dec": "มอบให้สหายร่วมรบเพื่อเพิ่มค่าความสนิท 3 แต้ม"
  },
  "1036": {
    "name": "เบียร์",
    "icon": "1036",
    "level": 1,
    "quality": 2,
    "type": 1,
    "sell": [
      { "i": 1001, "n": 1 }
    ],
    "dec": "มอบให้สหายร่วมรบเพื่อเพิ่มค่าความสนิท 30 แต้ม"
  },
  "1037": {
    "name": "สุราชั้นเลิศ",
    "icon": "1037",
    "level": 1,
    "quality": 3,
    "type": 1,
    "sell": [
      { "i": 1001, "n": 1 }
    ],
    "dec": "มอบให้สหายร่วมรบเพื่อเพิ่มค่าความสนิท 100 แต้ม"
  },
  "1038": {
    "name": "เสบียงแห้ง",
    "icon": "1038",
    "level": 1,
    "quality": 3,
    "type": 1,
    "sell": [
      { "i": 1001, "n": 1 }
    ],
    "dec": "ใช้ในการค้นหาสมบัติเพื่อฟื้นฟูพลังกาย 1 แต้มทันที"
  },
  "1039": {
    "name": "การ์ดเปลี่ยนชื่อ",
    "icon": "1039",
    "level": 1,
    "quality": 4,
    "type": 1,
    "sell": [
      { "i": 1001, "n": 1 }
    ],
    "dec": "สามารถเปลี่ยนชื่อตัวละครได้ที่หน้าข้อมูลตัวละคร"
  },
  "1040": {
    "name": "พลังกาย",
    "icon": "1040",
    "level": 1,
    "quality": 1,
    "type": 1,
    "sell": [
      { "i": 1001, "n": 1 }
    ],
    "dec": "ฟื้นฟูพลังกาย 1 แต้มทุก 30 นาที"
  },
  "1041": {
    "name": "เหยื่อล่อ",
    "icon": "1041",
    "level": 1,
    "quality": 3,
    "type": 1,
    "sell": [
      { "i": 1001, "n": 1 }
    ],
    "dec": "สามารถใช้ล่อจับสัตว์อสูรในสวนสัตว์อสูร"
  },
  "1042": {
    "name": "คะแนน",
    "icon": "1042",
    "level": 1,
    "quality": 4,
    "type": 1,
    "sell": [
      { "i": 1001, "n": 1 }
    ],
    "dec": "คะแนนสวัสดิการเปิดเซิร์ฟเวอร์"
  },
  "1043": {
    "name": "ตั๋วท้าทายยอดฝีมือ",
    "icon": "1043",
    "level": 1,
    "quality": 4,
    "type": 1,
    "sell": [
      { "i": 1001, "n": 1 }
    ],
    "dec": "สามารถใช้ท้าทายผู้เล่นอื่นข้ามเซิร์ฟเวอร์ในลานประลองยอดฝีมือได้หนึ่งครั้ง"
  },
  "1044": {
    "name": "กิจกรรมกิลด์",
    "icon": "1044",
    "level": 1,
    "quality": 4,
    "type": 1,
    "sell": [
      { "i": 1001, "n": 1 }
    ],
    "dec": "ค่ากิจกรรมที่ได้รับจากสมาชิกกิลด์ทุกคนที่ทำภารกิจสำเร็จ สามารถใช้รับรางวัลกิจกรรมกิลด์ได้"
  },
  "1045": {
    "name": "ค่าประสบการณ์กิลด์",
    "icon": "1045",
    "level": 1,
    "quality": 4,
    "type": 1,
    "sell": [
      { "i": 1001, "n": 1 }
    ],
    "dec": "ค่าประสบการณ์ที่จำเป็นในการอัปเลเวลกิลด์ ได้รับจากสมาชิกกิลด์ที่ทำภารกิจสำเร็จ"
  },
  "1046": {
    "name": "ค่าบริจาคส่วนตัว",
    "icon": "1046",
    "level": 1,
    "quality": 4,
    "type": 1,
    "sell": [
      { "i": 1001, "n": 1 }
    ],
    "dec": "แต้มบริจาคของคุณในกิลด์ สามารถใช้แลกไอเทมในร้านค้ากิลด์ได้"
  },
  "1047": {
    "name": "ตั๋วจับรางวัล",
    "icon": "1047",
    "level": 1,
    "quality": 4,
    "type": 1,
    "sell": [
      { "i": 1001, "n": 1 }
    ],
    "access": [1020, 1001],
    "dec": "สามารถใช้สุ่มอุปกรณ์ในแดนลับอุปกรณ์ได้"
  },
  "2001": {
    "name": "อัสนีบาตฟาด",
    "icon": "1001001",
    "level": 1,
    "quality": 4,
    "type": 3,
    "sell": [
      { "i": 1001, "n": 100000 }
    ],
    "dec": "ประเภท: สกิลใช้งาน\\nคุณภาพ: SSR\\nสร้างความเสียหายรุนแรงแก่เป้าหมายเดี่ยวแบบสุ่ม และปลดอาวุธ 2 เทิร์น"
  },
  "2002": {
    "name": "เวทย์รักษา",
    "icon": "1002001",
    "level": 1,
    "quality": 4,
    "type": 3,
    "sell": [
      { "i": 1001, "n": 100000 }
    ],
    "dec": "ประเภท: สกิลใช้งาน\\nคุณภาพ: SSR\\nฟื้นฟูพลังชีวิตให้แก่ตัวละครฝ่ายเราที่มีพลังชีวิตต่ำที่สุด"
  },
  "2003": {
    "name": "ไร้เทียมทาน",
    "icon": "1003001",
    "level": 1,
    "quality": 1,
    "type": 3,
    "sell": [
      { "i": 1001, "n": 20000 }
    ],
    "dec": "ประเภท: สกิลใช้งาน\\nคุณภาพ: A\\nเพิ่มความเสียหายที่สร้างโดยฝ่ายเรา 2 คน เป็นเวลา 2 เทิร์น"
  },
  "2004": {
    "name": "เวทย์ผนึกมาร",
    "icon": "1004001",
    "level": 1,
    "quality": 3,
    "type": 3,
    "sell": [
      { "i": 1001, "n": 60000 }
    ],
    "dec": "ประเภท: สกิลใช้งาน\\nคุณภาพ: SS\\nสร้างความเสียหายรุนแรงแก่เป้าหมายเดี่ยวแบบสุ่ม และผนึกสกิล 1 เทิร์น"
  },
  "2005": {
    "name": "เวทย์คลั่ง",
    "icon": "1005001",
    "level": 1,
    "quality": 3,
    "type": 3,
    "sell": [
      { "i": 1001, "n": 60000 }
    ],
    "dec": "ประเภท: สกิลใช้งาน\\nคุณภาพ: SS\\nสร้างความเสียหายรุนแรงแก่เป้าหมายเดี่ยวแบบสุ่ม และทำให้สับสน 1 เทิร์น"
  },
  "2006": {
    "name": "จู่โจมรุนแรง",
    "icon": "1006001",
    "level": 1,
    "quality": 2,
    "type": 3,
    "sell": [
      { "i": 1001, "n": 40000 }
    ],
    "dec": "ประเภท: สกิลใช้งาน\\nคุณภาพ: S\\nสร้างความเสียหายรุนแรงแก่เป้าหมายเดี่ยวแบบสุ่ม"
  },
  "2007": {
    "name": "เวทย์พิษ",
    "icon": "1007001",
    "level": 1,
    "quality": 1,
    "type": 3,
    "sell": [
      { "i": 1001, "n": 20000 }
    ],
    "dec": "ประเภท: สกิลใช้งาน\\nคุณภาพ: SS\\nสร้างความเสียหายรุนแรงแก่เป้าหมาย 2 คนแบบสุ่ม และติดสถานะพิษ เป็นเวลา 2 เทิร์น"
  },
  "2008": {
    "name": "เวทย์โล่ป้องกัน",
    "icon": "1008001",
    "level": 1,
    "quality": 1,
    "type": 3,
    "sell": [
      { "i": 1001, "n": 20000 }
    ],
    "dec": "ประเภท: สกิลใช้งาน\\nคุณภาพ: A\\nลดความเสียหายที่เป้าหมายเดี่ยวฝ่ายเราได้รับ เป็นเวลา 3 เทิร์น"
  },
  "2009": {
    "name": "บัวบานแห่งชีวิต",
    "icon": "1009001",
    "level": 1,
    "quality": 2,
    "type": 3,
    "sell": [
      { "i": 1001, "n": 40000 }
    ],
    "dec": "ประเภท: สกิลใช้งาน\\nคุณภาพ: SS\\nฟื้นฟูพลังชีวิตให้แก่ฝ่ายเรา 2 คน เป็นเวลา 3 เทิร์น"
  },
  "2010": {
    "name": "ตั้งสมาธิ",
    "icon": "1010001",
    "level": 1,
    "quality": 2,
    "type": 3,
    "sell": [
      { "i": 1001, "n": 40000 }
    ],
    "dec": "ประเภท: สกิลใช้งาน\\nคุณภาพ: S\\nเพิ่มพลังโจมตีและป้องกันของฝ่ายเรา 2 คน และได้รับสถานะมองทะลุ (ป้องกันสถานะผิดปกติ) เป็นเวลา 2 เทิร์น"
  },
  "2011": {
    "name": "จู่โจม",
    "icon": "2001001",
    "level": 1,
    "quality": 1,
    "type": 3,
    "sell": [
      { "i": 1001, "n": 20000 }
    ],
    "dec": "ประเภท: สกิลไล่ล่า\\nคุณภาพ: A\\nหลังจากการโจมตีปกติ จะโจมตีเป้าหมายเดิมอีกครั้ง"
  },
  "2012": {
    "name": "บ้าคลั่ง",
    "icon": "2002001",
    "level": 1,
    "quality": 1,
    "type": 3,
    "sell": [
      { "i": 1001, "n": 20000 }
    ],
    "dec": "ประเภท: สกิลไล่ล่า\\nคุณภาพ: A\\nหลังจากการโจมตีปกติ เพิ่มโอกาสคริติคอลของตนเอง เป็นเวลา 2 เทิร์น"
  },
  "2013": {
    "name": "เวทย์ทำลายเกราะ",
    "icon": "2003001",
    "level": 1,
    "quality": 1,
    "type": 3,
    "sell": [
      { "i": 1001, "n": 20000 }
    ],
    "dec": "ประเภท: สกิลไล่ล่า\\nคุณภาพ: A\\nหลังจากการโจมตีปกติ ลดพลังป้องกันของเป้าหมายลงอย่างมาก เป็นเวลา 2 เทิร์น"
  },
  "2014": {
    "name": "ทำลายโล่ผนึกมาร",
    "icon": "2004001",
    "level": 1,
    "quality": 3,
    "type": 3,
    "sell": [
      { "i": 1001, "n": 60000 }
    ],
    "dec": "ประเภท: สกิลไล่ล่า\\nคุณภาพ: SS\\nหลังจากการโจมตีปกติ ลดพลังป้องกันของเป้าหมาย และทำให้เป้าหมายติดสถานะผนึกสกิล เป็นเวลา 1 เทิร์น"
  },
  "2015": {
    "name": "โจมตีวิญญาณศักดิ์สิทธิ์",
    "icon": "2005001",
    "level": 1,
    "quality": 3,
    "type": 3,
    "sell": [
      { "i": 1001, "n": 60000 }
    ],
    "dec": "ประเภท: สกิลไล่ล่า\\nคุณภาพ: SS\\nหลังจากการโจมตีปกติ สร้างความเสียหายรุนแรงแก่เป้าหมาย และทำให้สับสน 1 เทิร์น"
  },
  "2016": {
    "name": "กวาดล้างกองทัพ",
    "icon": "2006001",
    "level": 1,
    "quality": 4,
    "type": 3,
    "sell": [
      { "i": 1001, "n": 100000 }
    ],
    "dec": "ประเภท: สกิลไล่ล่า\\nคุณภาพ: SSR\\nหลังจากการโจมตีปกติ สร้างความเสียหายรุนแรงแก่ศัตรูทั้งหมด"
  },
  "2017": {
    "name": "รังสีอ่อนแอ",
    "icon": "2007001",
    "level": 1,
    "quality": 3,
    "type": 3,
    "sell": [
      { "i": 1001, "n": 60000 }
    ],
    "dec": "ประเภท: สกิลไล่ล่า\\nคุณภาพ: SS\\nหลังจากการโจมตีปกติ สร้างความเสียหายรุนแรงแก่เป้าหมาย และลดพลังโจมตีลง 100% เป็นเวลา 1 เทิร์น"
  },
  "2018": {
    "name": "พรศักดิ์สิทธิ์",
    "icon": "2008001",
    "level": 1,
    "quality": 2,
    "type": 3,
    "sell": [
      { "i": 1001, "n": 40000 }
    ],
    "dec": "ประเภท: สกิลไล่ล่า\\nคุณภาพ: S\\nหลังจากการโจมตีปกติ เพิ่มความเสียหายของสกิลใช้งาน เป็นเวลา 1 เทิร์น"
  },
  "2019": {
    "name": "พรแห่งแสง",
    "icon": "2009001",
    "level": 1,
    "quality": 2,
    "type": 3,
    "sell": [
      { "i": 1001, "n": 40000 }
    ],
    "dec": "ประเภท: สกิลไล่ล่า\\nคุณภาพ: S\\nหลังจากการโจมตีปกติ เพิ่มโอกาสการใช้สกิลใช้งาน เป็นเวลา 1 เทิร์น"
  },
  "2020": {
    "name": "ประกายแสง",
    "icon": "2010001",
    "level": 1,
    "quality": 3,
    "type": 3,
    "sell": [
      { "i": 1001, "n": 60000 }
    ],
    "dec": "ประเภท: สกิลไล่ล่า\\nคุณภาพ: SS\\nหลังจากการโจมตีปกติ สร้างความเสียหายรุนแรงแก่เป้าหมาย และทำให้มึนงง 1 เทิร์น"
  },
  "2021": {
    "name": "โจมตีต่อเนื่อง",
    "icon": "3001001",
    "level": 1,
    "quality": 4,
    "type": 3,
    "sell": [
      { "i": 1001, "n": 100000 }
    ],
    "dec": "ประเภท: สกิลติดตัว\\nคุณภาพ: SSR\\n5 เทิร์นแรกของการต่อสู้ มีโอกาสได้รับสถานะโจมตีต่อเนื่อง"
  },
  "2022": {
    "name": "เมล็ดพันธุ์แห่งชีวิต",
    "icon": "3002001",
    "level": 1,
    "quality": 1,
    "type": 3,
    "sell": [
      { "i": 1001, "n": 20000 }
    ],
    "dec": "ประเภท: สกิลติดตัว\\nคุณภาพ: A\\nฟื้นฟูพลังชีวิตของตนเองทุกเทิร์น"
  },
  "2023": {
    "name": "กำแพงทองแดงกำแพงเหล็ก",
    "icon": "3003001",
    "level": 1,
    "quality": 2,
    "type": 3,
    "sell": [
      { "i": 1001, "n": 40000 }
    ],
    "dec": "ประเภท: สกิลติดตัว\\nคุณภาพ: S\\n4 เทิร์นแรกของการต่อสู้ ลดความเสียหายที่ฝ่ายเรา 2 คนได้รับ"
  },
  "2024": {
    "name": "ความกล้าหาญเหนือสวรรค์",
    "icon": "3004001",
    "level": 1,
    "quality": 1,
    "type": 3,
    "sell": [
      { "i": 1001, "n": 20000 }
    ],
    "dec": "ประเภท: สกิลติดตัว\\nคุณภาพ: A\\n3 เทิร์นแรกของการต่อสู้ เพิ่มโอกาสการใช้สกิลไล่ล่าของตนเอง"
  },
  "2025": {
    "name": "ชิงลงมือก่อน",
    "icon": "3005001",
    "level": 1,
    "quality": 1,
    "type": 3,
    "sell": [
      { "i": 1001, "n": 20000 }
    ],
    "dec": "ประเภท: สกิลติดตัว\\nคุณภาพ: A\\n3 เทิร์นแรกของการต่อสู้ เพิ่มโอกาสการใช้สกิลใช้งานของตนเอง"
  },
  "2026": {
    "name": "บั่นทอนกำลังศัตรู",
    "icon": "3006001",
    "level": 1,
    "quality": 2,
    "type": 3,
    "sell": [
      { "i": 1001, "n": 40000 }
    ],
    "dec": "ประเภท: สกิลติดตัว\\nคุณภาพ: S\\n3 เทิร์นแรกของการต่อสู้ ลดความเสียหายของศัตรู 2 คน"
  },
  "2027": {
    "name": "คมกริบไร้ต้าน",
    "icon": "3007001",
    "level": 1,
    "quality": 1,
    "type": 3,
    "sell": [
      { "i": 1001, "n": 20000 }
    ],
    "dec": "ประเภท: สกิลติดตัว\\nคุณภาพ: A\\nเพิ่มความเสียหายที่ตนเองสร้างขึ้น"
  },
  "2028": {
    "name": "หาญกล้าชิงชัย",
    "icon": "3008001",
    "level": 1,
    "quality": 4,
    "type": 3,
    "sell": [
      { "i": 1001, "n": 100000 }
    ],
    "dec": "ประเภท: สกิลติดตัว\\nคุณภาพ: SSR\\n3 เทิร์นแรกของการต่อสู้ ทำให้ฝ่ายเราทั้งหมดได้รับสถานะโจมตีก่อน และเพิ่มพลังโจมตี"
  },
  "2029": {
    "name": "หยั่งรู้ดั่งเทพ",
    "icon": "3009001",
    "level": 1,
    "quality": 4,
    "type": 3,
    "sell": [
      { "i": 1001, "n": 100000 }
    ],
    "dec": "ประเภท: สกิลติดตัว\\nคุณภาพ: SSR\\nทำให้ตนเองได้รับสถานะมองทะลุ (ป้องกันสถานะผิดปกติ) และเพิ่มพลังโจมตี, พลังป้องกัน"
  },
  "2030": {
    "name": "โซ่ตรวนพันธนาการ",
    "icon": "3010001",
    "level": 1,
    "quality": 3,
    "type": 3,
    "sell": [
      { "i": 1001, "n": 60000 }
    ],
    "dec": "ประเภท: สกิลติดตัว\\nคุณภาพ: SS\\n3 เทิร์นแรกของการต่อสู้ มีโอกาสทำให้ศัตรู 2 คนติดสถานะปลดอาวุธ"
  },
  "3001": {
    "name": "เสือศึก",
    "icon": "xiyi1",
    "level": 1,
    "quality": 1,
    "type": 5,
    "sell": [
      { "i": 1001, "n": 60000 }
    ],
    "dec": "ใช้สำหรับอัปเกรดสัตว์อสูร-เสือศึก"
  },
  "3002": {
    "name": "หมีขาว",
    "icon": "yishou1",
    "level": 1,
    "quality": 1,
    "type": 5,
    "sell": [
      { "i": 1001, "n": 60001 }
    ],
    "dec": "ใช้สำหรับอัปเกรดสัตว์อสูร-หมีขาว"
  },
  "3003": {
    "name": "หมีศึก",
    "icon": "yishou2",
    "level": 1,
    "quality": 1,
    "type": 5,
    "sell": [
      { "i": 1001, "n": 60002 }
    ],
    "dec": "ใช้สำหรับอัปเกรดสัตว์อสูร-หมีศึก"
  },
  "3004": {
    "name": "สิงโตขาว",
    "icon": "yishou3",
    "level": 1,
    "quality": 1,
    "type": 5,
    "sell": [
      { "i": 1001, "n": 60003 }
    ],
    "dec": "ใช้สำหรับอัปเกรดสัตว์อสูร-สิงโตขาว"
  },
  "3005": {
    "name": "ม้าลาย",
    "icon": "yishou4",
    "level": 1,
    "quality": 1,
    "type": 5,
    "sell": [
      { "i": 1001, "n": 60004 }
    ],
    "dec": "ใช้สำหรับอัปเกรดสัตว์อสูร-ม้าลาย"
  },
  "3006": {
    "name": "อินทรีศึกปีศาจ",
    "icon": "yishou5",
    "level": 1,
    "quality": 1,
    "type": 5,
    "sell": [
      { "i": 1001, "n": 60005 }
    ],
    "dec": "ใช้สำหรับอัปเกรดสัตว์อสูร-อินทรีศึกปีศาจ"
  },
  "3007": {
    "name": "เสือดาวหิมะ",
    "icon": "yishou6",
    "level": 1,
    "quality": 1,
    "type": 5,
    "sell": [
      { "i": 1001, "n": 60006 }
    ],
    "dec": "ใช้สำหรับอัปเกรดสัตว์อสูร-เสือดาวหิมะ"
  },
  "3008": {
    "name": "ยีราฟ",
    "icon": "yishou7",
    "level": 1,
    "quality": 1,
    "type": 5,
    "sell": [
      { "i": 1001, "n": 60007 }
    ],
    "dec": "ใช้สำหรับอัปเกรดสัตว์อสูร-ยีราฟ"
  },
  "3009": {
    "name": "เสือปีศาจ",
    "icon": "yishou8",
    "level": 1,
    "quality": 2,
    "type": 5,
    "sell": [
      { "i": 1001, "n": 60008 }
    ],
    "dec": "ใช้สำหรับอัปเกรดสัตว์อสูร-เสือปีศาจ"
  },
  "3010": {
    "name": "มังกรศึกเกียรติยศ",
    "icon": "yishou9",
    "level": 1,
    "quality": 2,
    "type": 5,
    "sell": [
      { "i": 1001, "n": 60009 }
    ],
    "dec": "ใช้สำหรับอัปเกรดสัตว์อสูร-มังกรศึกเกียรติยศ"
  },
  "3011": {
    "name": "หมีดวงดาว",
    "icon": "yishou10",
    "level": 1,
    "quality": 2,
    "type": 5,
    "sell": [
      { "i": 1001, "n": 60010 }
    ],
    "dec": "ใช้สำหรับอัปเกรดสัตว์อสูร-หมีดวงดาว"
  },
  "3012": {
    "name": "มังกรศึกทราย",
    "icon": "yishou11",
    "level": 1,
    "quality": 2,
    "type": 5,
    "sell": [
      { "i": 1001, "n": 60011 }
    ],
    "dec": "ใช้สำหรับอัปเกรดสัตว์อสูร-มังกรศึกทราย"
  },
  "3013": {
    "name": "มังกรภูติ",
    "icon": "yishou12",
    "level": 1,
    "quality": 2,
    "type": 5,
    "sell": [
      { "i": 1001, "n": 60012 }
    ],
    "dec": "ใช้สำหรับอัปเกรดสัตว์อสูร-มังกรภูติ"
  },
  "3014": {
    "name": "มังกรปีศาจ",
    "icon": "yishou13",
    "level": 1,
    "quality": 2,
    "type": 5,
    "sell": [
      { "i": 1001, "n": 60013 }
    ],
    "dec": "ใช้สำหรับอัปเกรดสัตว์อสูร-มังกรปีศาจ"
  },
  "3015": {
    "name": "แรดน้ำเงินเข้ม",
    "icon": "yishou14",
    "level": 1,
    "quality": 3,
    "type": 5,
    "sell": [
      { "i": 1001, "n": 60014 }
    ],
    "dec": "ใช้สำหรับอัปเกรดสัตว์อสูร-แรดน้ำเงินเข้ม"
  },
  "3016": {
    "name": "มังกรศึกน้ำแข็ง",
    "icon": "yishou15",
    "level": 1,
    "quality": 3,
    "type": 5,
    "sell": [
      { "i": 1001, "n": 60015 }
    ],
    "dec": "ใช้สำหรับอัปเกรดสัตว์อสูร-มังกรศึกน้ำแข็ง"
  },
  "3017": {
    "name": "กิ้งก่าศึกสายฟ้า",
    "icon": "yishou16",
    "level": 1,
    "quality": 3,
    "type": 5,
    "sell": [
      { "i": 1001, "n": 60016 }
    ],
    "dec": "ใช้สำหรับอัปเกรดสัตว์อสูร-กิ้งก่าศึกสายฟ้า"
  },
  "3018": {
    "name": "ราชันย์อสูรปีศาจ",
    "icon": "yishou17",
    "level": 1,
    "quality": 3,
    "type": 5,
    "sell": [
      { "i": 1001, "n": 60017 }
    ],
    "dec": "ใช้สำหรับอัปเกรดสัตว์อสูร-ราชันย์อสูรปีศาจ"
  },
  "3019": {
    "name": "ม้าศึกเกียรติยศ",
    "icon": "yishou18",
    "level": 1,
    "quality": 3,
    "type": 5,
    "sell": [
      { "i": 1001, "n": 60018 }
    ],
    "dec": "ใช้สำหรับอัปเกรดสัตว์อสูร-ม้าศึกเกียรติยศ"
  },
  "3020": {
    "name": "สิงโตศึกหลวง",
    "icon": "yishou19",
    "level": 1,
    "quality": 3,
    "type": 5,
    "sell": [
      { "i": 1001, "n": 60019 }
    ],
    "dec": "ใช้สำหรับอัปเกรดสัตว์อสูร-สิงโตศึกหลวง"
  },
  "3021": {
    "name": "ราชันย์หมาป่าหิมะ",
    "icon": "yishou20",
    "level": 1,
    "quality": 4,
    "type": 5,
    "sell": [
      { "i": 1001, "n": 60020 }
    ],
    "dec": "ใช้สำหรับอัปเกรดสัตว์อสูร-ราชันย์หมาป่าหิมะ"
  },
  "3022": {
    "name": "หมูป่าอินเทรนด์",
    "icon": "yishou21",
    "level": 1,
    "quality": 4,
    "type": 5,
    "sell": [
      { "i": 1001, "n": 60021 }
    ],
    "dec": "ใช้สำหรับอัปเกรดสัตว์อสูร-หมูป่าอินเทรนด์"
  },
  "3023": {
    "name": "สุนัขล่าเนื้อลาวา",
    "icon": "yishou22",
    "level": 1,
    "quality": 4,
    "type": 5,
    "sell": [
      { "i": 1001, "n": 60022 }
    ],
    "dec": "ใช้สำหรับอัปเกรดสัตว์อสูร-สุนัขล่าเนื้อลาวา"
  },
  "3024": {
    "name": "ราชันย์สิงโตดำ",
    "icon": "yishou23",
    "level": 1,
    "quality": 4,
    "type": 5,
    "sell": [
      { "i": 1001, "n": 60023 }
    ],
    "dec": "ใช้สำหรับอัปเกรดสัตว์อสูร-ราชันย์สิงโตดำ"
  },
  "3025": {
    "name": "เวโลซีแรปเตอร์",
    "icon": "yishou24",
    "level": 1,
    "quality": 4,
    "type": 5,
    "sell": [
      { "i": 1001, "n": 60024 }
    ],
    "dec": "ใช้สำหรับอัปเกรดสัตว์อสูร-เวโลซีแรปเตอร์"
  },
  "3026": {
    "name": "หมูป่าตัวน้อย",
    "icon": "yishou25",
    "level": 1,
    "quality": 4,
    "type": 5,
    "sell": [
      { "i": 1001, "n": 60025 }
    ],
    "dec": "ใช้สำหรับอัปเกรดสัตว์อสูร-หมูป่าตัวน้อย"
  },
  "3027": {
    "name": "นกเร็ว",
    "icon": "yishou26",
    "level": 1,
    "quality": 5,
    "type": 5,
    "sell": [
      { "i": 1001, "n": 60026 }
    ],
    "dec": "ใช้สำหรับอัปเกรดสัตว์อสูร-นกเร็ว"
  },
  "3028": {
    "name": "เต่าบกสีเขียว",
    "icon": "yishou30",
    "level": 1,
    "quality": 5,
    "type": 5,
    "sell": [
      { "i": 1001, "n": 60027 }
    ],
    "dec": "ใช้สำหรับอัปเกรดสัตว์อสูร-เต่าบกสีเขียว"
  },
  "3029": {
    "name": "ไฮยีน่า",
    "icon": "yishou31",
    "level": 1,
    "quality": 5,
    "type": 5,
    "sell": [
      { "i": 1001, "n": 60028 }
    ],
    "dec": "ใช้สำหรับอัปเกรดสัตว์อสูร-ไฮยีน่า"
  },
  "3030": {
    "name": "ราชันย์ไฮยีน่า",
    "icon": "yishou32",
    "level": 1,
    "quality": 5,
    "type": 5,
    "sell": [
      { "i": 1001, "n": 60029 }
    ],
    "dec": "ใช้สำหรับอัปเกรดสัตว์อสูร-ราชันย์ไฮยีน่า"
  },
  "3031": {
    "name": "หมาป่าดำ",
    "icon": "yishou33",
    "level": 1,
    "quality": 5,
    "type": 5,
    "sell": [
      { "i": 1001, "n": 60030 }
    ],
    "dec": "ใช้สำหรับอัปเกรดสัตว์อสูร-หมาป่าดำ"
  },
  "3032": {
    "name": "ราชันย์ไฮยีน่าดวงดาว",
    "icon": "yishou34",
    "level": 1,
    "quality": 5,
    "type": 5,
    "sell": [
      { "i": 1001, "n": 60031 }
    ],
    "dec": "ใช้สำหรับอัปเกรดสัตว์อสูร-ราชันย์ไฮยีน่าดวงดาว"
  },
  "4001": {
    "name": "โจมตีต่อเนื่อง",
    "icon": "lj01",
    "level": 100,
    "quality": 1,
    "type": 6,
    "sell": [
      { "i": 1001, "n": 1 }
    ],
    "dec": "สามารถใช้ในการแข่งขันชิงแชมป์เพื่อเพิ่มอัตราการโจมตีต่อเนื่อง การได้รับซ้ำจะช่วยเพิ่มคุณสมบัติของการ์ด"
  },
  "4002": {
    "name": "โจมตีต่อเนื่อง",
    "icon": "lj01",
    "level": 100,
    "quality": 2,
    "type": 6,
    "sell": [
      { "i": 1001, "n": 1 }
    ],
    "dec": "สามารถใช้ในการแข่งขันชิงแชมป์เพื่อเพิ่มอัตราการโจมตีต่อเนื่อง การได้รับซ้ำจะช่วยเพิ่มคุณสมบัติของการ์ด"
  },
  "4003": {
    "name": "โจมตีต่อเนื่อง",
    "icon": "lj01",
    "level": 100,
    "quality": 3,
    "type": 6,
    "sell": [
      { "i": 1001, "n": 1 }
    ],
    "dec": "สามารถใช้ในการแข่งขันชิงแชมป์เพื่อเพิ่มอัตราการโจมตีต่อเนื่อง การได้รับซ้ำจะช่วยเพิ่มคุณสมบัติของการ์ด"
  },
  "4004": {
    "name": "โจมตีต่อเนื่อง",
    "icon": "lj01",
    "level": 100,
    "quality": 4,
    "type": 6,
    "sell": [
      { "i": 1001, "n": 1 }
    ],
    "dec": "สามารถใช้ในการแข่งขันชิงแชมป์เพื่อเพิ่มอัตราการโจมตีต่อเนื่อง การได้รับซ้ำจะช่วยเพิ่มคุณสมบัติของการ์ด"
  },
  "4005": {
    "name": "โจมตีต่อเนื่อง",
    "icon": "lj01",
    "level": 100,
    "quality": 5,
    "type": 6,
    "sell": [
      { "i": 1001, "n": 1 }
    ],
    "dec": "สามารถใช้ในการแข่งขันชิงแชมป์เพื่อเพิ่มอัตราการโจมตีต่อเนื่อง การได้รับซ้ำจะช่วยเพิ่มคุณสมบัติของการ์ด"
  },
  "4011": {
    "name": "เพิกเฉยการโจมตีต่อเนื่อง",
    "icon": "hslj01",
    "level": 100,
    "quality": 1,
    "type": 6,
    "sell": [
      { "i": 1001, "n": 1 }
    ],
    "dec": "สามารถใช้ในการแข่งขันชิงแชมป์เพื่อเพิ่มอัตราการเพิกเฉยการโจมตีต่อเนื่อง การได้รับซ้ำจะช่วยเพิ่มคุณสมบัติของการ์ด"
  },
  "4012": {
    "name": "เพิกเฉยการโจมตีต่อเนื่อง",
    "icon": "hslj01",
    "level": 100,
    "quality": 2,
    "type": 6,
    "sell": [
      { "i": 1001, "n": 1 }
    ],
    "dec": "สามารถใช้ในการแข่งขันชิงแชมป์เพื่อเพิ่มอัตราการเพิกเฉยการโจมตีต่อเนื่อง การได้รับซ้ำจะช่วยเพิ่มคุณสมบัติของการ์ด"
  },
  "4013": {
    "name": "เพิกเฉยการโจมตีต่อเนื่อง",
    "icon": "hslj01",
    "level": 100,
    "quality": 3,
    "type": 6,
    "sell": [
      { "i": 1001, "n": 1 }
    ],
    "dec": "สามารถใช้ในการแข่งขันชิงแชมป์เพื่อเพิ่มอัตราการเพิกเฉยการโจมตีต่อเนื่อง การได้รับซ้ำจะช่วยเพิ่มคุณสมบัติของการ์ด"
  },
  "4014": {
    "name": "เพิกเฉยการโจมตีต่อเนื่อง",
    "icon": "hslj01",
    "level": 100,
    "quality": 4,
    "type": 6,
    "sell": [
      { "i": 1001, "n": 1 }
    ],
    "dec": "สามารถใช้ในการแข่งขันชิงแชมป์เพื่อเพิ่มอัตราการเพิกเฉยการโจมตีต่อเนื่อง การได้รับซ้ำจะช่วยเพิ่มคุณสมบัติของการ์ด"
  },
  "4015": {
    "name": "เพิกเฉยการโจมตีต่อเนื่อง",
    "icon": "hslj01",
    "level": 100,
    "quality": 5,
    "type": 6,
    "sell": [
      { "i": 1001, "n": 1 }
    ],
    "dec": "สามารถใช้ในการแข่งขันชิงแชมป์เพื่อเพิ่มอัตราการเพิกเฉยการโจมตีต่อเนื่อง การได้รับซ้ำจะช่วยเพิ่มคุณสมบัติของการ์ด"
  },
  "4021": {
    "name": "โต้กลับ",
    "icon": "fj01",
    "level": 100,
    "quality": 1,
    "type": 6,
    "sell": [
      { "i": 1001, "n": 1 }
    ],
    "dec": "สามารถใช้ในการแข่งขันชิงแชมป์เพื่อเพิ่มอัตราการโต้กลับ การได้รับซ้ำจะช่วยเพิ่มคุณสมบัติของการ์ด"
  },
  "4022": {
    "name": "โต้กลับ",
    "icon": "fj01",
    "level": 100,
    "quality": 2,
    "type": 6,
    "sell": [
      { "i": 1001, "n": 1 }
    ],
    "dec": "สามารถใช้ในการแข่งขันชิงแชมป์เพื่อเพิ่มอัตราการโต้กลับ การได้รับซ้ำจะช่วยเพิ่มคุณสมบัติของการ์ด"
  },
  "4023": {
    "name": "โต้กลับ",
    "icon": "fj01",
    "level": 100,
    "quality": 3,
    "type": 6,
    "sell": [
      { "i": 1001, "n": 1 }
    ],
    "dec": "สามารถใช้ในการแข่งขันชิงแชมป์เพื่อเพิ่มอัตราการโต้กลับ การได้รับซ้ำจะช่วยเพิ่มคุณสมบัติของการ์ด"
  },
  "4024": {
    "name": "โต้กลับ",
    "icon": "fj01",
    "level": 100,
    "quality": 4,
    "type": 6,
    "sell": [
      { "i": 1001, "n": 1 }
    ],
    "dec": "สามารถใช้ในการแข่งขันชิงแชมป์เพื่อเพิ่มอัตราการโต้กลับ การได้รับซ้ำจะช่วยเพิ่มคุณสมบัติของการ์ด"
  },
  "4025": {
    "name": "โต้กลับ",
    "icon": "fj01",
    "level": 100,
    "quality": 5,
    "type": 6,
    "sell": [
      { "i": 1001, "n": 1 }
    ],
    "dec": "สามารถใช้ในการแข่งขันชิงแชมป์เพื่อเพิ่มอัตราการโต้กลับ การได้รับซ้ำจะช่วยเพิ่มคุณสมบัติของการ์ด"
  },
  "4031": {
    "name": "เพิกเฉยการโต้กลับ",
    "icon": "hsfj01",
    "level": 100,
    "quality": 1,
    "type": 6,
    "sell": [
      { "i": 1001, "n": 1 }
    ],
    "dec": "สามารถใช้ในการแข่งขันชิงแชมป์เพื่อเพิ่มอัตราการเพิกเฉยการโต้กลับ การได้รับซ้ำจะช่วยเพิ่มคุณสมบัติของการ์ด"
  },
  "4032": {
    "name": "เพิกเฉยการโต้กลับ",
    "icon": "hsfj01",
    "level": 100,
    "quality": 2,
    "type": 6,
    "sell": [
      { "i": 1001, "n": 1 }
    ],
    "dec": "สามารถใช้ในการแข่งขันชิงแชมป์เพื่อเพิ่มอัตราการเพิกเฉยการโต้กลับ การได้รับซ้ำจะช่วยเพิ่มคุณสมบัติของการ์ด"
  },
  "4033": {
    "name": "เพิกเฉยการโต้กลับ",
    "icon": "hsfj01",
    "level": 100,
    "quality": 3,
    "type": 6,
    "sell": [
      { "i": 1001, "n": 1 }
    ],
    "dec": "สามารถใช้ในการแข่งขันชิงแชมป์เพื่อเพิ่มอัตราการเพิกเฉยการโต้กลับ การได้รับซ้ำจะช่วยเพิ่มคุณสมบัติของการ์ด"
  },
  "4034": {
    "name": "เพิกเฉยการโต้กลับ",
    "icon": "hsfj01",
    "level": 100,
    "quality": 4,
    "type": 6,
    "sell": [
      { "i": 1001, "n": 1 }
    ],
    "dec": "สามารถใช้ในการแข่งขันชิงแชมป์เพื่อเพิ่มอัตราการเพิกเฉยการโต้กลับ การได้รับซ้ำจะช่วยเพิ่มคุณสมบัติของการ์ด"
  },
  "4035": {
    "name": "เพิกเฉยการโต้กลับ",
    "icon": "hsfj01",
    "level": 100,
    "quality": 5,
    "type": 6,
    "sell": [
      { "i": 1001, "n": 1 }
    ],
    "dec": "สามารถใช้ในการแข่งขันชิงแชมป์เพื่อเพิ่มอัตราการเพิกเฉยการโต้กลับ การได้รับซ้ำจะช่วยเพิ่มคุณสมบัติของการ์ด"
  },
  "4041": {
    "name": "หลบหลีก",
    "icon": "sb01",
    "level": 100,
    "quality": 1,
    "type": 6,
    "sell": [
      { "i": 1001, "n": 1 }
    ],
    "dec": "สามารถใช้ในการแข่งขันชิงแชมป์เพื่อเพิ่มอัตราการหลบหลีก การได้รับซ้ำจะช่วยเพิ่มคุณสมบัติของการ์ด"
  },
  "4042": {
    "name": "หลบหลีก",
    "icon": "sb01",
    "level": 100,
    "quality": 2,
    "type": 6,
    "sell": [
      { "i": 1001, "n": 1 }
    ],
    "dec": "สามารถใช้ในการแข่งขันชิงแชมป์เพื่อเพิ่มอัตราการหลบหลีก การได้รับซ้ำจะช่วยเพิ่มคุณสมบัติของการ์ด"
  },
  "4043": {
    "name": "หลบหลีก",
    "icon": "sb01",
    "level": 100,
    "quality": 3,
    "type": 6,
    "sell": [
      { "i": 1001, "n": 1 }
    ],
    "dec": "สามารถใช้ในการแข่งขันชิงแชมป์เพื่อเพิ่มอัตราการหลบหลีก การได้รับซ้ำจะช่วยเพิ่มคุณสมบัติของการ์ด"
  },
  "4044": {
    "name": "หลบหลีก",
    "icon": "sb01",
    "level": 100,
    "quality": 4,
    "type": 6,
    "sell": [
      { "i": 1001, "n": 1 }
    ],
    "dec": "สามารถใช้ในการแข่งขันชิงแชมป์เพื่อเพิ่มอัตราการหลบหลีก การได้รับซ้ำจะช่วยเพิ่มคุณสมบัติของการ์ด"
  },
  "4045": {
    "name": "หลบหลีก",
    "icon": "sb01",
    "level": 100,
    "quality": 5,
    "type": 6,
    "sell": [
      { "i": 1001, "n": 1 }
    ],
    "dec": "สามารถใช้ในการแข่งขันชิงแชมป์เพื่อเพิ่มอัตราการหลบหลีก การได้รับซ้ำจะช่วยเพิ่มคุณสมบัติของการ์ด"
  },
  "4051": {
    "name": "เพิกเฉยการหลบหลีก",
    "icon": "hssb01",
    "level": 100,
    "quality": 1,
    "type": 6,
    "sell": [
      { "i": 1001, "n": 1 }
    ],
    "dec": "สามารถใช้ในการแข่งขันชิงแชมป์เพื่อเพิ่มอัตราการเพิกเฉยการหลบหลีก การได้รับซ้ำจะช่วยเพิ่มคุณสมบัติของการ์ด"
  },
  "4052": {
    "name": "เพิกเฉยการหลบหลีก",
    "icon": "hssb01",
    "level": 100,
    "quality": 2,
    "type": 6,
    "sell": [
      { "i": 1001, "n": 1 }
    ],
    "dec": "สามารถใช้ในการแข่งขันชิงแชมป์เพื่อเพิ่มอัตราการเพิกเฉยการหลบหลีก การได้รับซ้ำจะช่วยเพิ่มคุณสมบัติของการ์ด"
  },
  "4053": {
    "name": "เพิกเฉยการหลบหลีก",
    "icon": "hssb01",
    "level": 100,
    "quality": 3,
    "type": 6,
    "sell": [
      { "i": 1001, "n": 1 }
    ],
    "dec": "สามารถใช้ในการแข่งขันชิงแชมป์เพื่อเพิ่มอัตราการเพิกเฉยการหลบหลีก การได้รับซ้ำจะช่วยเพิ่มคุณสมบัติของการ์ด"
  },
  "4054": {
    "name": "เพิกเฉยการหลบหลีก",
    "icon": "hssb01",
    "level": 100,
    "quality": 4,
    "type": 6,
    "sell": [
      { "i": 1001, "n": 1 }
    ],
    "dec": "สามารถใช้ในการแข่งขันชิงแชมป์เพื่อเพิ่มอัตราการเพิกเฉยการหลบหลีก การได้รับซ้ำจะช่วยเพิ่มคุณสมบัติของการ์ด"
  },
  "4055": {
    "name": "เพิกเฉยการหลบหลีก",
    "icon": "hssb01",
    "level": 100,
    "quality": 5,
    "type": 6,
    "sell": [
      { "i": 1001, "n": 1 }
    ],
    "dec": "สามารถใช้ในการแข่งขันชิงแชมป์เพื่อเพิ่มอัตราการเพิกเฉยการหลบหลีก การได้รับซ้ำจะช่วยเพิ่มคุณสมบัติของการ์ด"
  },
  "4061": {
    "name": "คริติคอล",
    "icon": "bj01",
    "level": 100,
    "quality": 1,
    "type": 6,
    "sell": [
      { "i": 1001, "n": 1 }
    ],
    "dec": "สามารถใช้ในการแข่งขันชิงแชมป์เพื่อเพิ่มอัตราคริติคอล การได้รับซ้ำจะช่วยเพิ่มคุณสมบัติของการ์ด"
  },
  "4062": {
    "name": "คริติคอล",
    "icon": "bj01",
    "level": 100,
    "quality": 2,
    "type": 6,
    "sell": [
      { "i": 1001, "n": 1 }
    ],
    "dec": "สามารถใช้ในการแข่งขันชิงแชมป์เพื่อเพิ่มอัตราคริติคอล การได้รับซ้ำจะช่วยเพิ่มคุณสมบัติของการ์ด"
  },
  "4063": {
    "name": "คริติคอล",
    "icon": "bj01",
    "level": 100,
    "quality": 3,
    "type": 6,
    "sell": [
      { "i": 1001, "n": 1 }
    ],
    "dec": "สามารถใช้ในการแข่งขันชิงแชมป์เพื่อเพิ่มอัตราคริติคอล การได้รับซ้ำจะช่วยเพิ่มคุณสมบัติของการ์ด"
  },
  "4064": {
    "name": "คริติคอล",
    "icon": "bj01",
    "level": 100,
    "quality": 4,
    "type": 6,
    "sell": [
      { "i": 1001, "n": 1 }
    ],
    "dec": "สามารถใช้ในการแข่งขันชิงแชมป์เพื่อเพิ่มอัตราคริติคอล การได้รับซ้ำจะช่วยเพิ่มคุณสมบัติของการ์ด"
  },
  "4065": {
    "name": "คริติคอล",
    "icon": "bj01",
    "level": 100,
    "quality": 5,
    "type": 6,
    "sell": [
      { "i": 1001, "n": 1 }
    ],
    "dec": "สามารถใช้ในการแข่งขันชิงแชมป์เพื่อเพิ่มอัตราคริติคอล การได้รับซ้ำจะช่วยเพิ่มคุณสมบัติของการ์ด"
  },
  "4071": {
    "name": "เพิกเฉยคริติคอล",
    "icon": "hsbj01",
    "level": 100,
    "quality": 1,
    "type": 6,
    "sell": [
      { "i": 1001, "n": 1 }
    ],
    "dec": "สามารถใช้ในการแข่งขันชิงแชมป์เพื่อเพิ่มอัตราการเพิกเฉยคริติคอล การได้รับซ้ำจะช่วยเพิ่มคุณสมบัติของการ์ด"
  },
  "4072": {
    "name": "เพิกเฉยคริติคอล",
    "icon": "hsbj01",
    "level": 100,
    "quality": 2,
    "type": 6,
    "sell": [
      { "i": 1001, "n": 1 }
    ],
    "dec": "สามารถใช้ในการแข่งขันชิงแชมป์เพื่อเพิ่มอัตราการเพิกเฉยคริติคอล การได้รับซ้ำจะช่วยเพิ่มคุณสมบัติของการ์ด"
  },
  "4073": {
    "name": "เพิกเฉยคริติคอล",
    "icon": "hsbj01",
    "level": 100,
    "quality": 3,
    "type": 6,
    "sell": [
      { "i": 1001, "n": 1 }
    ],
    "dec": "สามารถใช้ในการแข่งขันชิงแชมป์เพื่อเพิ่มอัตราการเพิกเฉยคริติคอล การได้รับซ้ำจะช่วยเพิ่มคุณสมบัติของการ์ด"
  },
  "4074": {
    "name": "เพิกเฉยคริติคอล",
    "icon": "hsbj01",
    "level": 100,
    "quality": 4,
    "type": 6,
    "sell": [
      { "i": 1001, "n": 1 }
    ],
    "dec": "สามารถใช้ในการแข่งขันชิงแชมป์เพื่อเพิ่มอัตราการเพิกเฉยคริติคอล การได้รับซ้ำจะช่วยเพิ่มคุณสมบัติของการ์ด"
  },
  "4075": {
    "name": "เพิกเฉยคริติคอล",
    "icon": "hsbj01",
    "level": 100,
    "quality": 5,
    "type": 6,
    "sell": [
      { "i": 1001, "n": 1 }
    ],
    "dec": "สามารถใช้ในการแข่งขันชิงแชมป์เพื่อเพิ่มอัตราการเพิกเฉยคริติคอล การได้รับซ้ำจะช่วยเพิ่มคุณสมบัติของการ์ด"
  },
  "4081": {
    "name": "ความเสียหายสกิล",
    "icon": "jnsh01",
    "level": 100,
    "quality": 1,
    "type": 6,
    "sell": [
      { "i": 1001, "n": 1 }
    ],
    "dec": "สามารถใช้ในการแข่งขันชิงแชมป์เพื่อเพิ่มความเสียหายของสกิลใช้งาน การได้รับซ้ำจะช่วยเพิ่มคุณสมบัติของการ์ด"
  },
  "4082": {
    "name": "ความเสียหายสกิล",
    "icon": "jnsh01",
    "level": 100,
    "quality": 2,
    "type": 6,
    "sell": [
      { "i": 1001, "n": 1 }
    ],
    "dec": "สามารถใช้ในการแข่งขันชิงแชมป์เพื่อเพิ่มความเสียหายของสกิลใช้งาน การได้รับซ้ำจะช่วยเพิ่มคุณสมบัติของการ์ด"
  },
  "4083": {
    "name": "ความเสียหายสกิล",
    "icon": "jnsh01",
    "level": 100,
    "quality": 3,
    "type": 6,
    "sell": [
      { "i": 1001, "n": 1 }
    ],
    "dec": "สามารถใช้ในการแข่งขันชิงแชมป์เพื่อเพิ่มความเสียหายของสกิลใช้งาน การได้รับซ้ำจะช่วยเพิ่มคุณสมบัติของการ์ด"
  },
  "4084": {
    "name": "ความเสียหายสกิล",
    "icon": "jnsh01",
    "level": 100,
    "quality": 4,
    "type": 6,
    "sell": [
      { "i": 1001, "n": 1 }
    ],
    "dec": "สามารถใช้ในการแข่งขันชิงแชมป์เพื่อเพิ่มความเสียหายของสกิลใช้งาน การได้รับซ้ำจะช่วยเพิ่มคุณสมบัติของการ์ด"
  },
  "4085": {
    "name": "ความเสียหายสกิล",
    "icon": "jnsh01",
    "level": 100,
    "quality": 5,
    "type": 6,
    "sell": [
      { "i": 1001, "n": 1 }
    ],
    "dec": "สามารถใช้ในการแข่งขันชิงแชมป์เพื่อเพิ่มความเสียหายของสกิลใช้งาน การได้รับซ้ำจะช่วยเพิ่มคุณสมบัติของการ์ด"
  },
  "4091": {
    "name": "ความเสียหายไล่ล่า",
    "icon": "zjsh01",
    "level": 100,
    "quality": 1,
    "type": 6,
    "sell": [
      { "i": 1001, "n": 1 }
    ],
    "dec": "สามารถใช้ในการแข่งขันชิงแชมป์เพื่อเพิ่มความเสียหายของสกิลไล่ล่า การได้รับซ้ำจะช่วยเพิ่มคุณสมบัติของการ์ด"
  },
  "4092": {
    "name": "ความเสียหายไล่ล่า",
    "icon": "zjsh01",
    "level": 100,
    "quality": 2,
    "type": 6,
    "sell": [
      { "i": 1001, "n": 1 }
    ],
    "dec": "สามารถใช้ในการแข่งขันชิงแชมป์เพื่อเพิ่มความเสียหายของสกิลไล่ล่า การได้รับซ้ำจะช่วยเพิ่มคุณสมบัติของการ์ด"
  },
  "4093": {
    "name": "ความเสียหายไล่ล่า",
    "icon": "zjsh01",
    "level": 100,
    "quality": 3,
    "type": 6,
    "sell": [
      { "i": 1001, "n": 1 }
    ],
    "dec": "สามารถใช้ในการแข่งขันชิงแชมป์เพื่อเพิ่มความเสียหายของสกิลไล่ล่า การได้รับซ้ำจะช่วยเพิ่มคุณสมบัติของการ์ด"
  },
  "4094": {
    "name": "ความเสียหายไล่ล่า",
    "icon": "zjsh01",
    "level": 100,
    "quality": 4,
    "type": 6,
    "sell": [
      { "i": 1001, "n": 1 }
    ],
    "dec": "สามารถใช้ในการแข่งขันชิงแชมป์เพื่อเพิ่มความเสียหายของสกิลไล่ล่า การได้รับซ้ำจะช่วยเพิ่มคุณสมบัติของการ์ด"
  },
  "4095": {
    "name": "ความเสียหายไล่ล่า",
    "icon": "zjsh01",
    "level": 100,
    "quality": 5,
    "type": 6,
    "sell": [
      { "i": 1001, "n": 1 }
    ],
    "dec": "สามารถใช้ในการแข่งขันชิงแชมป์เพื่อเพิ่มความเสียหายของสกิลไล่ล่า การได้รับซ้ำจะช่วยเพิ่มคุณสมบัติของการ์ด"
  },
  "4102": {
    "name": "โอกาสสกิล",
    "icon": "jngl01",
    "level": 100,
    "quality": 2,
    "type": 6,
    "sell": [
      { "i": 1001, "n": 1 }
    ],
    "dec": "สามารถใช้ในการแข่งขันชิงแชมป์เพื่อเพิ่มโอกาสการใช้สกิลใช้งาน การได้รับซ้ำจะช่วยเพิ่มคุณสมบัติของการ์ด"
  },
  "4103": {
    "name": "โอกาสสกิล",
    "icon": "jngl01",
    "level": 100,
    "quality": 3,
    "type": 6,
    "sell": [
      { "i": 1001, "n": 1 }
    ],
    "dec": "สามารถใช้ในการแข่งขันชิงแชมป์เพื่อเพิ่มโอกาสการใช้สกิลใช้งาน การได้รับซ้ำจะช่วยเพิ่มคุณสมบัติของการ์ด"
  },
  "4104": {
    "name": "โอกาสสกิล",
    "icon": "jngl01",
    "level": 100,
    "quality": 4,
    "type": 6,
    "sell": [
      { "i": 1001, "n": 1 }
    ],
    "dec": "สามารถใช้ในการแข่งขันชิงแชมป์เพื่อเพิ่มโอกาสการใช้สกิลใช้งาน การได้รับซ้ำจะช่วยเพิ่มคุณสมบัติของการ์ด"
  },
  "4105": {
    "name": "โอกาสสกิล",
    "icon": "jngl01",
    "level": 100,
    "quality": 5,
    "type": 6,
    "sell": [
      { "i": 1001, "n": 1 }
    ],
    "dec": "สามารถใช้ในการแข่งขันชิงแชมป์เพื่อเพิ่มโอกาสการใช้สกิลใช้งาน การได้รับซ้ำจะช่วยเพิ่มคุณสมบัติของการ์ด"
  },
  "4112": {
    "name": "โอกาสไล่ล่า",
    "icon": "zjgl01",
    "level": 100,
    "quality": 2,
    "type": 6,
    "sell": [
      { "i": 1001, "n": 1 }
    ],
    "dec": "สามารถใช้ในการแข่งขันชิงแชมป์เพื่อเพิ่มโอกาสการใช้สกิลไล่ล่า การได้รับซ้ำจะช่วยเพิ่มคุณสมบัติของการ์ด"
  },
  "4113": {
    "name": "โอกาสไล่ล่า",
    "icon": "zjgl01",
    "level": 100,
    "quality": 3,
    "type": 6,
    "sell": [
      { "i": 1001, "n": 1 }
    ],
    "dec": "สามารถใช้ในการแข่งขันชิงแชมป์เพื่อเพิ่มโอกาสการใช้สกิลไล่ล่า การได้รับซ้ำจะช่วยเพิ่มคุณสมบัติของการ์ด"
  },
  "4114": {
    "name": "โอกาสไล่ล่า",
    "icon": "zjgl01",
    "level": 100,
    "quality": 4,
    "type": 6,
    "sell": [
      { "i": 1001, "n": 1 }
    ],
    "dec": "สามารถใช้ในการแข่งขันชิงแชมป์เพื่อเพิ่มโอกาสการใช้สกิลไล่ล่า การได้รับซ้ำจะช่วยเพิ่มคุณสมบัติของการ์ด"
  },
  "4115": {
    "name": "โอกาสไล่ล่า",
    "icon": "zjgl01",
    "level": 100,
    "quality": 5,
    "type": 6,
    "sell": [
      { "i": 1001, "n": 1 }
    ],
    "dec": "สามารถใช้ในการแข่งขันชิงแชมป์เพื่อเพิ่มโอกาสการใช้สกิลไล่ล่า การได้รับซ้ำจะช่วยเพิ่มคุณสมบัติของการ์ด"
  },
  "4123": {
    "name": "การ์ดปรมาจารย์",
    "icon": "dsk01",
    "level": 100,
    "quality": 3,
    "type": 6,
    "sell": [
      { "i": 1001, "n": 1 }
    ],
    "dec": "สามารถใช้ในการแข่งขันชิงแชมป์เพื่อเพิ่มโอกาสการใช้สกิลไล่ล่าและความเสียหาย การได้รับซ้ำจะช่วยเพิ่มคุณสมบัติของการ์ด"
  },
  "4124": {
    "name": "การ์ดปรมาจารย์",
    "icon": "dsk01",
    "level": 100,
    "quality": 4,
    "type": 6,
    "sell": [
      { "i": 1001, "n": 1 }
    ],
    "dec": "สามารถใช้ในการแข่งขันชิงแชมป์เพื่อเพิ่มโอกาสการใช้สกิลไล่ล่าและความเสียหาย การได้รับซ้ำจะช่วยเพิ่มคุณสมบัติของการ์ด"
  },
  "4125": {
    "name": "การ์ดปรมาจารย์",
    "icon": "dsk01",
    "level": 100,
    "quality": 5,
    "type": 6,
    "sell": [
      { "i": 1001, "n": 1 }
    ],
    "dec": "สามารถใช้ในการแข่งขันชิงแชมป์เพื่อเพิ่มโอกาสการใช้สกิลไล่ล่าและความเสียหาย การได้รับซ้ำจะช่วยเพิ่มคุณสมบัติของการ์ด"
  },
  "4133": {
    "name": "การ์ดปรมาจารย์ใหญ่",
    "icon": "zsk01",
    "level": 100,
    "quality": 3,
    "type": 6,
    "sell": [
      { "i": 1001, "n": 1 }
    ],
    "dec": "สามารถใช้ในการแข่งขันชิงแชมป์เพื่อเพิ่มโอกาสการใช้สกิลใช้งานและความเสียหาย การได้รับซ้ำจะช่วยเพิ่มคุณสมบัติของการ์ด"
  },
  "4134": {
    "name": "การ์ดปรมาจารย์ใหญ่",
    "icon": "zsk01",
    "level": 100,
    "quality": 4,
    "type": 6,
    "sell": [
      { "i": 1001, "n": 1 }
    ],
    "dec": "สามารถใช้ในการแข่งขันชิงแชมป์เพื่อเพิ่มโอกาสการใช้สกิลใช้งานและความเสียหาย การได้รับซ้ำจะช่วยเพิ่มคุณสมบัติของการ์ด"
  },
  "4135": {
    "name": "การ์ดปรมาจารย์ใหญ่",
    "icon": "zsk01",
    "level": 100,
    "quality": 5,
    "type": 6,
    "sell": [
      { "i": 1001, "n": 1 }
    ],
    "dec": "สามารถใช้ในการแข่งขันชิงแชมป์เพื่อเพิ่มโอกาสการใช้สกิลใช้งานและความเสียหาย การได้รับซ้ำจะช่วยเพิ่มคุณสมบัติของการ์ด"
  },
  "4143": {
    "name": "การ์ดราชา",
    "icon": "wzk01",
    "level": 100,
    "quality": 3,
    "type": 6,
    "sell": [
      { "i": 1001, "n": 1 }
    ],
    "dec": "สามารถใช้ในการแข่งขันชิงแชมป์เพื่อเพิ่มความเสียหายและลดความเสียหายที่ได้รับ การได้รับซ้ำจะช่วยเพิ่มคุณสมบัติของการ์ด"
  },
  "4144": {
    "name": "การ์ดราชา",
    "icon": "wzk01",
    "level": 100,
    "quality": 4,
    "type": 6,
    "sell": [
      { "i": 1001, "n": 1 }
    ],
    "dec": "สามารถใช้ในการแข่งขันชิงแชมป์เพื่อเพิ่มความเสียหายและลดความเสียหายที่ได้รับ การได้รับซ้ำจะช่วยเพิ่มคุณสมบัติของการ์ด"
  },
  "4145": {
    "name": "การ์ดราชา",
    "icon": "wzk01",
    "level": 100,
    "quality": 5,
    "type": 6,
    "sell": [
      { "i": 1001, "n": 1 }
    ],
    "dec": "สามารถใช้ในการแข่งขันชิงแชมป์เพื่อเพิ่มความเสียหายและลดความเสียหายที่ได้รับ การได้รับซ้ำจะช่วยเพิ่มคุณสมบัติของการ์ด"
  },
  "4151": {
    "name": "รักษา",
    "level": 100,
    "quality": 1,
    "type": 6,
    "sell": [
      { "i": 1001, "n": 1 }
    ],
    "dec": "สามารถใช้ในการแข่งขันชิงแชมป์เพื่อเพิ่มประสิทธิภาพการรักษา การได้รับซ้ำจะช่วยเพิ่มคุณสมบัติของการ์ด"
  },
  "4152": {
    "name": "รักษา",
    "level": 100,
    "quality": 2,
    "type": 6,
    "sell": [
      { "i": 1001, "n": 1 }
    ],
    "dec": "สามารถใช้ในการแข่งขันชิงแชมป์เพื่อเพิ่มประสิทธิภาพการรักษา การได้รับซ้ำจะช่วยเพิ่มคุณสมบัติของการ์ด"
  },
  "4153": {
    "name": "รักษา",
    "level": 100,
    "quality": 3,
    "type": 6,
    "sell": [
      { "i": 1001, "n": 1 }
    ],
    "dec": "สามารถใช้ในการแข่งขันชิงแชมป์เพื่อเพิ่มประสิทธิภาพการรักษา การได้รับซ้ำจะช่วยเพิ่มคุณสมบัติของการ์ด"
  },
  "4154": {
    "name": "รักษา",
    "level": 100,
    "quality": 4,
    "type": 6,
    "sell": [
      { "i": 1001, "n": 1 }
    ],
    "dec": "สามารถใช้ในการแข่งขันชิงแชมป์เพื่อเพิ่มประสิทธิภาพการรักษา การได้รับซ้ำจะช่วยเพิ่มคุณสมบัติของการ์ด"
  },
  "4155": {
    "name": "รักษา",
    "level": 100,
    "quality": 5,
    "type": 6,
    "sell": [
      { "i": 1001, "n": 1 }
    ],
    "dec": "สามารถใช้ในการแข่งขันชิงแชมป์เพื่อเพิ่มประสิทธิภาพการรักษา การได้รับซ้ำจะช่วยเพิ่มคุณสมบัติของการ์ด"
  },
  "4401": {
    "name": "การ์ดสุ่ม 1 ดาว",
    "level": 100,
    "quality": 1,
    "type": 6,
    "sell": [
      { "i": 1001, "n": 1 }
    ],
    "dec": "สุ่มรับการ์ด 1 ดาว 1 ใบ"
  },
  "4402": {
    "name": "การ์ดสุ่ม 2 ดาว",
    "level": 100,
    "quality": 2,
    "type": 6,
    "sell": [
      { "i": 1001, "n": 1 }
    ],
    "dec": "สุ่มรับการ์ด 2 ดาว 1 ใบ"
  },
  "4403": {
    "name": "การ์ดสุ่ม 3 ดาว",
    "level": 100,
    "quality": 3,
    "type": 6,
    "sell": [
      { "i": 1001, "n": 1 }
    ],
    "dec": "สุ่มรับการ์ด 3 ดาว 1 ใบ"
  },
  "4404": {
    "name": "การ์ดสุ่ม 4 ดาว",
    "level": 100,
    "quality": 4,
    "type": 6,
    "sell": [
      { "i": 1001, "n": 1 }
    ],
    "dec": "สุ่มรับการ์ด 4 ดาว 1 ใบ"
  },
  "4405": {
    "name": "การ์ดสุ่ม 5 ดาว",
    "level": 100,
    "quality": 5,
    "type": 6,
    "sell": [
      { "i": 1001, "n": 1 }
    ],
    "dec": "สุ่มรับการ์ด 5 ดาว 1 ใบ"
  },
  "5001": {
    "name": "อัจฉริยะการต่อสู้",
    "icon": "5001",
    "level": 1,
    "quality": 2,
    "type": 7,
    "sell": [
      { "i": 1001, "n": 1 }
    ],
    "dec": "สามารถเปิดใช้งานฉายา <อัจฉริยะการต่อสู้>\\nหลังจากเปิดใช้งาน จะได้รับโบนัสคุณสมบัติ\\nสามารถแสดงฉายาในช่องแชทได้"
  },
  "5002": {
    "name": "ปรมาจารย์การต่อสู้",
    "icon": "5002",
    "level": 1,
    "quality": 3,
    "type": 7,
    "sell": [
      { "i": 1001, "n": 1 }
    ],
    "dec": "สามารถเปิดใช้งานฉายา <ปรมาจารย์การต่อสู้>\\nหลังจากเปิดใช้งาน จะได้รับโบนัสคุณสมบัติ\\nสามารถแสดงฉายาในช่องแชทได้"
  },
  "5003": {
    "name": "วีรบุรุษการต่อสู้",
    "icon": "5003",
    "level": 1,
    "quality": 4,
    "type": 7,
    "sell": [
      { "i": 1001, "n": 1 }
    ],
    "dec": "สามารถเปิดใช้งานฉายา <วีรบุรุษการต่อสู้>\\nหลังจากเปิดใช้งาน จะได้รับโบนัสคุณสมบัติ\\nสามารถแสดงฉายาในช่องแชทได้"
  },
  "6001": {
    "name": "วายุสีม่วง",
    "icon": "6002",
    "level": 1,
    "quality": 2,
    "type": 8,
    "sell": [
      { "i": 1001, "n": 1 }
    ],
    "dec": "สามารถเปิดใช้งานแฟชั่น <วายุสีม่วง>\\nหลังจากเปิดใช้งาน จะได้รับโบนัสคุณสมบัติ\\nเอฟเฟกต์พิเศษเฉพาะตัว"
  },
  "6002": {
    "name": "อัศวินหลวง",
    "icon": "6003",
    "level": 1,
    "quality": 3,
    "type": 8,
    "sell": [
      { "i": 1001, "n": 1 }
    ],
    "dec": "สามารถเปิดใช้งานแฟชั่น <อัศวินหลวง>\\nหลังจากเปิดใช้งาน จะได้รับโบนัสคุณสมบัติ\\nเอฟเฟกต์พิเศษเฉพาะตัว"
  },
  "6003": {
    "name": "ลมหายใจแห่งสายลม",
    "icon": "6004",
    "level": 1,
    "quality": 4,
    "type": 8,
    "sell": [
      { "i": 1001, "n": 1 }
    ],
    "dec": "สามารถเปิดใช้งานแฟชั่น <ลมหายใจแห่งสายลม>\\nหลังจากเปิดใช้งาน จะได้รับโบนัสคุณสมบัติ\\nเอฟเฟกต์พิเศษเฉพาะตัว"
  },
  "6004": {
    "name": "หัวหน้าอัศวิน",
    "icon": "6001",
    "level": 1,
    "quality": 4,
    "type": 8,
    "sell": [
      { "i": 1001, "n": 1 }
    ],
    "dec": "สามารถเปิดใช้งานแฟชั่น <หัวหน้าอัศวิน>\\nหลังจากเปิดใช้งาน จะได้รับโบนัสคุณสมบัติ\\nเอฟเฟกต์พิเศษเฉพาะตัว"
  },
  "6005": {
    "name": "ดาบแห่งการตัดสิน",
    "icon": "6005",
    "level": 1,
    "quality": 5,
    "type": 8,
    "sell": [
      { "i": 1001, "n": 1 }
    ],
    "dec": "สามารถเปิดใช้งานแฟชั่น <ดาบแห่งการตัดสิน>\\nหลังจากเปิดใช้งาน จะได้รับโบนัสคุณสมบัติ\\nเอฟเฟกต์พิเศษเฉพาะตัว"
  },
  "6011": {
    "name": "ทหารรับจ้างจู่โจม",
    "icon": "6015",
    "level": 1,
    "quality": 2,
    "type": 8,
    "sell": [
      { "i": 1001, "n": 1 }
    ],
    "dec": "สามารถเปิดใช้งานแฟชั่น <ทหารรับจ้างจู่โจม>\\nหลังจากเปิดใช้งาน จะได้รับโบนัสคุณสมบัติ\\nเอฟเฟกต์พิเศษเฉพาะตัว"
  },
  "6012": {
    "name": "ปาร์ตี้สุดอินเทรนด์",
    "icon": "6011",
    "level": 1,
    "quality": 3,
    "type": 8,
    "sell": [
      { "i": 1001, "n": 1 }
    ],
    "dec": "สามารถเปิดใช้งานแฟชั่น <ปาร์ตี้สุดอินเทรนด์>\\nหลังจากเปิดใช้งาน จะได้รับโบนัสคุณสมบัติ\\nเอฟเฟกต์พิเศษเฉพาะตัว"
  },
  "6013": {
    "name": "เพลิงสงครามพังก์",
    "icon": "6012",
    "level": 1,
    "quality": 3,
    "type": 8,
    "sell": [
      { "i": 1001, "n": 1 }
    ],
    "dec": "สามารถเปิดใช้งานแฟชั่น <เพลิงสงครามพังก์>\\nหลังจากเปิดใช้งาน จะได้รับโบนัสคุณสมบัติ\\nเอฟเฟกต์พิเศษเฉพาะตัว"
  },
  "6014": {
    "name": "จู่โจมไร้ร่องรอย",
    "icon": "6013",
    "level": 1,
    "quality": 4,
    "type": 8,
    "sell": [
      { "i": 1001, "n": 1 }
    ],
    "dec": "สามารถเปิดใช้งานแฟชั่น <จู่โจมไร้ร่องรอย>\\nหลังจากเปิดใช้งาน จะได้รับโบนัสคุณสมบัติ\\nเอฟเฟกต์พิเศษเฉพาะตัว"
  },
  "6015": {
    "name": "สุดยอดนักสู้",
    "icon": "6014",
    "level": 1,
    "quality": 5,
    "type": 8,
    "sell": [
      { "i": 1001, "n": 1 }
    ],
    "dec": "สามารถเปิดใช้งานแฟชั่น <สุดยอดนักสู้>\\nหลังจากเปิดใช้งาน จะได้รับโบนัสคุณสมบัติ\\nเอฟเฟกต์พิเศษเฉพาะตัว"
  },
  "6021": {
    "name": "มหาปุโรหิต",
    "icon": "6021",
    "level": 1,
    "quality": 2,
    "type": 8,
    "sell": [
      { "i": 1001, "n": 1 }
    ],
    "dec": "สามารถเปิดใช้งานแฟชั่น <มหาปุโรหิต>\\nหลังจากเปิดใช้งาน จะได้รับโบนัสคุณสมบัติ\\nเอฟเฟกต์พิเศษเฉพาะตัว"
  },
  "6022": {
    "name": "เส้นทางสีเทา",
    "icon": "6022",
    "level": 1,
    "quality": 3,
    "type": 8,
    "sell": [
      { "i": 1001, "n": 1 }
    ],
    "dec": "สามารถเปิดใช้งานแฟชั่น <เส้นทางสีเทา>\\nหลังจากเปิดใช้งาน จะได้รับโบนัสคุณสมบัติ\\nเอฟเฟกต์พิเศษเฉพาะตัว"
  },
  "6023": {
    "name": "ปีแห่งความเงียบสงัด",
    "icon": "6023",
    "level": 1,
    "quality": 3,
    "type": 8,
    "sell": [
      { "i": 1001, "n": 1 }
    ],
    "dec": "สามารถเปิดใช้งานแฟชั่น <ปีแห่งความเงียบสงัด>\\nหลังจากเปิดใช้งาน จะได้รับโบนัสคุณสมบัติ\\nเอฟเฟกต์พิเศษเฉพาะตัว"
  },
  "6024": {
    "name": "นักบวชหลวง",
    "icon": "6024",
    "level": 1,
    "quality": 4,
    "type": 8,
    "sell": [
      { "i": 1001, "n": 1 }
    ],
    "dec": "สามารถเปิดใช้งานแฟชั่น <นักบวชหลวง>\\nหลังจากเปิดใช้งาน จะได้รับโบนัสคุณสมบัติ\\nเอฟเฟกต์พิเศษเฉพาะตัว"
  },
  "6025": {
    "name": "ลอรี่แห่งความมืด",
    "icon": "6025",
    "level": 1,
    "quality": 5,
    "type": 8,
    "sell": [
      { "i": 1001, "n": 1 }
    ],
    "dec": "สามารถเปิดใช้งานแฟชั่น <ลอรี่แห่งความมืด>\\nหลังจากเปิดใช้งาน จะได้รับโบนัสคุณสมบัติ\\nเอฟเฟกต์พิเศษเฉพาะตัว"
  }
}