{
    "FirstEnterGame": {
        "1": {
            "modelId": 2,
            "side": "R",
            "talk": "ติ๊ง! สวัสดีผู้กล้า! ยินดีต้อนรับสู่ต่างโลก",
            "enableSkip": 1
        },
        "2": {
            "modelId": 1,
            "side": "L",
            "talk": "ใครพูดน่ะ ที่นี่ที่ไหน!",
            "enableSkip": 1
        },
        "3": {
            "modelId": 2,
            "side": "R",
            "talk": "ฉันคือระบบของเธอ หรือที่เรียกกันว่าตัวช่วยเทพ",
            "enableSkip": 1
        },
        "4": {
            "modelId": 1,
            "side": "L",
            "talk": "อ๊าาา! ฉันต้องฝันไปแน่ๆ ตื่นสิ ตื่นเร็ว",
            "enableSkip": 1
        },
        "5": {
            "modelId": 2,
            "side": "R",
            "talk": "ท่านผู้กล้าโปรดอย่าตื่นเต้นไปเลย เพียงแค่ท่านเอาชนะจอมมารและกลายเป็นผู้ที่แข็งแกร่งที่สุดในโลกนี้ได้ ท่านก็จะสามารถกลับไปได้",
            "enableSkip": 1
        },
        "6": {
            "modelId": 2,
            "side": "R",
            "talk": "หลังจากที่ผู้กล้าคนก่อนจากไป พวกนอกรีตอสูรต่างมิติก็เริ่มกลับมาอีกครั้ง พวกมันทำชั่วทุกอย่าง ชาวบ้านที่พบเจอก็ไม่มีใครได้กลับมาเลย",
            "enableSkip": 1
        },
        "7": {
            "modelId": 1,
            "side": "L",
            "talk": "จอมมารอยู่ที่ไหนล่ะ เราไปกำจัดมันกันเลยตอนนี้",
            "enableSkip": 1
        },
        "8": {
            "modelId": 2,
            "side": "R",
            "talk": "โฮสต์โปรดประมาณตนด้วย พลังต่อสู้ของท่านตอนนี้ยังสู้มอนสเตอร์ข้างนอกไม่ได้เลย ก่อนที่จะแข็งแกร่งขึ้นอย่าเพิ่งออกไปไหนนะ",
            "enableSkip": 1
        },
        "9": {
            "modelId": 1,
            "side": "L",
            "talk": "จริงสิ สองคนร่างใหญ่ที่ฉันเห็นเมื่อกี้คือใครเหรอ?",
            "enableSkip": 1
        },
        "10": {
            "modelId": 2,
            "side": "R",
            "talk": "พวกเขาจำแลงกายมาจากค้อนเฮ่าเทียนที่เป็นอาวุธเทวะ แค่ท่านมีวัตถุดิบที่ใช้ในการตีบวก พวกเขาก็จะสร้างอาวุธเทวะเฉพาะของท่านให้ได้ แถมยังช่วยเพิ่มเลเวลให้ท่านได้ด้วย",
            "enableSkip": 1
        },
        "11": {
            "modelId": 1,
            "side": "L",
            "talk": "เดี๋ยวนะ ตีบวกอาวุธให้ฉันน่ะพอเข้าใจ แต่ทำไมถึงเพิ่มเลเวลให้ฉันได้ด้วย เธอมีความลับอะไรปิดบังฉันอยู่หรือเปล่า",
            "enableSkip": 1
        },
        "12": {
            "modelId": 2,
            "side": "R",
            "talk": "คือว่า... ท่านโฮสต์ นี่เป็นการอัญเชิญครั้งแรกของฉันเอง มันเกิดข้อผิดพลาดนิดหน่อยระหว่างทาง ฉันเผลอลบพรสวรรค์การต่อสู้ของท่านไปโดยไม่ได้ตั้งใจ ตอนนี้ท่านเลยไม่สามารถได้รับค่าประสบการณ์จากการต่อสู้ได้แล้ว",
            "enableSkip": 1
        },
        "13": {
            "modelId": 1,
            "side": "L",
            "talk": "นี่เธอแกล้งกันใช่ไหม แล้วเมื่อไหร่ฉันจะได้กลับไปโลกของฉันล่ะ",
            "enableSkip": 1
        },
        "14": {
            "modelId": 2,
            "side": "R",
            "talk": "ท่านผู้กล้าโปรดใจเย็นก่อน นี่คือของขวัญ “แร่เมทีโอไรต์*50” หวังว่าท่านผู้กล้าจะแข็งแกร่งขึ้นในเร็ววันนะ"
        }
    },
    "DuanZao": {
        "1": {
            "modelId": 2,
            "side": "R",
            "talk": "ผู้กล้า เส้นทางสู่ความแข็งแกร่งนั้นยากลำบาก ลองทำภารกิจต่อไปนี้ดูสิ",
            "target": 1
        },
        "2": {
            "modelId": 2,
            "side": "R",
            "talk": "การตีบวกทุกครั้งจะได้รับอุปกรณ์, ค่าประสบการณ์ และเหรียญทอง",
            "target": 2
        },
        "3": {
            "modelId": 2,
            "side": "R",
            "talk": "ถ้าเจออุปกรณ์ที่ไม่ได้ใช้ก็ย่อยทิ้งซะ ยังจะได้ค่าประสบการณ์กับเหรียญทองกลับมาบ้าง",
            "target": 3
        }
    },
    "DuanZaoSell": {
        "1": {
            "modelId": 2,
            "side": "R",
            "talk": "อุปกรณ์ที่ได้มาสู้ของที่ใส่ตอนนี้ไม่ได้ ขายทิ้งเพื่อแลกเป็นค่าประสบการณ์กับเหรียญทองเถอะ",
            "target": 1
        }
    },
    "DuanZaoSub": {
        "1": {
            "modelId": 2,
            "side": "R",
            "talk": "ยินดีด้วยที่ได้รับอุปกรณ์ที่แข็งแกร่งขึ้น รีบเปลี่ยนเลยสิ",
            "target": 1
        }
    },
    "Equip": {
        "1": {
            "modelId": 2,
            "side": "R",
            "talk": "อุปกรณ์ธรรมดาจะเพิ่มได้แค่พลังชีวิต, พลังโจมตี และความเสียหายพื้นฐาน แต่อุปกรณ์พิเศษจะเพิ่มคุณสมบัติอื่นๆ ให้ท่านได้ จะพาไปดูนะ",
            "target": 1
        },
        "2": {
            "modelId": 2,
            "side": "L",
            "talk": "ท่านสามารถตรวจสอบหน้าต่างคุณสมบัติของท่านได้ที่นี่ พยายามเข้าล่ะ",
            "target": 2
        },
        "3": {
            "target": 3
        },
        "4": {
            "target": 4
        }
    },
    "GameLevelGo": {
        "1": {
            "modelId": 2,
            "side": "R",
            "talk": "ถึงเวลาทดสอบผลงานของท่านแล้ว ไปลองสู้ดูว่าอาวุธเข้ามือดีไหม",
            "target": 1
        },
        "2": {
            "modelId": 2,
            "side": "R",
            "target": 2
        }
    },
    "GameLevelFinish": {
        "1": {
            "modelId": 2,
            "side": "R",
            "talk": "เยี่ยมมาก! ตอนนี้ท่านมีพลังพอที่จะสู้กับมอนสเตอร์ได้แล้ว แต่ศัตรูข้างหน้าจะแข็งแกร่งขึ้นเรื่อยๆ ท่านต้องพยายามให้มากขึ้นนะ"
        }
    },
    "UnlockRole2": {
        "1": {
            "modelId": 3,
            "side": "R",
            "talk": "ข้าเห็นเพื่อนๆ ล้มลงต่อหน้าต่อตา ข้าอ่อนแอเกินไป ไม่สามารถต่อกรกับสัตว์ประหลาดพวกนี้ได้เลย โปรดให้ข้าเข้าร่วมทีมกับท่านด้วย ข้าอยากจะแข็งแกร่งขึ้น"
        }
    },
    "UnlockRole3": {
        "1": {
            "modelId": 2,
            "side": "R",
            "talk": "จอมมารรู้เรื่องของเราแล้ว การต่อสู้ข้างหน้าจะดุเดือดยิ่งขึ้น แต่ไม่ต้องห่วง ฉันจะสู้ไปกับท่านเอง"
        }
    },
    "UnlockSys_1007": {
        "1": {
            "target": 1005
        },
        "2": {
            "target": 1007
        },
        "3": {
            "modelId": 2,
            "side": "L",
            "talk": "มอนสเตอร์ที่ถูกขังในนี้ล้วนเป็นฝีมือของผู้กล้าคนก่อนที่จับไว้ เพื่อให้คนรุ่นหลังได้ใช้ฝึกฝนทักษะการต่อสู้ แม้พลังของพวกมันจะถูกผนึกไว้ แต่ก็ยังประมาทไม่ได้นะ",
            "target": 3
        }
    },
    "UnlockSys_1003": {
        "1": {
            "modelId": 2,
            "side": "R",
            "talk": "ยินดีด้วย ท่านโฮสต์ได้ปลดล็อกฟังก์ชันสกิลแล้ว รีบไปเรียนรู้สกิลใหม่กันเถอะ",
            "target": 1
        },
        "2": {
            "target": 2
        },
        "3": {
            "target": 3
        },
        "4": {
            "target": 4
        },
        "5": {
            "target": 3
        },
        "6": {
            "target": 4
        }
    },
    "UnlockSys_1009": {
        "1": {
            "modelId": 2,
            "side": "R",
            "talk": "ทำภารกิจรายวันให้สำเร็จจะได้รับคะแนนกิจกรรม สามารถนำคะแนนไปแลกเป็นรางวัลเหรียญทอง/ไอเทมจำนวนมากได้"
        }
    },
    "UnlockSys_1020": {
        "1": {
            "target": 1005
        },
        "2": {
            "target": 1020
        },
        "3": {
            "modelId": 2,
            "side": "R",
            "talk": "แต้มที่ทอยลูกเต๋าได้จะเป็นจำนวนก้าวที่ตัวละครเดินไป และจะได้รับรางวัลทั้งหมดที่เดินผ่าน",
            "target": 2020
        }
    },
    "UnlockSys_1021": {
        "1": {
            "modelId": 2,
            "side": "R",
            "talk": "เหรียญตราเหล่านี้คือสิ่งที่ท่านได้รับจากลานประลอง การอัปเกรดเหรียญตราจะช่วยเพิ่มพลังต่อสู้ของทั้งทีมได้อย่างถาวรและมหาศาล",
            "target": 1021
        },
        "2": {
            "target": 2
        }
    },
    "UnlockSys_1035": {
        "1": {
            "modelId": 2,
            "side": "R",
            "talk": "ที่นี่ตอนกลางคืนมักจะได้ยินเสียงมังกรคำราม ฟังดูน่ากลัว เราจะไปดูกันหน่อยไหม"
        }
    },
    "DuanZaoUp": {
        "1": {
            "modelId": 2,
            "side": "R",
            "talk": "แท่นตีบวกนี้จริงๆ แล้วสามารถอัปเกรดได้นะ ยิ่งเลเวลสูง คุณภาพของอุปกรณ์ที่ตีบวกออกมาก็จะยิ่งสูงตามไปด้วย",
            "target": 1
        },
        "2": {
            "modelId": 2,
            "side": "R",
            "target": 2
        }
    },
    "DuanZaoUpCD": {
        "3": {
            "modelId": 2,
            "side": "R",
            "talk": "การอัปเกรดต้องใช้เวลา แต่สามารถใช้ใบเร่งความเร็วเพื่อเพิ่มความเร็วได้ ใบเร่งความเร็วแต่ละใบจะเร่งได้ 10 นาที เป็นวัสดุที่ดีมากเลยนะ",
            "target": 3
        },
        "4": {
            "modelId": 2,
            "side": "R",
            "target": 4
        }
    },
    "UnlockSys_2011": {
        "1": {
            "modelId": 2,
            "side": "R",
            "talk": "ตอนนี้ท่านสามารถปล่อยมือแล้วใช้จิตสั่งตีบวกอัตโนมัติได้แล้ว รีบไปลองดูสิ",
            "target": 1
        },
        "2": {
            "modelId": 2,
            "side": "R",
            "target": 2
        }
    },
    "UnlockSys_1027": {
        "1": {
            "modelId": 2,
            "side": "R",
            "talk": "การซื้อบัตรรายเดือนจะได้รับไอเทมเสริมความแข็งแกร่งจำนวนมาก ทำให้การต่อสู้ในครั้งต่อไปของท่านง่ายขึ้น"
        }
    },
    "UnlockSys_1057": {
        "1": {
            "modelId": 2,
            "side": "R",
            "talk": "ที่นี่คือบันทึกการเติบโตทั้งหมดของท่าน ทุกครั้งที่ท่านบรรลุความสำเร็จ นั่นหมายความว่าท่านได้เติบโตขึ้นอีกขั้น"
        }
    },
    "UnlockSys_2003": {
        "1": {
            "modelId": 2,
            "side": "R",
            "talk": "ตอนนี้แร่เงินที่ท่านเคยได้รับสามารถนำมาใช้ประโยชน์ได้แล้ว แร่เงินสามารถใช้เสริมแกร่งอุปกรณ์ เพิ่มคุณสมบัติตัวละครได้อย่างมหาศาล",
            "target": 2003
        },
        "2": {
            "target": 2
        }
    },
    "UnlockSys_1036": {
        "1": {
            "modelId": 2,
            "side": "R",
            "talk": "ผลไม้พวกนี้ไม่ใช่ผลไม้ธรรมดานะ หลังจากกินแล้วจะได้รับพลังอย่างถาวร ถ้าเจอแล้วอย่าลืมใช้ล่ะ",
            "target": 1036
        },
        "2": {
            "target": 2
        }
    },
    "UnlockSys_1038": {
        "1": {
            "target": 1038
        },
        "2": {
            "modelId": 2,
            "side": "R",
            "talk": "ในร่างกายของท่านผู้กล้ามีวงแหวนวิญญาณหลากหลายชนิดอยู่ แต่ท่านต้องเปิดใช้งานมันด้วยตัวเอง พลังหลังจากการเปิดใช้งานจะเพิ่มขึ้นอย่างเห็นได้ชัด"
        },
        "3": {
            "target": 3
        }
    },
    "UnlockSys_1042": {
        "1": {
            "modelId": 2,
            "side": "R",
            "talk": "ตอนนี้ความสามารถของท่านเพียงพอที่จะจับและฝึกฝนอสูรต่างมิติได้แล้ว หลังจากฝึกฝนจะสามารถเพิ่มพลังต่อสู้ของท่านได้อย่างมหาศาล",
            "target": 1042
        },
        "2": {
            "target": 2
        },
        "3": {
            "target": 3
        }
    },
    "OpenUI_YishouGachaResult": {
        "4": {
            "modelId": 2,
            "side": "R",
            "talk": "ยินดีด้วย ท่านได้รับชิ้นส่วนของอสูรต่างมิติ สะสมครบจะสามารถเปิดใช้งานอสูรและเพิ่มพลังต่อสู้ของท่านได้"
        }
    },
    "UnlockSys_1022": {
        "1": {
            "modelId": 2,
            "side": "R",
            "talk": "สถานที่แห่งนี้รวบรวมเหล่าอัจฉริยะจากทั่วประเทศ พรสวรรค์และพลังต่อสู้ของพวกเขาไม่ด้อยไปกว่ามอนสเตอร์ที่ท่านเคยเจอมาก่อน ยิ่งอันดับสูง พลังต่อสู้ก็ยิ่งแข็งแกร่ง กล้าไปลองดูไหม"
        }
    },
    "UnlockSys_1039": {
        "1": {
            "modelId": 2,
            "side": "R",
            "talk": "ที่นี่คือโลกปีศาจแล้ว อสูรข้างในดุร้ายกว่าข้างนอกมาก แต่ไอเทมที่ดรอปก็ล่อใจมากเช่นกัน"
        }
    },
    "UnlockSys_1040": {
        "1": {
            "target": 1005
        },
        "2": {
            "target": 1040
        },
        "3": {
            "modelId": 2,
            "side": "R",
            "talk": "ทหารรับจ้างชอบสุราและเนื้อสัตว์ที่สุด มอบให้พวกเขาบ้าง พวกเขาสามารถสอนวิธีเพิ่มพรสวรรค์การต่อสู้ให้ท่านได้",
            "target": 3
        },
        "4": {
            "target": 4
        }
    },
    "UnlockSys_1043": {
        "1": {}
    },
    "UnlockSys_1059": {
        "1": {
            "modelId": 2,
            "side": "R",
            "talk": "ที่นี่อยู่ในรอยแยกมิติเวลา สามารถข้ามเซิร์ฟเวอร์เพื่อท้าทายผู้เล่นที่เก่งกาจจากเขตอื่นได้ การเอาชนะคู่ต่อสู้จะได้รับคะแนนเพื่อนำไปแลกรางวัล"
        }
    },
    "OpenUI_AbyssDragon": {
        "1": {
            "modelId": 2,
            "side": "R",
            "talk": "มันมาอยู่ที่นี่ได้ยังไง? เผ่ามังกรไม่ได้สูญสิ้นไปแล้วหรอกหรือ"
        },
        "2": {
            "modelId": 1,
            "side": "R",
            "talk": "มีมังกรอยู่จริงๆ เหรอ? แต่ดูยังไงก็เหมือนโครงกระดูก น่ากลัวจัง"
        },
        "3": {
            "modelId": 2,
            "side": "R",
            "talk": "พวกเขาเคยเป็นเผ่าพันธุ์ที่แข็งแกร่งที่สุดในโลกนี้ แต่หลังจากที่เผ่าปีศาจบุกโลกมนุษย์ พวกเขาทั้งเผ่าก็ลุกขึ้นต่อสู้อย่างกล้าหาญ และต้องแลกมาด้วยการล่มสลายของเผ่าพันธุ์ ถึงจะได้ความสงบสุขชั่วคราวนี้มา"
        },
        "4": {
            "modelId": 301,
            "side": "R",
            "talk": "ไม่นึกว่ายังมีคนจำพวกเราได้ ข้าคือราชันย์แห่งเผ่ามังกร ที่ข้ายังคงเหลือลมหายใจอยู่ก็เพื่อแก้แค้นให้เหล่าประชาของข้า"
        },
        "5": {
            "modelId": 301,
            "side": "R",
            "talk": "มาเลย มนุษย์ ให้ข้าดูความสามารถของเจ้าหน่อย"
        }
    },
    "OpenUI_EliteLevels": {
        "1": {
            "modelId": 2,
            "side": "R",
            "talk": "ว่ากันว่ามอนสเตอร์ข้างในล้วนเป็นเจ้ายุทธภพ เพียงแต่พลังถูกผนึกไว้"
        },
        "2": {
            "modelId": 1,
            "side": "R",
            "talk": "ข้าอยากจะลองดู พอดีจะได้ทดสอบว่าพลังของข้าตอนนี้ไปถึงขั้นไหนแล้ว"
        },
        "3": {
            "modelId": 2,
            "side": "R",
            "talk": "แม้พลังของพวกมันจะถูกผนึกไว้ แต่ก็ยังประมาทไม่ได้นะ ท่านต้องระวังตัวด้วย"
        }
    },
    "RoleLvUp": {
        "1": {
            "modelId": 2,
            "side": "R",
            "talk": "รีบไปอัปเลเวลให้เพื่อนร่วมทีมของท่าน เพื่อเพิ่มพลังต่อสู้",
            "target": 1
        },
        "2": {
            "target": 2
        },
        "3": {
            "target": 3
        }
    },
    "SkillBox": {
        "1": {
            "modelId": 2,
            "side": "R",
            "talk": "ท่านโฮสต์ รีบไปเปิดกล่องสมบัติเพื่อสุ่มรับสกิลเทพของท่านเถอะ",
            "target": 1
        },
        "2": {
            "target": 2
        },
        "3": {
            "target": 3
        }
    }
}