{"1":{"limit":30,"needexp":3000},"2":{"limit":32,"needexp":6400},"3":{"limit":34,"needexp":10200},"4":{"limit":36,"needexp":18000},"5":{"limit":38,"needexp":26600},"6":{"limit":40,"needexp":36000},"7":{"limit":42,"needexp":46200},"8":{"limit":44,"needexp":57200},"9":{"limit":46,"needexp":69000},"10":{"limit":48,"needexp":86400},"11":{"limit":50,"needexp":105000},"12":{"limit":52,"needexp":124800},"13":{"limit":54,"needexp":145800},"14":{"limit":56,"needexp":168000},"15":{"limit":58,"needexp":203000},"16":{"limit":60,"needexp":240000},"17":{"limit":62,"needexp":279000},"18":{"limit":64,"needexp":320000},"19":{"limit":66,"needexp":363000},"20":{"limit":68,"needexp":408000},"21":{"limit":70,"needexp":490000},"22":{"limit":72,"needexp":576000},"23":{"limit":74,"needexp":666000},"24":{"limit":76,"needexp":760000},"25":{"limit":78,"needexp":858000},"26":{"limit":80,"needexp":960000},"27":{"limit":82,"needexp":1066000},"28":{"limit":84,"needexp":1176000},"29":{"limit":86,"needexp":1290000},"30":{"limit":88,"needexp":1408000}}