{
    "1": {
        "name": "ที่ราบสูงอาราธี",
        "drop": [
            12001
        ],
        "prob": [
            {
                "t": 3,
                "p": 900,
                "e": 2
            }
        ]
    },
    "2": {
        "name": "เกาะอซูร์มิสต์",
        "drop": [
            12002
        ],
        "prob": [
            {
                "t": 2,
                "p": 900,
                "e": 2
            }
        ]
    },
    "3": {
        "name": "เทือกเขาอัลเทอแรค",
        "drop": [
            12003
        ],
        "prob": [
            {
                "t": 5,
                "p": 900,
                "e": 2
            }
        ]
    },
    "4": {
        "name": "หุบเขาสแตรงเกิลธอร์น",
        "drop": [
            12004
        ],
        "prob": [
            {
                "t": 4,
                "p": 300,
                "e": 2
            },
            {
                "t": 6,
                "p": 600,
                "e": 2
            }
        ]
    },
    "5": {
        "name": "ป่ายามค่ำ",
        "drop": [
            12005
        ],
        "prob": [
            {
                "t": 4,
                "p": 600,
                "e": 2
            },
            {
                "t": 6,
                "p": 300,
                "e": 2
            }
        ]
    },
    "6": {
        "name": "ที่ราบประกายแสง",
        "drop": [
            12006
        ],
        "prob": [
            {
                "t": 1,
                "p": 900,
                "e": 2
            }
        ]
    }
}