{"61001":{"mlv":1,"rlv":1,"type":1},"61002":{"mlv":10,"rlv":30,"type":1},"61003":{"mlv":20,"rlv":30,"type":1},"61004":{"mlv":30,"rlv":40,"type":1},"61005":{"mlv":40,"rlv":40,"type":1},"61006":{"mlv":50,"rlv":50,"type":1},"61007":{"mlv":60,"rlv":50,"type":1},"61008":{"mlv":70,"rlv":60,"type":1},"61009":{"mlv":80,"rlv":70,"type":1},"61010":{"mlv":90,"rlv":80,"type":1},"61011":{"mlv":100,"rlv":90,"type":1},"61012":{"mlv":110,"rlv":100,"type":1},"61013":{"mlv":120,"rlv":110,"type":1},"61014":{"mlv":130,"rlv":120,"type":1},"61015":{"mlv":140,"rlv":130,"type":1},"61016":{"mlv":150,"rlv":140,"type":1},"61017":{"mlv":160,"rlv":150,"type":1},"61018":{"mlv":170,"rlv":160,"type":1},"61019":{"mlv":180,"rlv":170,"type":1},"61020":{"mlv":190,"rlv":180,"type":1},"61021":{"mlv":200,"rlv":190,"type":1},"61022":{"mlv":210,"rlv":200,"type":1},"61023":{"mlv":220,"rlv":200,"type":1},"62001":{"mlv":1,"rlv":1,"type":2},"62002":{"mlv":10,"rlv":30,"type":2},"62003":{"mlv":20,"rlv":30,"type":2},"62004":{"mlv":30,"rlv":40,"type":2},"62005":{"mlv":40,"rlv":40,"type":2},"62006":{"mlv":50,"rlv":50,"type":2},"62007":{"mlv":60,"rlv":50,"type":2},"62008":{"mlv":70,"rlv":60,"type":2},"62009":{"mlv":80,"rlv":70,"type":2},"62010":{"mlv":90,"rlv":80,"type":2},"62011":{"mlv":100,"rlv":90,"type":2},"62012":{"mlv":110,"rlv":100,"type":2},"62013":{"mlv":120,"rlv":110,"type":2},"62014":{"mlv":130,"rlv":120,"type":2},"62015":{"mlv":140,"rlv":130,"type":2},"62016":{"mlv":150,"rlv":140,"type":2},"62017":{"mlv":160,"rlv":150,"type":2},"62018":{"mlv":170,"rlv":160,"type":2},"62019":{"mlv":180,"rlv":170,"type":2},"62020":{"mlv":190,"rlv":180,"type":2},"62021":{"mlv":200,"rlv":190,"type":2},"62022":{"mlv":210,"rlv":200,"type":2},"62023":{"mlv":220,"rlv":200,"type":2},"63001":{"mlv":1,"rlv":1,"type":3},"63002":{"mlv":10,"rlv":30,"type":3},"63003":{"mlv":20,"rlv":30,"type":3},"63004":{"mlv":30,"rlv":40,"type":3},"63005":{"mlv":40,"rlv":40,"type":3},"63006":{"mlv":50,"rlv":50,"type":3},"63007":{"mlv":60,"rlv":50,"type":3},"63008":{"mlv":70,"rlv":60,"type":3},"63009":{"mlv":80,"rlv":70,"type":3},"63010":{"mlv":90,"rlv":80,"type":3},"63011":{"mlv":100,"rlv":90,"type":3},"63012":{"mlv":110,"rlv":100,"type":3},"63013":{"mlv":120,"rlv":110,"type":3},"63014":{"mlv":130,"rlv":120,"type":3},"63015":{"mlv":140,"rlv":130,"type":3},"63016":{"mlv":150,"rlv":140,"type":3},"63017":{"mlv":160,"rlv":150,"type":3},"63018":{"mlv":170,"rlv":160,"type":3},"63019":{"mlv":180,"rlv":170,"type":3},"63020":{"mlv":190,"rlv":180,"type":3},"63021":{"mlv":200,"rlv":190,"type":3},"63022":{"mlv":210,"rlv":200,"type":3},"63023":{"mlv":220,"rlv":200,"type":3},"64001":{"mlv":1,"rlv":1,"type":4},"64002":{"mlv":10,"rlv":30,"type":4},"64003":{"mlv":20,"rlv":30,"type":4},"64004":{"mlv":30,"rlv":40,"type":4},"64005":{"mlv":40,"rlv":40,"type":4},"64006":{"mlv":50,"rlv":50,"type":4},"64007":{"mlv":60,"rlv":50,"type":4},"64008":{"mlv":70,"rlv":60,"type":4},"64009":{"mlv":80,"rlv":70,"type":4},"64010":{"mlv":90,"rlv":80,"type":4},"64011":{"mlv":100,"rlv":90,"type":4},"64012":{"mlv":110,"rlv":100,"type":4},"64013":{"mlv":120,"rlv":110,"type":4},"64014":{"mlv":130,"rlv":120,"type":4},"64015":{"mlv":140,"rlv":130,"type":4},"64016":{"mlv":150,"rlv":140,"type":4},"64017":{"mlv":160,"rlv":150,"type":4},"64018":{"mlv":170,"rlv":160,"type":4},"64019":{"mlv":180,"rlv":170,"type":4},"64020":{"mlv":190,"rlv":180,"type":4},"64021":{"mlv":200,"rlv":190,"type":4},"64022":{"mlv":210,"rlv":200,"type":4},"64023":{"mlv":220,"rlv":200,"type":4},"65001":{"mlv":1,"rlv":1,"type":5},"65002":{"mlv":10,"rlv":30,"type":5},"65003":{"mlv":20,"rlv":30,"type":5},"65004":{"mlv":30,"rlv":40,"type":5},"65005":{"mlv":40,"rlv":40,"type":5},"65006":{"mlv":50,"rlv":50,"type":5},"65007":{"mlv":60,"rlv":50,"type":5},"65008":{"mlv":70,"rlv":60,"type":5},"65009":{"mlv":80,"rlv":70,"type":5},"65010":{"mlv":90,"rlv":80,"type":5},"65011":{"mlv":100,"rlv":90,"type":5},"65012":{"mlv":110,"rlv":100,"type":5},"65013":{"mlv":120,"rlv":110,"type":5},"65014":{"mlv":130,"rlv":120,"type":5},"65015":{"mlv":140,"rlv":130,"type":5},"65016":{"mlv":150,"rlv":140,"type":5},"65017":{"mlv":160,"rlv":150,"type":5},"65018":{"mlv":170,"rlv":160,"type":5},"65019":{"mlv":180,"rlv":170,"type":5},"65020":{"mlv":190,"rlv":180,"type":5},"65021":{"mlv":200,"rlv":190,"type":5},"65022":{"mlv":210,"rlv":200,"type":5},"65023":{"mlv":220,"rlv":200,"type":5},"66001":{"mlv":1,"rlv":1,"type":6},"66002":{"mlv":10,"rlv":30,"type":6},"66003":{"mlv":20,"rlv":30,"type":6},"66004":{"mlv":30,"rlv":40,"type":6},"66005":{"mlv":40,"rlv":40,"type":6},"66006":{"mlv":50,"rlv":50,"type":6},"66007":{"mlv":60,"rlv":50,"type":6},"66008":{"mlv":70,"rlv":60,"type":6},"66009":{"mlv":80,"rlv":70,"type":6},"66010":{"mlv":90,"rlv":80,"type":6},"66011":{"mlv":100,"rlv":90,"type":6},"66012":{"mlv":110,"rlv":100,"type":6},"66013":{"mlv":120,"rlv":110,"type":6},"66014":{"mlv":130,"rlv":120,"type":6},"66015":{"mlv":140,"rlv":130,"type":6},"66016":{"mlv":150,"rlv":140,"type":6},"66017":{"mlv":160,"rlv":150,"type":6},"66018":{"mlv":170,"rlv":160,"type":6},"66019":{"mlv":180,"rlv":170,"type":6},"66020":{"mlv":190,"rlv":180,"type":6},"66021":{"mlv":200,"rlv":190,"type":6},"66022":{"mlv":210,"rlv":200,"type":6},"66023":{"mlv":220,"rlv":200,"type":6}}