{
    "1": {
        "model": "boy",
        "model_type": 4,
        "head": "img_js1_xz",
        "model_scale": 5000,
        "ui_model_scale": 6000,
        "move_attack": 1,
        "attack_efx": "zhanshi",
        "attack_delay": 1100,
        "use_delay": 1200,
        "run_anim_factor": 50,
        "blood_bar_h": 210
    },
    "2": {
        "model": "girl",
        "model_type": 4,
        "head": "img_js2_xz",
        "model_scale": 6000,
        "ui_model_scale": 7000,
        "move_attack": 0,
        "attack_bullet": "girl",
        "attack_delay": 1100,
        "use_delay": 1200,
        "run_anim_factor": 50,
        "blood_bar_h": 210
    },
    "3": {
        "model": "qiangshou",
        "model_type": 4,
        "head": "img_js3_xz",
        "model_scale": 7000,
        "ui_model_scale": 8000,
        "move_attack": 0,
        "attack_bullet": "xiaohai_pugong",
        "attack_delay": 1100,
        "use_delay": 1200,
        "run_anim_factor": 50,
        "blood_bar_h": 210
    },
    "11": {
        "model": "boy_sz2/boy",
        "model_type": 4,
        "head": "img_szzsbgtx1",
        "model_scale": 6000,
        "ui_model_scale": 7000,
        "move_attack": 1,
        "attack_efx": "zhanshi",
        "attack_delay": 1100,
        "use_delay": 1200,
        "run_anim_factor": 50,
        "blood_bar_h": 210
    },
    "12": {
        "model": "boy_sz3/boy",
        "model_type": 4,
        "head": "img_szzsbgtx2",
        "model_scale": 6000,
        "ui_model_scale": 7000,
        "move_attack": 1,
        "attack_efx": "zhanshi",
        "attack_delay": 1100,
        "use_delay": 1200,
        "run_anim_factor": 50,
        "blood_bar_h": 210
    },
    "13": {
        "model": "boy_sz4/boy",
        "model_type": 4,
        "head": "img_szzsbgtx3",
        "model_scale": 6000,
        "ui_model_scale": 7000,
        "move_attack": 1,
        "attack_efx": "zhanshi",
        "attack_delay": 1100,
        "use_delay": 1200,
        "run_anim_factor": 50,
        "blood_bar_h": 210
    },
    "14": {
        "model": "boy_sz5/boy",
        "model_type": 4,
        "head": "img_szzsbgtx4",
        "model_scale": 6000,
        "ui_model_scale": 7000,
        "move_attack": 1,
        "attack_efx": "zhanshi",
        "attack_delay": 1100,
        "use_delay": 1200,
        "run_anim_factor": 50,
        "blood_bar_h": 210
    },
    "15": {
        "model": "boy_sz6/boy",
        "model_type": 4,
        "head": "img_szzsbgtx5",
        "model_scale": 5000,
        "ui_model_scale": 6000,
        "move_attack": 1,
        "attack_efx": "zhanshi",
        "attack_delay": 1100,
        "use_delay": 1200,
        "run_anim_factor": 50,
        "blood_bar_h": 210
    },
    "21": {
        "model": "girl_sz1/girl",
        "model_type": 4,
        "head": "img_sznbgtx1",
        "model_scale": 6000,
        "ui_model_scale": 7000,
        "move_attack": 0,
        "attack_bullet": "girl",
        "attack_delay": 1100,
        "use_delay": 1200,
        "run_anim_factor": 50,
        "blood_bar_h": 210
    },
    "22": {
        "model": "girl_sz2/girl",
        "model_type": 4,
        "head": "img_sznbgtx2",
        "model_scale": 6000,
        "ui_model_scale": 7000,
        "move_attack": 0,
        "attack_bullet": "girl",
        "attack_delay": 1100,
        "use_delay": 1200,
        "run_anim_factor": 50,
        "blood_bar_h": 210
    },
    "23": {
        "model": "girl_sz3/girl",
        "model_type": 4,
        "head": "img_sznbgtx3",
        "model_scale": 6000,
        "ui_model_scale": 7000,
        "move_attack": 0,
        "attack_bullet": "girl",
        "attack_delay": 1100,
        "use_delay": 1200,
        "run_anim_factor": 50,
        "blood_bar_h": 210
    },
    "24": {
        "model": "girl_sz4/girl",
        "model_type": 4,
        "head": "img_sznbgtx4",
        "model_scale": 6000,
        "ui_model_scale": 7000,
        "move_attack": 0,
        "attack_bullet": "girl",
        "attack_delay": 1100,
        "use_delay": 1200,
        "run_anim_factor": 50,
        "blood_bar_h": 210
    },
    "25": {
        "model": "girl_sz5/girl",
        "model_type": 4,
        "head": "img_sznbgtx5",
        "model_scale": 6000,
        "ui_model_scale": 7000,
        "move_attack": 0,
        "attack_bullet": "girl",
        "attack_delay": 1100,
        "use_delay": 1200,
        "run_anim_factor": 50,
        "blood_bar_h": 210
    },
    "31": {
        "model": "qiangshou_sz2/qiangshou",
        "model_type": 4,
        "head": "img_szqsbgtx2",
        "model_scale": 7500,
        "ui_model_scale": 8000,
        "move_attack": 0,
        "attack_bullet": "xiaohai_pugong",
        "attack_delay": 1100,
        "use_delay": 1200,
        "run_anim_factor": 50,
        "blood_bar_h": 210
    },
    "32": {
        "model": "qiangshou_sz3/qiangshou",
        "model_type": 4,
        "head": "img_szqsbgtx3",
        "model_scale": 7500,
        "ui_model_scale": 8000,
        "move_attack": 0,
        "attack_bullet": "xiaohai_pugong",
        "attack_delay": 1100,
        "use_delay": 1200,
        "run_anim_factor": 50,
        "blood_bar_h": 210
    },
    "33": {
        "model": "qiangshou_sz4/qiangshou",
        "model_type": 4,
        "head": "img_szqsbgtx4",
        "model_scale": 7500,
        "ui_model_scale": 8000,
        "move_attack": 0,
        "attack_bullet": "xiaohai_pugong",
        "attack_delay": 1100,
        "use_delay": 1200,
        "run_anim_factor": 50,
        "blood_bar_h": 210
    },
    "34": {
        "model": "qiangshou_sz5/qiangshou",
        "model_type": 4,
        "head": "img_szqsbgtx5",
        "model_scale": 7500,
        "ui_model_scale": 8000,
        "move_attack": 0,
        "attack_bullet": "xiaohai_pugong",
        "attack_delay": 1100,
        "use_delay": 1200,
        "run_anim_factor": 50,
        "blood_bar_h": 210
    },
    "35": {
        "model": "qiangshou_sz6/qiangshou",
        "model_type": 4,
        "head": "img_szqsbgtx6",
        "model_scale": 7500,
        "ui_model_scale": 8000,
        "move_attack": 0,
        "attack_bullet": "xiaohai_pugong",
        "attack_delay": 1100,
        "use_delay": 1200,
        "run_anim_factor": 50,
        "blood_bar_h": 210
    },
    "101": {
        "model": "hero_airen",
        "anim_skill": "attack",
        "model_type": 3,
        "model_scale": 11000,
        "ui_model_scale": 8500,
        "move_attack": 1,
        "attack_delay": 1100,
        "use_delay": 1200,
        "run_anim_factor": 50,
        "blood_bar_h": 260
    },
    "102": {
        "model": "hero_airen_1",
        "anim_skill": "attack",
        "model_type": 3,
        "model_scale": 5500,
        "ui_model_scale": 3000,
        "move_attack": 1,
        "attack_delay": 1100,
        "use_delay": 1200,
        "run_anim_factor": 50,
        "blood_bar_h": 260
    },
    "103": {
        "model": "hero_boshi_1",
        "anim_skill": "attack",
        "model_type": 3,
        "model_scale": 9000,
        "ui_model_scale": 6500,
        "move_attack": 1,
        "attack_delay": 1100,
        "use_delay": 1200,
        "run_anim_factor": 50,
        "blood_bar_h": 260
    },
    "104": {
        "model": "hero_dijingyaoshi",
        "anim_skill": "attack",
        "model_type": 3,
        "model_scale": 7500,
        "ui_model_scale": 5000,
        "move_attack": 1,
        "attack_delay": 1100,
        "use_delay": 1200,
        "run_anim_factor": 50,
        "blood_bar_h": 260
    },
    "105": {
        "model": "hero_huimiezheF4",
        "anim_skill": "attack",
        "model_type": 3,
        "model_scale": 7000,
        "ui_model_scale": 4500,
        "move_attack": 1,
        "attack_delay": 1100,
        "use_delay": 1200,
        "run_anim_factor": 50,
        "blood_bar_h": 260
    },
    "106": {
        "model": "hero_huimiezheF4_1",
        "anim_skill": "attack",
        "model_type": 3,
        "model_scale": 7000,
        "ui_model_scale": 4500,
        "move_attack": 1,
        "attack_delay": 1100,
        "use_delay": 1200,
        "run_anim_factor": 50,
        "blood_bar_h": 260
    },
    "107": {
        "model": "hero_jixiebaolong",
        "anim_skill": "attack",
        "model_type": 3,
        "model_scale": 8000,
        "ui_model_scale": 5500,
        "move_attack": 1,
        "attack_delay": 1100,
        "use_delay": 1200,
        "run_anim_factor": 50,
        "blood_bar_h": 260
    },
    "108": {
        "model": "hero_jixiebaolong_1",
        "anim_skill": "attack",
        "model_type": 3,
        "model_scale": 8500,
        "ui_model_scale": 6000,
        "move_attack": 1,
        "attack_delay": 1100,
        "use_delay": 1200,
        "run_anim_factor": 50,
        "blood_bar_h": 260
    },
    "109": {
        "model": "hero_kulouweishi",
        "anim_skill": "attack",
        "model_type": 3,
        "model_scale": 12000,
        "ui_model_scale": 9500,
        "move_attack": 1,
        "attack_delay": 1100,
        "use_delay": 1200,
        "run_anim_factor": 50,
        "blood_bar_h": 260
    },
    "110": {
        "model": "hero_kulouweishi_1",
        "anim_skill": "attack",
        "model_type": 3,
        "model_scale": 11000,
        "ui_model_scale": 8500,
        "move_attack": 1,
        "attack_delay": 1100,
        "use_delay": 1200,
        "run_anim_factor": 50,
        "blood_bar_h": 260
    },
    "111": {
        "model": "hero_nancike",
        "anim_skill": "attack",
        "model_type": 3,
        "model_scale": 8500,
        "ui_model_scale": 6000,
        "move_attack": 1,
        "attack_delay": 1100,
        "use_delay": 1200,
        "run_anim_factor": 50,
        "blood_bar_h": 260
    },
    "112": {
        "model": "hero_nancike_1",
        "anim_skill": "attack",
        "model_type": 3,
        "model_scale": 8500,
        "ui_model_scale": 6000,
        "move_attack": 1,
        "attack_delay": 1100,
        "use_delay": 1200,
        "run_anim_factor": 50,
        "blood_bar_h": 260
    },
    "113": {
        "model": "hero_punkquanjishou",
        "anim_skill": "attack",
        "model_type": 3,
        "model_scale": 7000,
        "ui_model_scale": 4500,
        "move_attack": 1,
        "attack_delay": 1100,
        "use_delay": 1200,
        "run_anim_factor": 50,
        "blood_bar_h": 260
    },
    "114": {
        "model": "hero_punkquanjishou_1",
        "anim_skill": "attack",
        "model_type": 3,
        "model_scale": 7000,
        "ui_model_scale": 4500,
        "move_attack": 1,
        "attack_delay": 1100,
        "use_delay": 1200,
        "run_anim_factor": 50,
        "blood_bar_h": 260
    },
    "115": {
        "model": "hero_robotloser",
        "anim_skill": "attack",
        "model_type": 3,
        "model_scale": 6500,
        "ui_model_scale": 4000,
        "move_attack": 1,
        "attack_delay": 1100,
        "use_delay": 1200,
        "run_anim_factor": 50,
        "blood_bar_h": 260
    },
    "116": {
        "model": "hero_robotloser_1",
        "anim_skill": "attack",
        "model_type": 3,
        "model_scale": 6500,
        "ui_model_scale": 4000,
        "move_attack": 1,
        "attack_delay": 1100,
        "use_delay": 1200,
        "run_anim_factor": 50,
        "blood_bar_h": 260
    },
    "117": {
        "model": "hero_shenhaitaitan",
        "anim_skill": "attack",
        "model_type": 3,
        "model_scale": 6500,
        "ui_model_scale": 4000,
        "move_attack": 1,
        "attack_delay": 1100,
        "use_delay": 1200,
        "run_anim_factor": 50,
        "blood_bar_h": 260
    },
    "118": {
        "model": "hero_shenhaitaitan_1",
        "anim_skill": "attack",
        "model_type": 3,
        "model_scale": 6500,
        "ui_model_scale": 4000,
        "move_attack": 1,
        "attack_delay": 1100,
        "use_delay": 1200,
        "run_anim_factor": 50,
        "blood_bar_h": 260
    },
    "119": {
        "model": "hero_xiaochou",
        "anim_skill": "attack",
        "model_type": 3,
        "model_scale": 8000,
        "ui_model_scale": 5500,
        "move_attack": 1,
        "attack_delay": 1100,
        "use_delay": 1200,
        "run_anim_factor": 50,
        "blood_bar_h": 260
    },
    "120": {
        "model": "hero_xiaochou_1",
        "anim_skill": "attack",
        "model_type": 3,
        "model_scale": 8000,
        "ui_model_scale": 5500,
        "move_attack": 1,
        "attack_delay": 1100,
        "use_delay": 1200,
        "run_anim_factor": 50,
        "blood_bar_h": 260
    },
    "121": {
        "model": "hero_xiubujiang",
        "anim_skill": "attack",
        "model_type": 3,
        "model_scale": 13000,
        "ui_model_scale": 10500,
        "move_attack": 1,
        "attack_delay": 1100,
        "use_delay": 1200,
        "run_anim_factor": 50,
        "blood_bar_h": 260
    },
    "122": {
        "model": "hero_xiubujiang_1",
        "anim_skill": "attack",
        "model_type": 3,
        "model_scale": 13000,
        "ui_model_scale": 10500,
        "move_attack": 1,
        "attack_delay": 1100,
        "use_delay": 1200,
        "run_anim_factor": 50,
        "blood_bar_h": 260
    },
    "123": {
        "model": "hero_xiufuzheF5",
        "anim_skill": "attack",
        "model_type": 3,
        "model_scale": 10000,
        "ui_model_scale": 7500,
        "move_attack": 1,
        "attack_delay": 1100,
        "use_delay": 1200,
        "run_anim_factor": 50,
        "blood_bar_h": 260
    },
    "124": {
        "model": "hero_xiufuzheF5_1",
        "anim_skill": "attack",
        "model_type": 3,
        "model_scale": 10000,
        "ui_model_scale": 7500,
        "move_attack": 1,
        "attack_delay": 1100,
        "use_delay": 1200,
        "run_anim_factor": 50,
        "blood_bar_h": 260
    },
    "125": {
        "model": "hero_zhadanzhuanjia",
        "anim_skill": "attack",
        "model_type": 3,
        "model_scale": 7000,
        "ui_model_scale": 4500,
        "move_attack": 1,
        "attack_delay": 1100,
        "use_delay": 1200,
        "run_anim_factor": 50,
        "blood_bar_h": 260
    },
    "126": {
        "model": "hero_zhadanzhuanjia_1",
        "anim_skill": "attack",
        "model_type": 3,
        "model_scale": 7000,
        "ui_model_scale": 4500,
        "move_attack": 1,
        "attack_delay": 1100,
        "use_delay": 1200,
        "run_anim_factor": 50,
        "blood_bar_h": 260
    },
    "127": {
        "model": "hero_boshi",
        "anim_skill": "attack",
        "model_type": 3,
        "model_scale": 7000,
        "ui_model_scale": 4500,
        "move_attack": 1,
        "attack_delay": 1100,
        "use_delay": 1200,
        "run_anim_factor": 50,
        "blood_bar_h": 260
    },
    "201": {
        "model": "hero_airen",
        "anim_skill": "attack",
        "model_type": 3,
        "model_scale": 8000,
        "ui_model_scale": 6500,
        "move_attack": 1,
        "attack_delay": 1100,
        "use_delay": 1200,
        "run_anim_factor": 50,
        "blood_bar_h": 180
    },
    "202": {
        "model": "hero_airen_1",
        "anim_skill": "attack",
        "model_type": 3,
        "model_scale": 2500,
        "ui_model_scale": 1000,
        "move_attack": 1,
        "attack_delay": 1100,
        "use_delay": 1200,
        "run_anim_factor": 50,
        "blood_bar_h": 180
    },
    "203": {
        "model": "hero_boshi_1",
        "anim_skill": "attack",
        "model_type": 3,
        "model_scale": 6000,
        "ui_model_scale": 4500,
        "move_attack": 1,
        "attack_delay": 1100,
        "use_delay": 1200,
        "run_anim_factor": 50,
        "blood_bar_h": 180
    },
    "204": {
        "model": "hero_dijingyaoshi",
        "anim_skill": "attack",
        "model_type": 3,
        "model_scale": 4500,
        "ui_model_scale": 3000,
        "move_attack": 1,
        "attack_delay": 1100,
        "use_delay": 1200,
        "run_anim_factor": 50,
        "blood_bar_h": 180
    },
    "205": {
        "model": "hero_huimiezheF4",
        "anim_skill": "attack",
        "model_type": 3,
        "model_scale": 4000,
        "ui_model_scale": 2500,
        "move_attack": 1,
        "attack_delay": 1100,
        "use_delay": 1200,
        "run_anim_factor": 50,
        "blood_bar_h": 180
    },
    "206": {
        "model": "hero_huimiezheF4_1",
        "anim_skill": "attack",
        "model_type": 3,
        "model_scale": 4000,
        "ui_model_scale": 2500,
        "move_attack": 1,
        "attack_delay": 1100,
        "use_delay": 1200,
        "run_anim_factor": 50,
        "blood_bar_h": 180
    },
    "207": {
        "model": "hero_jixiebaolong",
        "anim_skill": "attack",
        "model_type": 3,
        "model_scale": 5000,
        "ui_model_scale": 3500,
        "move_attack": 1,
        "attack_delay": 1100,
        "use_delay": 1200,
        "run_anim_factor": 50,
        "blood_bar_h": 180
    },
    "208": {
        "model": "hero_jixiebaolong_1",
        "anim_skill": "attack",
        "model_type": 3,
        "model_scale": 5500,
        "ui_model_scale": 4000,
        "move_attack": 1,
        "attack_delay": 1100,
        "use_delay": 1200,
        "run_anim_factor": 50,
        "blood_bar_h": 180
    },
    "209": {
        "model": "hero_kulouweishi",
        "anim_skill": "attack",
        "model_type": 3,
        "model_scale": 9000,
        "ui_model_scale": 7500,
        "move_attack": 1,
        "attack_delay": 1100,
        "use_delay": 1200,
        "run_anim_factor": 50,
        "blood_bar_h": 180
    },
    "210": {
        "model": "hero_kulouweishi_1",
        "anim_skill": "attack",
        "model_type": 3,
        "model_scale": 8000,
        "ui_model_scale": 6500,
        "move_attack": 1,
        "attack_delay": 1100,
        "use_delay": 1200,
        "run_anim_factor": 50,
        "blood_bar_h": 180
    },
    "211": {
        "model": "hero_nancike",
        "anim_skill": "attack",
        "model_type": 3,
        "model_scale": 5500,
        "ui_model_scale": 4000,
        "move_attack": 1,
        "attack_delay": 1100,
        "use_delay": 1200,
        "run_anim_factor": 50,
        "blood_bar_h": 180
    },
    "212": {
        "model": "hero_nancike_1",
        "anim_skill": "attack",
        "model_type": 3,
        "model_scale": 5500,
        "ui_model_scale": 4000,
        "move_attack": 1,
        "attack_delay": 1100,
        "use_delay": 1200,
        "run_anim_factor": 50,
        "blood_bar_h": 180
    },
    "213": {
        "model": "hero_punkquanjishou",
        "anim_skill": "attack",
        "model_type": 3,
        "model_scale": 4000,
        "ui_model_scale": 2500,
        "move_attack": 1,
        "attack_delay": 1100,
        "use_delay": 1200,
        "run_anim_factor": 50,
        "blood_bar_h": 180
    },
    "214": {
        "model": "hero_punkquanjishou_1",
        "anim_skill": "attack",
        "model_type": 3,
        "model_scale": 4000,
        "ui_model_scale": 2500,
        "move_attack": 1,
        "attack_delay": 1100,
        "use_delay": 1200,
        "run_anim_factor": 50,
        "blood_bar_h": 180
    },
    "215": {
        "model": "hero_robotloser",
        "anim_skill": "attack",
        "model_type": 3,
        "model_scale": 3500,
        "ui_model_scale": 2000,
        "move_attack": 1,
        "attack_delay": 1100,
        "use_delay": 1200,
        "run_anim_factor": 50,
        "blood_bar_h": 180
    },
    "216": {
        "model": "hero_robotloser_1",
        "anim_skill": "attack",
        "model_type": 3,
        "model_scale": 3500,
        "ui_model_scale": 2000,
        "move_attack": 1,
        "attack_delay": 1100,
        "use_delay": 1200,
        "run_anim_factor": 50,
        "blood_bar_h": 180
    },
    "217": {
        "model": "hero_shenhaitaitan",
        "anim_skill": "attack",
        "model_type": 3,
        "model_scale": 3500,
        "ui_model_scale": 2000,
        "move_attack": 1,
        "attack_delay": 1100,
        "use_delay": 1200,
        "run_anim_factor": 50,
        "blood_bar_h": 180
    },
    "218": {
        "model": "hero_shenhaitaitan_1",
        "anim_skill": "attack",
        "model_type": 3,
        "model_scale": 3500,
        "ui_model_scale": 2000,
        "move_attack": 1,
        "attack_delay": 1100,
        "use_delay": 1200,
        "run_anim_factor": 50,
        "blood_bar_h": 180
    },
    "219": {
        "model": "hero_xiaochou",
        "anim_skill": "attack",
        "model_type": 3,
        "model_scale": 5000,
        "ui_model_scale": 3500,
        "move_attack": 1,
        "attack_delay": 1100,
        "use_delay": 1200,
        "run_anim_factor": 50,
        "blood_bar_h": 180
    },
    "220": {
        "model": "hero_xiaochou_1",
        "anim_skill": "attack",
        "model_type": 3,
        "model_scale": 5000,
        "ui_model_scale": 3500,
        "move_attack": 1,
        "attack_delay": 1100,
        "use_delay": 1200,
        "run_anim_factor": 50,
        "blood_bar_h": 180
    },
    "221": {
        "model": "hero_xiubujiang",
        "anim_skill": "attack",
        "model_type": 3,
        "model_scale": 10000,
        "ui_model_scale": 8500,
        "move_attack": 1,
        "attack_delay": 1100,
        "use_delay": 1200,
        "run_anim_factor": 50,
        "blood_bar_h": 180
    },
    "222": {
        "model": "hero_xiubujiang_1",
        "anim_skill": "attack",
        "model_type": 3,
        "model_scale": 10000,
        "ui_model_scale": 8500,
        "move_attack": 1,
        "attack_delay": 1100,
        "use_delay": 1200,
        "run_anim_factor": 50,
        "blood_bar_h": 180
    },
    "223": {
        "model": "hero_xiufuzheF5",
        "anim_skill": "attack",
        "model_type": 3,
        "model_scale": 7000,
        "ui_model_scale": 5500,
        "move_attack": 1,
        "attack_delay": 1100,
        "use_delay": 1200,
        "run_anim_factor": 50,
        "blood_bar_h": 180
    },
    "224": {
        "model": "hero_xiufuzheF5_1",
        "anim_skill": "attack",
        "model_type": 3,
        "model_scale": 7000,
        "ui_model_scale": 5500,
        "move_attack": 1,
        "attack_delay": 1100,
        "use_delay": 1200,
        "run_anim_factor": 50,
        "blood_bar_h": 180
    },
    "225": {
        "model": "hero_zhadanzhuanjia",
        "anim_skill": "attack",
        "model_type": 3,
        "model_scale": 4000,
        "ui_model_scale": 2500,
        "move_attack": 1,
        "attack_delay": 1100,
        "use_delay": 1200,
        "run_anim_factor": 50,
        "blood_bar_h": 180
    },
    "226": {
        "model": "hero_zhadanzhuanjia_1",
        "anim_skill": "attack",
        "model_type": 3,
        "model_scale": 7000,
        "ui_model_scale": 5500,
        "move_attack": 1,
        "attack_delay": 1100,
        "use_delay": 1200,
        "run_anim_factor": 50,
        "blood_bar_h": 180
    },
    "227": {
        "model": "hero_boshi",
        "anim_skill": "attack",
        "model_type": 3,
        "model_scale": 4000,
        "ui_model_scale": 2500,
        "move_attack": 1,
        "attack_delay": 1100,
        "use_delay": 1200,
        "run_anim_factor": 50,
        "blood_bar_h": 180
    },
    "301": {
        "model": "hero_gulong",
        "model_type": 3,
        "model_scale": 10000,
        "ui_model_scale": 7500,
        "move_attack": 1,
        "attack_delay": 1100,
        "use_delay": 1200,
        "run_anim_factor": 50,
        "blood_bar_h": 300
    },
    "302": {
        "model": "hero_hailing",
        "model_type": 3,
        "model_scale": 10000,
        "ui_model_scale": 7500,
        "move_attack": 1,
        "attack_delay": 1100,
        "use_delay": 1200,
        "run_anim_factor": 50,
        "blood_bar_h": 300
    },
    "401": {
        "model": "junhuotouzi",
        "armature": "BOSStakelin",
        "anim_skill": "skill4",
        "flip": 1,
        "model_type": 5,
        "model_scale": 6000,
        "ui_model_scale": 4500,
        "move_attack": 1,
        "attack_delay": 1100,
        "use_delay": 1200,
        "run_anim_factor": 50,
        "blood_bar_h": 270
    },
    "402": {
        "model": "gangbeige",
        "armature": "quilboarsaman",
        "anim_skill": "skill1",
        "flip": 1,
        "model_type": 5,
        "model_scale": 6000,
        "ui_model_scale": 5500,
        "move_attack": 1,
        "attack_delay": 1100,
        "use_delay": 1200,
        "run_anim_factor": 50,
        "blood_bar_h": 210
    },
    "403": {
        "model": "buyaoren",
        "armature": "ogremage01",
        "anim_skill": "skill02",
        "flip": 1,
        "model_type": 5,
        "model_scale": 5500,
        "ui_model_scale": 4500,
        "move_attack": 1,
        "attack_delay": 1100,
        "use_delay": 1200,
        "run_anim_factor": 50,
        "blood_bar_h": 310
    },
    "404": {
        "model": "tianshimeng",
        "armature": "BOSSbirdy01",
        "anim_skill": "skill2",
        "flip": 1,
        "offset": [
            0,
            -50
        ],
        "model_type": 5,
        "model_scale": 6000,
        "ui_model_scale": 4500,
        "move_attack": 1,
        "attack_delay": 1100,
        "use_delay": 1200,
        "run_anim_factor": 50,
        "blood_bar_h": 280
    },
    "405": {
        "model": "xiaojiansheng",
        "armature": "quilboartouling",
        "anim_skill": "skill2",
        "flip": 1,
        "model_type": 5,
        "model_scale": 7000,
        "ui_model_scale": 5500,
        "move_attack": 1,
        "attack_delay": 1100,
        "use_delay": 1200,
        "run_anim_factor": 50,
        "blood_bar_h": 230
    },
    "406": {
        "model": "dabingge",
        "armature": "suishizheMZD",
        "anim_skill": "skill1",
        "flip": 1,
        "model_type": 5,
        "model_scale": 6000,
        "ui_model_scale": 4500,
        "move_attack": 1,
        "attack_delay": 1100,
        "use_delay": 1200,
        "run_anim_factor": 50,
        "blood_bar_h": 260
    },
    "501": {
        "model": "xiyi1",
        "armature": "tiger04",
        "flip": 1,
        "model_type": 5,
        "model_scale": 6000,
        "ui_model_scale": 4500,
        "move_attack": 1,
        "attack_delay": 1100,
        "use_delay": 1200,
        "run_anim_factor": 50,
        "blood_bar_h": 230
    },
    "502": {
        "model": "yishou1",
        "armature": "bear",
        "flip": 1,
        "model_type": 5,
        "model_scale": 6000,
        "ui_model_scale": 4500,
        "move_attack": 1,
        "attack_delay": 1100,
        "use_delay": 1200,
        "run_anim_factor": 50,
        "blood_bar_h": 230
    },
    "503": {
        "model": "yishou2",
        "armature": "bear01",
        "flip": 1,
        "model_type": 5,
        "model_scale": 6000,
        "ui_model_scale": 4500,
        "move_attack": 1,
        "attack_delay": 1100,
        "use_delay": 1200,
        "run_anim_factor": 50,
        "blood_bar_h": 230
    },
    "504": {
        "model": "yishou3",
        "armature": "whitelion",
        "flip": 1,
        "model_type": 5,
        "model_scale": 6000,
        "ui_model_scale": 4500,
        "move_attack": 1,
        "attack_delay": 1100,
        "use_delay": 1200,
        "run_anim_factor": 50,
        "blood_bar_h": 230
    },
    "505": {
        "model": "yishou4",
        "armature": "zebra1",
        "flip": 1,
        "model_type": 5,
        "model_scale": 6000,
        "ui_model_scale": 4500,
        "move_attack": 1,
        "attack_delay": 1100,
        "use_delay": 1200,
        "run_anim_factor": 50,
        "blood_bar_h": 230
    },
    "506": {
        "model": "yishou5",
        "armature": "bird01",
        "flip": 1,
        "model_type": 5,
        "model_scale": 6000,
        "ui_model_scale": 4500,
        "move_attack": 1,
        "attack_delay": 1100,
        "use_delay": 1200,
        "run_anim_factor": 50,
        "blood_bar_h": 230
    },
    "507": {
        "model": "yishou6",
        "armature": "xuebao",
        "flip": 1,
        "model_type": 5,
        "model_scale": 6000,
        "ui_model_scale": 4500,
        "move_attack": 1,
        "attack_delay": 1100,
        "use_delay": 1200,
        "run_anim_factor": 50,
        "blood_bar_h": 230
    },
    "508": {
        "model": "yishou7",
        "armature": "changbolu",
        "flip": 1,
        "model_type": 5,
        "model_scale": 6000,
        "ui_model_scale": 4500,
        "move_attack": 1,
        "attack_delay": 1100,
        "use_delay": 1200,
        "run_anim_factor": 50,
        "blood_bar_h": 230
    },
    "509": {
        "model": "yishou8",
        "armature": "tiger08",
        "flip": 1,
        "model_type": 5,
        "model_scale": 6000,
        "ui_model_scale": 4500,
        "move_attack": 1,
        "attack_delay": 1100,
        "use_delay": 1200,
        "run_anim_factor": 50,
        "blood_bar_h": 230
    },
    "510": {
        "model": "yishou9",
        "armature": "raptors02",
        "flip": 1,
        "model_type": 5,
        "model_scale": 6000,
        "ui_model_scale": 4500,
        "move_attack": 1,
        "attack_delay": 1100,
        "use_delay": 1200,
        "run_anim_factor": 50,
        "blood_bar_h": 230
    },
    "511": {
        "model": "yishou10",
        "armature": "bear09",
        "flip": 1,
        "model_type": 5,
        "model_scale": 6000,
        "ui_model_scale": 4500,
        "move_attack": 1,
        "attack_delay": 1100,
        "use_delay": 1200,
        "run_anim_factor": 50,
        "blood_bar_h": 230
    },
    "512": {
        "model": "yishou11",
        "armature": "kodomini",
        "flip": 1,
        "model_type": 5,
        "model_scale": 6000,
        "ui_model_scale": 6500,
        "move_attack": 1,
        "attack_delay": 1100,
        "use_delay": 1200,
        "run_anim_factor": 50,
        "blood_bar_h": 230
    },
    "513": {
        "model": "yishou12",
        "armature": "Dragon07",
        "flip": 1,
        "model_type": 5,
        "model_scale": 6000,
        "ui_model_scale": 4500,
        "move_attack": 1,
        "attack_delay": 1100,
        "use_delay": 1200,
        "run_anim_factor": 50,
        "blood_bar_h": 230
    },
    "514": {
        "model": "yishou13",
        "armature": "Dragon09",
        "flip": 1,
        "model_type": 5,
        "model_scale": 6000,
        "ui_model_scale": 4500,
        "move_attack": 1,
        "attack_delay": 1100,
        "use_delay": 1200,
        "run_anim_factor": 50,
        "blood_bar_h": 230
    },
    "515": {
        "model": "yishou14",
        "armature": "kodo2",
        "flip": 1,
        "model_type": 5,
        "model_scale": 6000,
        "ui_model_scale": 4500,
        "move_attack": 1,
        "attack_delay": 1100,
        "use_delay": 1200,
        "run_anim_factor": 50,
        "blood_bar_h": 230
    },
    "516": {
        "model": "yishou15",
        "armature": "Dragon03",
        "flip": 1,
        "model_type": 5,
        "model_scale": 6000,
        "ui_model_scale": 4500,
        "move_attack": 1,
        "attack_delay": 1100,
        "use_delay": 1200,
        "run_anim_factor": 50,
        "blood_bar_h": 230
    },
    "517": {
        "model": "yishou16",
        "armature": "kodocaptain",
        "flip": 1,
        "model_type": 5,
        "model_scale": 6000,
        "ui_model_scale": 4500,
        "move_attack": 1,
        "attack_delay": 1100,
        "use_delay": 1200,
        "run_anim_factor": 50,
        "blood_bar_h": 230
    },
    "518": {
        "model": "yishou17",
        "armature": "lion02",
        "flip": 1,
        "model_type": 5,
        "model_scale": 6000,
        "ui_model_scale": 4500,
        "move_attack": 1,
        "attack_delay": 1100,
        "use_delay": 1200,
        "run_anim_factor": 50,
        "blood_bar_h": 230
    },
    "519": {
        "model": "yishou18",
        "armature": "zebra4",
        "flip": 1,
        "model_type": 5,
        "model_scale": 6000,
        "ui_model_scale": 4500,
        "move_attack": 1,
        "attack_delay": 1100,
        "use_delay": 1200,
        "run_anim_factor": 50,
        "blood_bar_h": 230
    },
    "520": {
        "model": "yishou19",
        "armature": "wolf05",
        "flip": 1,
        "model_type": 5,
        "model_scale": 6000,
        "ui_model_scale": 4500,
        "move_attack": 1,
        "attack_delay": 1100,
        "use_delay": 1200,
        "run_anim_factor": 50,
        "blood_bar_h": 230
    },
    "521": {
        "model": "yishou20",
        "armature": "wolf04",
        "flip": 1,
        "model_type": 5,
        "model_scale": 6000,
        "ui_model_scale": 4500,
        "move_attack": 1,
        "attack_delay": 1100,
        "use_delay": 1200,
        "run_anim_factor": 50,
        "blood_bar_h": 230
    },
    "522": {
        "model": "yishou21",
        "armature": "pig01",
        "flip": 1,
        "model_type": 5,
        "model_scale": 6000,
        "ui_model_scale": 4500,
        "move_attack": 1,
        "attack_delay": 1100,
        "use_delay": 1200,
        "run_anim_factor": 50,
        "blood_bar_h": 230
    },
    "523": {
        "model": "yishou22",
        "armature": "wolf1",
        "flip": 1,
        "model_type": 5,
        "model_scale": 6000,
        "ui_model_scale": 4500,
        "move_attack": 1,
        "attack_delay": 1100,
        "use_delay": 1200,
        "run_anim_factor": 50,
        "blood_bar_h": 230
    },
    "524": {
        "model": "yishou23",
        "armature": "blacklion",
        "flip": 1,
        "model_type": 5,
        "model_scale": 6000,
        "ui_model_scale": 4500,
        "move_attack": 1,
        "attack_delay": 1100,
        "use_delay": 1200,
        "run_anim_factor": 50,
        "blood_bar_h": 230
    },
    "525": {
        "model": "yishou24",
        "armature": "raptors01",
        "flip": 1,
        "model_type": 5,
        "model_scale": 6000,
        "ui_model_scale": 4500,
        "move_attack": 1,
        "attack_delay": 1100,
        "use_delay": 1200,
        "run_anim_factor": 50,
        "blood_bar_h": 230
    },
    "526": {
        "model": "yishou25",
        "armature": "pig02",
        "flip": 1,
        "model_type": 5,
        "model_scale": 6000,
        "ui_model_scale": 4500,
        "move_attack": 1,
        "attack_delay": 1100,
        "use_delay": 1200,
        "run_anim_factor": 50,
        "blood_bar_h": 230
    },
    "527": {
        "model": "yishou26",
        "armature": "runbird01",
        "flip": 1,
        "model_type": 5,
        "model_scale": 6000,
        "ui_model_scale": 4500,
        "move_attack": 1,
        "attack_delay": 1100,
        "use_delay": 1200,
        "run_anim_factor": 50,
        "blood_bar_h": 230
    },
    "528": {
        "model": "yishou30",
        "armature": "tortoise",
        "flip": 1,
        "model_type": 5,
        "model_scale": 6000,
        "ui_model_scale": 4500,
        "move_attack": 1,
        "attack_delay": 1100,
        "use_delay": 1200,
        "run_anim_factor": 50,
        "blood_bar_h": 230
    },
    "529": {
        "model": "yishou31",
        "armature": "wolf",
        "flip": 1,
        "model_type": 5,
        "model_scale": 6000,
        "ui_model_scale": 4500,
        "move_attack": 1,
        "attack_delay": 1100,
        "use_delay": 1200,
        "run_anim_factor": 50,
        "blood_bar_h": 230
    },
    "530": {
        "model": "yishou32",
        "armature": "wolf02",
        "flip": 1,
        "model_type": 5,
        "model_scale": 6000,
        "ui_model_scale": 4500,
        "move_attack": 1,
        "attack_delay": 1100,
        "use_delay": 1200,
        "run_anim_factor": 50,
        "blood_bar_h": 230
    },
    "531": {
        "model": "yishou33",
        "armature": "wolf03",
        "flip": 1,
        "model_type": 5,
        "model_scale": 6000,
        "ui_model_scale": 4500,
        "move_attack": 1,
        "attack_delay": 1100,
        "use_delay": 1200,
        "run_anim_factor": 50,
        "blood_bar_h": 230
    },
    "532": {
        "model": "yishou34",
        "armature": "wolf",
        "flip": 1,
        "model_type": 5,
        "model_scale": 6000,
        "ui_model_scale": 4500,
        "move_attack": 1,
        "attack_delay": 1100,
        "use_delay": 1200,
        "run_anim_factor": 50,
        "blood_bar_h": 230
    },
    "NaN": {
        "model": "qiangshou1",
        "armature": "bodybattle",
        "anim_skill": "skill3",
        "flip": 1,
        "model_type": 5,
        "head": "img_js1_xz",
        "model_scale": 8500,
        "ui_model_scale": 8000,
        "move_attack": 0,
        "attack_bullet": "xiaohai_pugong",
        "attack_delay": 1100,
        "use_delay": 1200,
        "run_anim_factor": 50,
        "blood_bar_h": 200
    }
}