{
    "0": {
        "type": 1,
        "numid": 0,
        "name": "ใดก็ได้"
    },
    "1": {
        "type": 2,
        "numid": 0,
        "name": "ใดก็ได้"
    },
    "2": {
        "type": 1,
        "numid": 11,
        "name": "โต้กลับ"
    },
    "3": {
        "type": 2,
        "numid": 12,
        "name": "ต้านทานการโต้กลับ"
    },
    "4": {
        "type": 1,
        "numid": 14,
        "name": "โจมตีต่อเนื่อง"
    },
    "5": {
        "type": 2,
        "numid": 15,
        "name": "ต้านทานการโจมตีต่อเนื่อง"
    },
    "6": {
        "type": 1,
        "numid": 17,
        "name": "หลบหลีก"
    },
    "7": {
        "type": 2,
        "numid": 18,
        "name": "ต้านทานการหลบหลีก"
    },
    "8": {
        "type": 1,
        "numid": 19,
        "name": "คริติคอล"
    },
    "9": {
        "type": 2,
        "numid": 20,
        "name": "ต้านทานคริติคอล"
    },
    "10": {
        "type": 2,
        "numid": 25,
        "name": "ลดความเสียหาย"
    },
    "11": {
        "type": 1,
        "numid": 28,
        "name": "ความเสียหายสกิลใช้งาน"
    },
    "12": {
        "type": 1,
        "numid": 29,
        "name": "ความเสียหายสกิลไล่ล่า"
    },
    "13": {
        "type": 2,
        "numid": 30,
        "name": "ประสิทธิภาพการรักษา"
    }
}