{"1":{"hp":3000,"award":{"1001":20000,"1004":5},"quality":1,"weight":4500},"2":{"hp":3500,"award":{"1001":50000,"1004":5},"quality":2,"weight":2500},"3":{"hp":4000,"award":{"1001":80000,"1004":15},"quality":3,"weight":1500},"4":{"hp":4500,"award":{"1001":150000,"1004":20},"quality":4,"weight":1000},"5":{"hp":5000,"award":{"1001":300000,"1004":25},"quality":5,"weight":500},"6":{"hp":16000,"award":{"1003":120,"1004":30},"quality":1,"weight":0},"7":{"hp":20000,"award":{"1003":150,"1004":35},"quality":1,"weight":0},"8":{"hp":25000,"award":{"1003":180,"1004":40},"quality":1,"weight":0},"9":{"hp":30000,"award":{"1003":200,"1004":45},"quality":1,"weight":0},"10":{"hp":40000,"award":{"1003":220,"1004":50},"quality":1,"weight":0},"11":{"hp":50000,"award":{"1003":240,"1004":55},"quality":1,"weight":0},"12":{"hp":60000,"award":{"1003":260,"1004":60},"quality":1,"weight":0},"13":{"hp":80000,"award":{"1003":280,"1004":65},"quality":1,"weight":0},"14":{"hp":100000,"award":{"1003":300,"1004":70},"quality":1,"weight":0},"15":{"hp":120000,"award":{"1003":320,"1004":75},"quality":1,"weight":0},"16":{"hp":140000,"award":{"1003":340,"1004":80},"quality":1,"weight":0},"17":{"hp":160000,"award":{"1003":360,"1004":85},"quality":1,"weight":0},"18":{"hp":180000,"award":{"1003":380,"1004":90},"quality":1,"weight":0},"19":{"hp":200000,"award":{"1003":400,"1004":95},"quality":1,"weight":0},"20":{"hp":220000,"award":{"1003":420,"1004":100},"quality":1,"weight":0},"21":{"hp":240000,"award":{"1003":440,"1004":105},"quality":1,"weight":0},"22":{"hp":260000,"award":{"1003":460,"1004":110},"quality":1,"weight":0},"23":{"hp":280000,"award":{"1003":480,"1004":115},"quality":1,"weight":0},"24":{"hp":300000,"award":{"1003":500,"1004":120},"quality":1,"weight":0},"25":{"hp":350000,"award":{"1003":520,"1004":125},"quality":1,"weight":0},"26":{"hp":400000,"award":{"1003":540,"1004":130},"quality":1,"weight":0},"27":{"hp":450000,"award":{"1003":560,"1004":135},"quality":1,"weight":0},"28":{"hp":500000,"award":{"1003":580,"1004":140},"quality":1,"weight":0},"29":{"hp":550000,"award":{"1003":600,"1004":145},"quality":1,"weight":0},"30":{"hp":600000,"award":{"1003":620,"1004":150},"quality":1,"weight":0},"31":{"hp":650000,"award":{"1003":640,"1004":155},"quality":1,"weight":0},"32":{"hp":700000,"award":{"1003":660,"1004":160},"quality":1,"weight":0},"33":{"hp":750000,"award":{"1003":680,"1004":165},"quality":1,"weight":0},"34":{"hp":800000,"award":{"1003":700,"1004":170},"quality":1,"weight":0},"35":{"hp":850000,"award":{"1003":720,"1004":175},"quality":1,"weight":0},"36":{"hp":900000,"award":{"1003":740,"1004":180},"quality":1,"weight":0},"37":{"hp":950000,"award":{"1003":760,"1004":185},"quality":1,"weight":0},"38":{"hp":1000000,"award":{"1003":780,"1004":190},"quality":1,"weight":0},"39":{"hp":1050000,"award":{"1003":800,"1004":195},"quality":1,"weight":0},"40":{"hp":1100000,"award":{"1003":820,"1004":200},"quality":1,"weight":0},"41":{"hp":1150000,"award":{"1003":840,"1004":205},"quality":1,"weight":0},"42":{"hp":1200000,"award":{"1003":860,"1004":210},"quality":1,"weight":0},"43":{"hp":1250000,"award":{"1003":880,"1004":215},"quality":1,"weight":0},"44":{"hp":1300000,"award":{"1003":900,"1004":220},"quality":1,"weight":0},"45":{"hp":1350000,"award":{"1003":920,"1004":225},"quality":1,"weight":0},"46":{"hp":1400000,"award":{"1003":940,"1004":230},"quality":1,"weight":0},"47":{"hp":1450000,"award":{"1003":960,"1004":235},"quality":1,"weight":0},"48":{"hp":1500000,"award":{"1003":980,"1004":240},"quality":1,"weight":0},"49":{"hp":1550000,"award":{"1003":1000,"1004":245},"quality":1,"weight":0},"50":{"hp":1600000,"award":{"1003":1020,"1004":260},"quality":1,"weight":0}}