{
  "1001": {
    "min": 1500,
    "max": 3500,
    "desc": "สุ่มรับเหรียญทอง 1500-3500 เหรียญ"
  },
  "1003": {
    "min": 10,
    "max": 30,
    "desc": "สุ่มรับเหล็กอุกกาบาต 10-30 ชิ้น"
  },
  "1012": {
    "min": 1,
    "max": 4,
    "desc": "สุ่มรับลูกเต๋า 1-4 ลูก"
  },
  "1013": {
    "min": 1,
    "max": 2,
    "desc": "สุ่มรับลูกเต๋านำโชค 1-2 ลูก"
  },
  "1014": {
    "min": 3,
    "max": 6,
    "desc": "สุ่มรับพิมพ์เขียวอัปเกรดกระสุนปืนใหญ่ 3-6 ใบ"
  },
  "1015": {
    "min": 1,
    "max": 1,
    "desc": "ปืนใหญ่ได้รับการชาร์จพลัง การโจมตีครั้งต่อไปจะสร้างความเสียหายสองเท่า"
  },
  "1016": {
    "min": 6,
    "max": 12,
    "desc": "สุ่มเพิ่มพลังงาน 6-12 แต้มให้กับปืนใหญ่"
  },
  "1018": {
    "min": 4,
    "max": 8,
    "desc": "สุ่มรับมิธริล 4-8 ชิ้น"
  },
  "1047": {
    "min": 1,
    "max": 1,
    "desc": "ได้รับตั๋วจับรางวัล 1 ใบ"
  }
}