{
    "1": {
        "name": "กระสุนธรรมดา",
        "type": 1009,
        "lv": 1,
        "cost": {
            "1014": 1
        },
        "damage": 300,
        "dot": 0,
        "over": 0,
        "time": 0
    },
    "2": {
        "name": "กระสุนธรรมดา",
        "type": 1009,
        "lv": 2,
        "cost": {
            "1014": 3
        },
        "damage": 400,
        "dot": 0,
        "over": 0,
        "time": 0
    },
    "3": {
        "name": "กระสุนธรรมดา",
        "type": 1009,
        "lv": 3,
        "cost": {
            "1014": 5
        },
        "damage": 500,
        "dot": 0,
        "over": 0,
        "time": 0
    },
    "4": {
        "name": "กระสุนธรรมดา",
        "type": 1009,
        "lv": 4,
        "cost": {
            "1014": 8
        },
        "damage": 600,
        "dot": 0,
        "over": 0,
        "time": 0
    },
    "5": {
        "name": "กระสุนธรรมดา",
        "type": 1009,
        "lv": 5,
        "cost": {
            "1014": 10
        },
        "damage": 700,
        "dot": 0,
        "over": 0,
        "time": 0
    },
    "6": {
        "name": "กระสุนธรรมดา",
        "type": 1009,
        "lv": 6,
        "cost": {
            "1014": 12
        },
        "damage": 800,
        "dot": 0,
        "over": 0,
        "time": 0
    },
    "7": {
        "name": "กระสุนธรรมดา",
        "type": 1009,
        "lv": 7,
        "cost": {
            "1014": 14
        },
        "damage": 900,
        "dot": 0,
        "over": 0,
        "time": 0
    },
    "8": {
        "name": "กระสุนธรรมดา",
        "type": 1009,
        "lv": 8,
        "cost": {
            "1014": 16
        },
        "damage": 1000,
        "dot": 0,
        "over": 0,
        "time": 0
    },
    "9": {
        "name": "กระสุนธรรมดา",
        "type": 1009,
        "lv": 9,
        "cost": {
            "1014": 18
        },
        "damage": 1100,
        "dot": 0,
        "over": 0,
        "time": 0
    },
    "10": {
        "name": "กระสุนธรรมดา",
        "type": 1009,
        "lv": 10,
        "cost": {
            "1014": 20
        },
        "damage": 1200,
        "dot": 0,
        "over": 0,
        "time": 0
    },
    "11": {
        "name": "กระสุนเพลิง",
        "type": 1010,
        "lv": 1,
        "cost": {
            "1014": 1
        },
        "damage": 0,
        "dot": 150,
        "over": 0,
        "time": 3
    },
    "12": {
        "name": "กระสุนเพลิง",
        "type": 1010,
        "lv": 2,
        "cost": {
            "1014": 3
        },
        "damage": 0,
        "dot": 200,
        "over": 0,
        "time": 3
    },
    "13": {
        "name": "กระสุนเพลิง",
        "type": 1010,
        "lv": 3,
        "cost": {
            "1014": 5
        },
        "damage": 0,
        "dot": 250,
        "over": 0,
        "time": 3
    },
    "14": {
        "name": "กระสุนเพลิง",
        "type": 1010,
        "lv": 4,
        "cost": {
            "1014": 8
        },
        "damage": 0,
        "dot": 300,
        "over": 0,
        "time": 3
    },
    "15": {
        "name": "กระสุนเพลิง",
        "type": 1010,
        "lv": 5,
        "cost": {
            "1014": 10
        },
        "damage": 0,
        "dot": 350,
        "over": 0,
        "time": 3
    },
    "16": {
        "name": "กระสุนเพลิง",
        "type": 1010,
        "lv": 6,
        "cost": {
            "1014": 12
        },
        "damage": 0,
        "dot": 400,
        "over": 0,
        "time": 3
    },
    "17": {
        "name": "กระสุนเพลิง",
        "type": 1010,
        "lv": 7,
        "cost": {
            "1014": 14
        },
        "damage": 0,
        "dot": 450,
        "over": 0,
        "time": 3
    },
    "18": {
        "name": "กระสุนเพลิง",
        "type": 1010,
        "lv": 8,
        "cost": {
            "1014": 16
        },
        "damage": 0,
        "dot": 500,
        "over": 0,
        "time": 3
    },
    "19": {
        "name": "กระสุนเพลิง",
        "type": 1010,
        "lv": 9,
        "cost": {
            "1014": 18
        },
        "damage": 0,
        "dot": 550,
        "over": 0,
        "time": 3
    },
    "20": {
        "name": "กระสุนเพลิง",
        "type": 1010,
        "lv": 10,
        "cost": {
            "1014": 20
        },
        "damage": 0,
        "dot": 600,
        "over": 0,
        "time": 3
    },
    "21": {
        "name": "ระเบิดเวลา",
        "type": 1011,
        "lv": 1,
        "cost": {
            "1014": 1
        },
        "damage": 0,
        "dot": 0,
        "over": 600,
        "time": 4
    },
    "22": {
        "name": "ระเบิดเวลา",
        "type": 1011,
        "lv": 2,
        "cost": {
            "1014": 3
        },
        "damage": 0,
        "dot": 0,
        "over": 800,
        "time": 4
    },
    "23": {
        "name": "ระเบิดเวลา",
        "type": 1011,
        "lv": 3,
        "cost": {
            "1014": 5
        },
        "damage": 0,
        "dot": 0,
        "over": 1000,
        "time": 4
    },
    "24": {
        "name": "ระเบิดเวลา",
        "type": 1011,
        "lv": 4,
        "cost": {
            "1014": 8
        },
        "damage": 0,
        "dot": 0,
        "over": 1200,
        "time": 4
    },
    "25": {
        "name": "ระเบิดเวลา",
        "type": 1011,
        "lv": 5,
        "cost": {
            "1014": 10
        },
        "damage": 0,
        "dot": 0,
        "over": 1400,
        "time": 4
    },
    "26": {
        "name": "ระเบิดเวลา",
        "type": 1011,
        "lv": 6,
        "cost": {
            "1014": 12
        },
        "damage": 0,
        "dot": 0,
        "over": 1600,
        "time": 4
    },
    "27": {
        "name": "ระเบิดเวลา",
        "type": 1011,
        "lv": 7,
        "cost": {
            "1014": 14
        },
        "damage": 0,
        "dot": 0,
        "over": 1800,
        "time": 4
    },
    "28": {
        "name": "ระเบิดเวลา",
        "type": 1011,
        "lv": 8,
        "cost": {
            "1014": 16
        },
        "damage": 0,
        "dot": 0,
        "over": 2000,
        "time": 4
    },
    "29": {
        "name": "ระเบิดเวลา",
        "type": 1011,
        "lv": 9,
        "cost": {
            "1014": 18
        },
        "damage": 0,
        "dot": 0,
        "over": 2200,
        "time": 4
    },
    "30": {
        "name": "ระเบิดเวลา",
        "type": 1011,
        "lv": 10,
        "cost": {
            "1014": 20
        },
        "damage": 0,
        "dot": 0,
        "over": 2400,
        "time": 4
    }
}