{"1":{"min":1,"max":1,"award":[{"i":1013,"n":10},{"i":1001,"n":30000},{"i":1004,"n":50}]},"2":{"min":2,"max":2,"award":[{"i":1013,"n":8},{"i":1001,"n":25000},{"i":1004,"n":30}]},"3":{"min":3,"max":3,"award":[{"i":1013,"n":6},{"i":1001,"n":20000},{"i":1004,"n":20}]},"4":{"min":4,"max":4,"award":[{"i":1013,"n":5},{"i":1001,"n":15000},{"i":1004,"n":10}]},"5":{"min":5,"max":5,"award":[{"i":1013,"n":4},{"i":1001,"n":10000},{"i":1004,"n":10}]},"6":{"min":6,"max":10,"award":[{"i":1013,"n":3},{"i":1001,"n":8000},{"i":1004,"n":10}]},"7":{"min":11,"max":50,"award":[{"i":1013,"n":2},{"i":1001,"n":5000},{"i":1004,"n":10}]},"8":{"min":51,"max":300,"award":[{"i":1013,"n":1},{"i":1001,"n":3000},{"i":1004,"n":10}]},"9":{"min":301,"max":9999,"award":[{"i":1013,"n":1},{"i":1001,"n":2000},{"i":1004,"n":10}]}}