{"1":{"drop1":[8401],"drop2":[8501]},"2":{"drop1":[8402],"drop2":[8502]},"3":{"drop1":[8403],"drop2":[8503]},"4":{"drop1":[8404],"drop2":[8504]},"5":{"drop1":[8405],"drop2":[8505]},"6":{"drop1":[8406],"drop2":[8506]},"7":{"drop1":[8407],"drop2":[8507]},"8":{"drop1":[8408],"drop2":[8508]},"9":{"drop1":[8409],"drop2":[8509]},"10":{"drop1":[8410],"drop2":[8510]},"11":{"drop1":[8411],"drop2":[8511]},"12":{"drop1":[8412],"drop2":[8512]},"13":{"drop1":[8413],"drop2":[8513]},"14":{"drop1":[8414],"drop2":[8514]},"15":{"drop1":[8415],"drop2":[8515]}}