{"1":{"min":1,"max":1,"award":[{"i":1004,"n":40},{"i":1002,"n":1500}]},"2":{"min":2,"max":2,"award":[{"i":1004,"n":30},{"i":1002,"n":1000}]},"3":{"min":3,"max":3,"award":[{"i":1004,"n":25},{"i":1002,"n":800}]},"4":{"min":4,"max":4,"award":[{"i":1004,"n":20},{"i":1002,"n":500}]},"5":{"min":5,"max":5,"award":[{"i":1004,"n":15},{"i":1002,"n":400}]},"6":{"min":6,"max":10,"award":[{"i":1004,"n":15},{"i":1002,"n":300}]},"7":{"min":11,"max":50,"award":[{"i":1004,"n":10},{"i":1002,"n":200}]},"8":{"min":51,"max":300,"award":[{"i":1004,"n":10},{"i":1002,"n":100}]},"9":{"min":301,"max":9999,"award":[{"i":1004,"n":5},{"i":1002,"n":50}]}}