{
    "1": {
        "name": "ไม่มีโฆษณา",
        "type": 1,
        "systemid": 0,
        "param": 0,
        "val": 0,
        "dec": "ไม่มีโฆษณา"
    },
    "2": {
        "name": "รับเพชร",
        "type": 1,
        "systemid": 0,
        "param": 0,
        "val": 0,
        "dec": "รับเพชรทันที *688"
    },
    "3": {
        "name": "รับแร่เมทีโอไรต์ฟรีทุกวัน %d",
        "type": 6,
        "systemid": 1014,
        "param": 1003,
        "val": 388,
        "dec": "รับแร่เมทีโอไรต์ฟรีทุกวัน *388"
    },
    "4": {
        "name": "จำนวนครั้งที่รับเหรียญสวัสดิการรายวัน +%d",
        "type": 2,
        "systemid": 1018,
        "param": 4,
        "val": 1,
        "dec": "จำนวนครั้งที่รับเหรียญสวัสดิการรายวัน +1"
    },
    "5": {
        "name": "จำนวนครั้งที่รับเพชรสวัสดิการรายวัน +%d",
        "type": 2,
        "systemid": 1018,
        "param": 5,
        "val": 1,
        "dec": "จำนวนครั้งที่รับเพชรสวัสดิการรายวัน +1"
    },
    "6": {
        "name": "จำนวนครั้งที่รับค่าประสบการณ์สวัสดิการรายวัน +%d",
        "type": 2,
        "systemid": 1018,
        "param": 6,
        "val": 1,
        "dec": "จำนวนครั้งที่รับค่าประสบการณ์สวัสดิการรายวัน +1"
    },
    "7": {
        "name": "จำนวนครั้งการวางสายด่วนรายวัน +%d",
        "type": 3,
        "systemid": 1006,
        "param": 0,
        "val": 1,
        "dec": "จำนวนครั้งการวางสายด่วนรายวัน +1"
    },
    "8": {
        "name": "อัตราดรอปเหรียญเมื่อวางสาย +%d%%",
        "type": 4,
        "systemid": 1006,
        "param": 1001,
        "val": 2500,
        "dec": "อัตราดรอปเหรียญเมื่อวางสาย +25%"
    },
    "9": {
        "name": "อัตราดรอปค่าประสบการณ์เมื่อวางสาย +%d%%",
        "type": 5,
        "systemid": 1006,
        "param": 0,
        "val": 2500,
        "dec": "อัตราดรอปค่าประสบการณ์เมื่อวางสาย +25%"
    },
    "10": {
        "name": "อัตราดรอปแร่เมทีโอไรต์เมื่อวางสาย +%d%%",
        "type": 4,
        "systemid": 1006,
        "param": 1003,
        "val": 2500,
        "dec": "อัตราดรอปแร่เมทีโอไรต์เมื่อวางสาย +25%"
    },
    "11": {
        "name": "เหรียญตราเพิ่มค่าประสบการณ์พิเศษ %d",
        "type": 7,
        "systemid": 1021,
        "param": 0,
        "val": 1,
        "dec": "เหรียญตราเพิ่มค่าประสบการณ์พิเศษ 1 แต้ม"
    },
    "12": {
        "name": "รับเพชรฟรีทุกวัน %d",
        "type": 6,
        "systemid": 1014,
        "param": 1002,
        "val": 100,
        "dec": "รับเพชรฟรีทุกวัน *100"
    },
    "13": {
        "name": "รับหนังสือสกิลฟรีทุกวัน",
        "type": 6,
        "systemid": 1014,
        "param": 2028,
        "val": 20,
        "dec": "รับหนังสือสกิลผู้กล้าหาญฟรีทุกวัน"
    },
    "14": {
        "name": "ข้ามการต่อสู้",
        "type": 8,
        "systemid": 0,
        "param": 0,
        "val": 0,
        "dec": "ข้ามการต่อสู้"
    },
    "15": {
        "name": "เร่งความเร็วการตีเหล็ก",
        "type": 9,
        "systemid": 0,
        "param": 0,
        "val": 0,
        "dec": "เร่งความเร็วการตีเหล็ก"
    },
    "16": {
        "name": "รับแร่เมทีโอไรต์ฟรีทุกวัน %d",
        "type": 6,
        "systemid": 1041,
        "param": 1003,
        "val": 1288,
        "dec": "รับแร่เมทีโอไรต์ฟรีทุกวัน *1288"
    },
    "17": {
        "name": "รับเพชรฟรีทุกวัน %d",
        "type": 6,
        "systemid": 1041,
        "param": 1002,
        "val": 588,
        "dec": "รับเพชรฟรีทุกวัน *588"
    },
    "18": {
        "name": "รับเพชร",
        "type": 1,
        "systemid": 0,
        "param": 0,
        "val": 0,
        "dec": "รับเพชรทันที *5888"
    },
    "19": {
        "name": "รับเหยื่อตกปลาฟรีทุกวัน",
        "type": 6,
        "systemid": 1041,
        "param": 1041,
        "val": 5,
        "dec": "รับเหยื่อตกปลาฟรีทุกวัน *5"
    }
}