{"1":{"min":1,"max":1,"award":[{"i":1001,"n":15000},{"i":1005,"n":15},{"i":1003,"n":130},{"i":1007,"n":30}]},"2":{"min":2,"max":2,"award":[{"i":1001,"n":10000},{"i":1005,"n":10},{"i":1003,"n":90},{"i":1007,"n":25}]},"3":{"min":3,"max":3,"award":[{"i":1001,"n":8000},{"i":1005,"n":8},{"i":1003,"n":75},{"i":1007,"n":20}]},"4":{"min":4,"max":4,"award":[{"i":1001,"n":6000},{"i":1005,"n":6},{"i":1003,"n":60},{"i":1007,"n":18}]},"5":{"min":5,"max":5,"award":[{"i":1001,"n":5000},{"i":1005,"n":5},{"i":1003,"n":50},{"i":1007,"n":15}]},"6":{"min":6,"max":10,"award":[{"i":1001,"n":4000},{"i":1005,"n":4},{"i":1003,"n":40},{"i":1007,"n":15}]},"7":{"min":11,"max":20,"award":[{"i":1001,"n":3000},{"i":1005,"n":3},{"i":1003,"n":30},{"i":1007,"n":15}]},"8":{"min":21,"max":50,"award":[{"i":1001,"n":2000},{"i":1005,"n":2},{"i":1003,"n":20},{"i":1007,"n":10}]},"9":{"min":51,"max":100,"award":[{"i":1001,"n":1000},{"i":1005,"n":1},{"i":1003,"n":10},{"i":1007,"n":5}]},"10":{"min":101,"max":500,"award":[{"i":1001,"n":500},{"i":1005,"n":1},{"i":1003,"n":5},{"i":1007,"n":5}]}}