{"1":{"type":0,"min":1,"max":1,"award":[{"i":1001,"n":15000},{"i":1005,"n":30},{"i":1003,"n":260},{"i":1041,"n":15}]},"2":{"type":0,"min":2,"max":2,"award":[{"i":1001,"n":10000},{"i":1005,"n":20},{"i":1003,"n":180},{"i":1041,"n":10}]},"3":{"type":0,"min":3,"max":3,"award":[{"i":1001,"n":8000},{"i":1005,"n":15},{"i":1003,"n":150},{"i":1041,"n":8}]},"4":{"type":0,"min":4,"max":4,"award":[{"i":1001,"n":6000},{"i":1005,"n":12},{"i":1003,"n":120},{"i":1041,"n":6}]},"5":{"type":0,"min":5,"max":5,"award":[{"i":1001,"n":5000},{"i":1005,"n":10},{"i":1003,"n":100},{"i":1041,"n":5}]},"6":{"type":0,"min":6,"max":10,"award":[{"i":1001,"n":4000},{"i":1005,"n":8},{"i":1003,"n":80},{"i":1041,"n":4}]},"7":{"type":0,"min":11,"max":20,"award":[{"i":1001,"n":3000},{"i":1005,"n":6},{"i":1003,"n":60},{"i":1041,"n":3}]},"8":{"type":0,"min":21,"max":50,"award":[{"i":1001,"n":2000},{"i":1005,"n":4},{"i":1003,"n":40},{"i":1041,"n":2}]},"9":{"type":0,"min":51,"max":100,"award":[{"i":1001,"n":1000},{"i":1005,"n":2},{"i":1003,"n":30},{"i":1041,"n":1}]},"10":{"type":0,"min":101,"max":500,"award":[{"i":1001,"n":500},{"i":1005,"n":1},{"i":1003,"n":20},{"i":1007,"n":1}]},"11":{"type":1,"min":1,"max":1,"award":[{"i":1001,"n":15000},{"i":1005,"n":30},{"i":1003,"n":260},{"i":1018,"n":300}]},"12":{"type":1,"min":2,"max":2,"award":[{"i":1001,"n":10000},{"i":1005,"n":20},{"i":1003,"n":180},{"i":1018,"n":200}]},"13":{"type":1,"min":3,"max":3,"award":[{"i":1001,"n":8000},{"i":1005,"n":15},{"i":1003,"n":150},{"i":1018,"n":150}]},"14":{"type":1,"min":4,"max":4,"award":[{"i":1001,"n":6000},{"i":1005,"n":12},{"i":1003,"n":120},{"i":1018,"n":120}]},"15":{"type":1,"min":5,"max":5,"award":[{"i":1001,"n":5000},{"i":1005,"n":10},{"i":1003,"n":100},{"i":1018,"n":100}]},"16":{"type":1,"min":6,"max":10,"award":[{"i":1001,"n":4000},{"i":1005,"n":8},{"i":1003,"n":80},{"i":1018,"n":80}]},"17":{"type":1,"min":11,"max":20,"award":[{"i":1001,"n":3000},{"i":1005,"n":6},{"i":1003,"n":60},{"i":1018,"n":60}]},"18":{"type":1,"min":21,"max":50,"award":[{"i":1001,"n":2000},{"i":1005,"n":4},{"i":1003,"n":40},{"i":1018,"n":40}]},"19":{"type":1,"min":51,"max":100,"award":[{"i":1001,"n":1000},{"i":1005,"n":2},{"i":1003,"n":30},{"i":1018,"n":20}]},"20":{"type":1,"min":101,"max":500,"award":[{"i":1001,"n":500},{"i":1005,"n":1},{"i":1003,"n":20},{"i":1018,"n":10}]},"21":{"type":4,"min":1,"max":1,"award":[{"i":1001,"n":15000},{"i":1005,"n":30},{"i":1003,"n":260},{"i":1034,"n":200}]},"22":{"type":4,"min":2,"max":2,"award":[{"i":1001,"n":10000},{"i":1005,"n":20},{"i":1003,"n":180},{"i":1034,"n":150}]},"23":{"type":4,"min":3,"max":3,"award":[{"i":1001,"n":8000},{"i":1005,"n":15},{"i":1003,"n":150},{"i":1034,"n":100}]},"24":{"type":4,"min":4,"max":4,"award":[{"i":1001,"n":6000},{"i":1005,"n":12},{"i":1003,"n":120},{"i":1034,"n":80}]},"25":{"type":4,"min":5,"max":5,"award":[{"i":1001,"n":5000},{"i":1005,"n":10},{"i":1003,"n":100},{"i":1034,"n":60}]},"26":{"type":4,"min":6,"max":10,"award":[{"i":1001,"n":4000},{"i":1005,"n":8},{"i":1003,"n":80},{"i":1034,"n":50}]},"27":{"type":4,"min":11,"max":20,"award":[{"i":1001,"n":3000},{"i":1005,"n":6},{"i":1003,"n":60},{"i":1034,"n":30}]},"28":{"type":4,"min":21,"max":50,"award":[{"i":1001,"n":2000},{"i":1005,"n":4},{"i":1003,"n":40},{"i":1034,"n":20}]},"29":{"type":4,"min":51,"max":100,"award":[{"i":1001,"n":1000},{"i":1005,"n":2},{"i":1003,"n":30},{"i":1034,"n":10}]},"30":{"type":4,"min":101,"max":500,"award":[{"i":1001,"n":500},{"i":1005,"n":1},{"i":1003,"n":20},{"i":1034,"n":5}]},"31":{"type":5,"min":1,"max":1,"award":[{"i":1001,"n":15000},{"i":1005,"n":30},{"i":1003,"n":260},{"i":1034,"n":200}]},"32":{"type":5,"min":2,"max":2,"award":[{"i":1001,"n":10000},{"i":1005,"n":20},{"i":1003,"n":180},{"i":1034,"n":150}]},"33":{"type":5,"min":3,"max":3,"award":[{"i":1001,"n":8000},{"i":1005,"n":15},{"i":1003,"n":150},{"i":1034,"n":100}]},"34":{"type":5,"min":4,"max":4,"award":[{"i":1001,"n":6000},{"i":1005,"n":12},{"i":1003,"n":120},{"i":1034,"n":80}]},"35":{"type":5,"min":5,"max":5,"award":[{"i":1001,"n":5000},{"i":1005,"n":10},{"i":1003,"n":100},{"i":1034,"n":60}]},"36":{"type":5,"min":6,"max":10,"award":[{"i":1001,"n":4000},{"i":1005,"n":8},{"i":1003,"n":80},{"i":1034,"n":50}]},"37":{"type":5,"min":11,"max":20,"award":[{"i":1001,"n":3000},{"i":1005,"n":6},{"i":1003,"n":60},{"i":1034,"n":30}]},"38":{"type":5,"min":21,"max":50,"award":[{"i":1001,"n":2000},{"i":1005,"n":4},{"i":1003,"n":40},{"i":1034,"n":20}]},"39":{"type":5,"min":51,"max":100,"award":[{"i":1001,"n":1000},{"i":1005,"n":2},{"i":1003,"n":30},{"i":1034,"n":10}]},"40":{"type":5,"min":101,"max":500,"award":[{"i":1001,"n":500},{"i":1005,"n":1},{"i":1003,"n":20},{"i":1034,"n":5}]},"41":{"type":2,"min":1,"max":1,"award":[{"i":1007,"n":300},{"i":1002,"n":300}]},"42":{"type":2,"min":2,"max":2,"award":[{"i":1007,"n":200},{"i":1002,"n":200}]},"43":{"type":2,"min":3,"max":3,"award":[{"i":1007,"n":150},{"i":1002,"n":100}]},"44":{"type":2,"min":4,"max":4,"award":[{"i":1007,"n":120},{"i":1002,"n":80}]},"45":{"type":2,"min":5,"max":5,"award":[{"i":1007,"n":100},{"i":1002,"n":50}]},"46":{"type":2,"min":6,"max":10,"award":[{"i":1007,"n":50},{"i":1002,"n":50}]},"47":{"type":2,"min":11,"max":20,"award":[{"i":1007,"n":40},{"i":1002,"n":50}]},"48":{"type":2,"min":21,"max":50,"award":[{"i":1007,"n":30},{"i":1002,"n":50}]},"49":{"type":2,"min":51,"max":300,"award":[{"i":1007,"n":20},{"i":1002,"n":10}]},"50":{"type":2,"min":301,"max":9999,"award":[{"i":1007,"n":10},{"i":1002,"n":10}]},"51":{"type":1002,"min":1,"max":1,"award":[{"i":1008,"n":100},{"i":1002,"n":2000}]},"52":{"type":1002,"min":2,"max":2,"award":[{"i":1008,"n":80},{"i":1002,"n":1500}]},"53":{"type":1002,"min":3,"max":3,"award":[{"i":1008,"n":60},{"i":1002,"n":1000}]},"54":{"type":1002,"min":4,"max":4,"award":[{"i":1008,"n":50},{"i":1002,"n":800}]},"55":{"type":1002,"min":5,"max":5,"award":[{"i":1008,"n":50},{"i":1002,"n":600}]},"56":{"type":1002,"min":6,"max":10,"award":[{"i":1008,"n":50},{"i":1002,"n":400}]},"57":{"type":1002,"min":11,"max":20,"award":[{"i":1008,"n":40},{"i":1003,"n":200}]},"58":{"type":1002,"min":21,"max":50,"award":[{"i":1008,"n":30},{"i":1003,"n":100}]},"59":{"type":1002,"min":51,"max":300,"award":[{"i":1008,"n":20},{"i":1003,"n":60}]},"60":{"type":1002,"min":301,"max":9999,"award":[{"i":1007,"n":10},{"i":1002,"n":10}]},"61":{"type":6,"min":1,"max":1,"award":[{"i":5003,"n":1}]},"62":{"type":6,"min":2,"max":5,"award":[{"i":5002,"n":1}]},"63":{"type":6,"min":6,"max":10,"award":[{"i":5001,"n":1}]},"64":{"type":6,"min":11,"max":9999,"award":[{"i":1007,"n":10},{"i":1002,"n":100}]},"65":{"type":1006,"min":1,"max":1,"award":[{"i":1041,"n":888},{"i":1018,"n":188},{"i":1002,"n":588}]},"66":{"type":1006,"min":2,"max":2,"award":[{"i":1041,"n":488},{"i":1018,"n":88},{"i":1002,"n":388}]},"67":{"type":1006,"min":3,"max":3,"award":[{"i":1041,"n":288},{"i":1018,"n":48},{"i":1002,"n":188}]},"68":{"type":1006,"min":4,"max":4,"award":[{"i":1004,"n":128},{"i":1005,"n":88},{"i":1001,"n":48888}]},"69":{"type":1006,"min":5,"max":5,"award":[{"i":1004,"n":88},{"i":1005,"n":68},{"i":1001,"n":38888}]},"70":{"type":1006,"min":6,"max":10,"award":[{"i":1004,"n":68},{"i":1005,"n":48},{"i":1001,"n":18888}]},"71":{"type":1006,"min":11,"max":20,"award":[{"i":1004,"n":28},{"i":1005,"n":28},{"i":1001,"n":8888}]},"72":{"type":1006,"min":21,"max":50,"award":[{"i":1004,"n":18},{"i":1005,"n":18},{"i":1001,"n":2888}]},"73":{"type":1006,"min":51,"max":100,"award":[{"i":1004,"n":8},{"i":1005,"n":8},{"i":1001,"n":1888}]},"74":{"type":1006,"min":101,"max":500,"award":[{"i":1004,"n":5},{"i":1005,"n":5},{"i":1001,"n":888}]}}