{
    "101": {
        "mid": [
            101001,
            102001,
            103001,
            104001
        ],
        "group": 1,
        "level": 1,
        "name": "คมดาบปรากฏ",
        "hp_rate": 0,
        "atk_rate": 0,
        "def_rate": 0,
        "aktBack_pro": 200,
        "douleAtk_pro": 0,
        "miss": 0,
        "criticalAtk_pro": 0,
        "add_damage_rate": 0
    },
    "102": {
        "mid": [
            101003,
            102003,
            103003,
            104003
        ],
        "group": 1,
        "level": 2,
        "name": "คมดาบปรากฏ",
        "hp_rate": 0,
        "atk_rate": 0,
        "def_rate": 0,
        "aktBack_pro": 400,
        "douleAtk_pro": 0,
        "miss": 0,
        "criticalAtk_pro": 0,
        "add_damage_rate": 0
    },
    "103": {
        "mid": [
            101005,
            102005,
            103005,
            104005
        ],
        "group": 1,
        "level": 3,
        "name": "คมดาบปรากฏ",
        "hp_rate": 0,
        "atk_rate": 0,
        "def_rate": 0,
        "aktBack_pro": 600,
        "douleAtk_pro": 0,
        "miss": 0,
        "criticalAtk_pro": 0,
        "add_damage_rate": 0
    },
    "104": {
        "mid": [
            101007,
            102007,
            103007,
            104007
        ],
        "group": 1,
        "level": 4,
        "name": "คมดาบปรากฏ",
        "hp_rate": 0,
        "atk_rate": 0,
        "def_rate": 0,
        "aktBack_pro": 800,
        "douleAtk_pro": 0,
        "miss": 0,
        "criticalAtk_pro": 0,
        "add_damage_rate": 0
    },
    "105": {
        "mid": [
            101009,
            102009,
            103009,
            104009
        ],
        "group": 1,
        "level": 5,
        "name": "คมดาบปรากฏ",
        "hp_rate": 0,
        "atk_rate": 0,
        "def_rate": 0,
        "aktBack_pro": 1000,
        "douleAtk_pro": 0,
        "miss": 0,
        "criticalAtk_pro": 0,
        "add_damage_rate": 0
    },
    "106": {
        "mid": [
            101012,
            102012,
            103012,
            104012
        ],
        "group": 1,
        "level": 6,
        "name": "คมดาบปรากฏ",
        "hp_rate": 0,
        "atk_rate": 0,
        "def_rate": 0,
        "aktBack_pro": 1200,
        "douleAtk_pro": 0,
        "miss": 0,
        "criticalAtk_pro": 0,
        "add_damage_rate": 0
    },
    "107": {
        "mid": [
            101015,
            102015,
            103015,
            104015
        ],
        "group": 1,
        "level": 7,
        "name": "คมดาบปรากฏ",
        "hp_rate": 0,
        "atk_rate": 0,
        "def_rate": 0,
        "aktBack_pro": 1400,
        "douleAtk_pro": 0,
        "miss": 0,
        "criticalAtk_pro": 0,
        "add_damage_rate": 0
    },
    "108": {
        "mid": [
            101018,
            102018,
            103018,
            104018
        ],
        "group": 1,
        "level": 8,
        "name": "คมดาบปรากฏ",
        "hp_rate": 0,
        "atk_rate": 0,
        "def_rate": 0,
        "aktBack_pro": 1600,
        "douleAtk_pro": 0,
        "miss": 0,
        "criticalAtk_pro": 0,
        "add_damage_rate": 0
    },
    "109": {
        "mid": [
            101021,
            102021,
            103021,
            104021
        ],
        "group": 1,
        "level": 9,
        "name": "คมดาบปรากฏ",
        "hp_rate": 0,
        "atk_rate": 0,
        "def_rate": 0,
        "aktBack_pro": 1800,
        "douleAtk_pro": 0,
        "miss": 0,
        "criticalAtk_pro": 0,
        "add_damage_rate": 0
    },
    "110": {
        "mid": [
            101024,
            102024,
            103024,
            104024
        ],
        "group": 1,
        "level": 10,
        "name": "คมดาบปรากฏ",
        "hp_rate": 0,
        "atk_rate": 0,
        "def_rate": 0,
        "aktBack_pro": 2000,
        "douleAtk_pro": 0,
        "miss": 0,
        "criticalAtk_pro": 0,
        "add_damage_rate": 0
    },
    "111": {
        "mid": [
            101027,
            102027,
            103027,
            104027
        ],
        "group": 1,
        "level": 11,
        "name": "คมดาบปรากฏ",
        "hp_rate": 0,
        "atk_rate": 0,
        "def_rate": 0,
        "aktBack_pro": 2200,
        "douleAtk_pro": 0,
        "miss": 0,
        "criticalAtk_pro": 0,
        "add_damage_rate": 0
    },
    "112": {
        "mid": [
            101030,
            102030,
            103030,
            104030
        ],
        "group": 1,
        "level": 12,
        "name": "คมดาบปรากฏ",
        "hp_rate": 0,
        "atk_rate": 0,
        "def_rate": 0,
        "aktBack_pro": 2400,
        "douleAtk_pro": 0,
        "miss": 0,
        "criticalAtk_pro": 0,
        "add_damage_rate": 0
    },
    "113": {
        "mid": [
            101035,
            102035,
            103035,
            104035
        ],
        "group": 1,
        "level": 13,
        "name": "คมดาบปรากฏ",
        "hp_rate": 0,
        "atk_rate": 0,
        "def_rate": 0,
        "aktBack_pro": 2800,
        "douleAtk_pro": 0,
        "miss": 0,
        "criticalAtk_pro": 0,
        "add_damage_rate": 0
    },
    "114": {
        "mid": [
            101040,
            102040,
            103040,
            104040
        ],
        "group": 1,
        "level": 14,
        "name": "คมดาบปรากฏ",
        "hp_rate": 0,
        "atk_rate": 0,
        "def_rate": 0,
        "aktBack_pro": 3200,
        "douleAtk_pro": 0,
        "miss": 0,
        "criticalAtk_pro": 0,
        "add_damage_rate": 0
    },
    "115": {
        "mid": [
            101045,
            102045,
            103045,
            104045
        ],
        "group": 1,
        "level": 15,
        "name": "คมดาบปรากฏ",
        "hp_rate": 0,
        "atk_rate": 0,
        "def_rate": 0,
        "aktBack_pro": 3600,
        "douleAtk_pro": 0,
        "miss": 0,
        "criticalAtk_pro": 0,
        "add_damage_rate": 0
    },
    "116": {
        "mid": [
            101050,
            102050,
            103050,
            104050
        ],
        "group": 1,
        "level": 16,
        "name": "คมดาบปรากฏ",
        "hp_rate": 0,
        "atk_rate": 0,
        "def_rate": 0,
        "aktBack_pro": 4000,
        "douleAtk_pro": 0,
        "miss": 0,
        "criticalAtk_pro": 0,
        "add_damage_rate": 0
    },
    "201": {
        "mid": [
            105001,
            109001,
            115001,
            132001
        ],
        "group": 2,
        "level": 1,
        "name": "ราชาแห่งพงไพร",
        "hp_rate": 0,
        "atk_rate": 0,
        "def_rate": 0,
        "aktBack_pro": 0,
        "douleAtk_pro": 200,
        "miss": 0,
        "criticalAtk_pro": 0,
        "add_damage_rate": 0
    },
    "202": {
        "mid": [
            105003,
            109003,
            115003,
            132003
        ],
        "group": 2,
        "level": 2,
        "name": "ราชาแห่งพงไพร",
        "hp_rate": 0,
        "atk_rate": 0,
        "def_rate": 0,
        "aktBack_pro": 0,
        "douleAtk_pro": 400,
        "miss": 0,
        "criticalAtk_pro": 0,
        "add_damage_rate": 0
    },
    "203": {
        "mid": [
            105005,
            109005,
            115005,
            132005
        ],
        "group": 2,
        "level": 3,
        "name": "ราชาแห่งพงไพร",
        "hp_rate": 0,
        "atk_rate": 0,
        "def_rate": 0,
        "aktBack_pro": 0,
        "douleAtk_pro": 600,
        "miss": 0,
        "criticalAtk_pro": 0,
        "add_damage_rate": 0
    },
    "204": {
        "mid": [
            105007,
            109007,
            115007,
            132007
        ],
        "group": 2,
        "level": 4,
        "name": "ราชาแห่งพงไพร",
        "hp_rate": 0,
        "atk_rate": 0,
        "def_rate": 0,
        "aktBack_pro": 0,
        "douleAtk_pro": 800,
        "miss": 0,
        "criticalAtk_pro": 0,
        "add_damage_rate": 0
    },
    "205": {
        "mid": [
            105009,
            109009,
            115009,
            132009
        ],
        "group": 2,
        "level": 5,
        "name": "ราชาแห่งพงไพร",
        "hp_rate": 0,
        "atk_rate": 0,
        "def_rate": 0,
        "aktBack_pro": 0,
        "douleAtk_pro": 1000,
        "miss": 0,
        "criticalAtk_pro": 0,
        "add_damage_rate": 0
    },
    "206": {
        "mid": [
            105012,
            109012,
            115012,
            132012
        ],
        "group": 2,
        "level": 6,
        "name": "ราชาแห่งพงไพร",
        "hp_rate": 0,
        "atk_rate": 0,
        "def_rate": 0,
        "aktBack_pro": 0,
        "douleAtk_pro": 1200,
        "miss": 0,
        "criticalAtk_pro": 0,
        "add_damage_rate": 0
    },
    "207": {
        "mid": [
            105015,
            109015,
            115015,
            132015
        ],
        "group": 2,
        "level": 7,
        "name": "ราชาแห่งพงไพร",
        "hp_rate": 0,
        "atk_rate": 0,
        "def_rate": 0,
        "aktBack_pro": 0,
        "douleAtk_pro": 1400,
        "miss": 0,
        "criticalAtk_pro": 0,
        "add_damage_rate": 0
    },
    "208": {
        "mid": [
            105018,
            109018,
            115018,
            132018
        ],
        "group": 2,
        "level": 8,
        "name": "ราชาแห่งพงไพร",
        "hp_rate": 0,
        "atk_rate": 0,
        "def_rate": 0,
        "aktBack_pro": 0,
        "douleAtk_pro": 1600,
        "miss": 0,
        "criticalAtk_pro": 0,
        "add_damage_rate": 0
    },
    "209": {
        "mid": [
            105021,
            109021,
            115021,
            132021
        ],
        "group": 2,
        "level": 9,
        "name": "ราชาแห่งพงไพร",
        "hp_rate": 0,
        "atk_rate": 0,
        "def_rate": 0,
        "aktBack_pro": 0,
        "douleAtk_pro": 1800,
        "miss": 0,
        "criticalAtk_pro": 0,
        "add_damage_rate": 0
    },
    "210": {
        "mid": [
            105024,
            109024,
            115024,
            132024
        ],
        "group": 2,
        "level": 10,
        "name": "ราชาแห่งพงไพร",
        "hp_rate": 0,
        "atk_rate": 0,
        "def_rate": 0,
        "aktBack_pro": 0,
        "douleAtk_pro": 2000,
        "miss": 0,
        "criticalAtk_pro": 0,
        "add_damage_rate": 0
    },
    "211": {
        "mid": [
            105027,
            109027,
            115027,
            132027
        ],
        "group": 2,
        "level": 11,
        "name": "ราชาแห่งพงไพร",
        "hp_rate": 0,
        "atk_rate": 0,
        "def_rate": 0,
        "aktBack_pro": 0,
        "douleAtk_pro": 2200,
        "miss": 0,
        "criticalAtk_pro": 0,
        "add_damage_rate": 0
    },
    "212": {
        "mid": [
            105030,
            109030,
            115030,
            132030
        ],
        "group": 2,
        "level": 12,
        "name": "ราชาแห่งพงไพร",
        "hp_rate": 0,
        "atk_rate": 0,
        "def_rate": 0,
        "aktBack_pro": 0,
        "douleAtk_pro": 2400,
        "miss": 0,
        "criticalAtk_pro": 0,
        "add_damage_rate": 0
    },
    "213": {
        "mid": [
            105035,
            109035,
            115035,
            132035
        ],
        "group": 2,
        "level": 13,
        "name": "ราชาแห่งพงไพร",
        "hp_rate": 0,
        "atk_rate": 0,
        "def_rate": 0,
        "aktBack_pro": 0,
        "douleAtk_pro": 2800,
        "miss": 0,
        "criticalAtk_pro": 0,
        "add_damage_rate": 0
    },
    "214": {
        "mid": [
            105040,
            109040,
            115040,
            132040
        ],
        "group": 2,
        "level": 14,
        "name": "ราชาแห่งพงไพร",
        "hp_rate": 0,
        "atk_rate": 0,
        "def_rate": 0,
        "aktBack_pro": 0,
        "douleAtk_pro": 3200,
        "miss": 0,
        "criticalAtk_pro": 0,
        "add_damage_rate": 0
    },
    "215": {
        "mid": [
            105045,
            109045,
            115045,
            132045
        ],
        "group": 2,
        "level": 15,
        "name": "ราชาแห่งพงไพร",
        "hp_rate": 0,
        "atk_rate": 0,
        "def_rate": 0,
        "aktBack_pro": 0,
        "douleAtk_pro": 3600,
        "miss": 0,
        "criticalAtk_pro": 0,
        "add_damage_rate": 0
    },
    "216": {
        "mid": [
            105050,
            109050,
            115050,
            132050
        ],
        "group": 2,
        "level": 16,
        "name": "ราชาแห่งพงไพร",
        "hp_rate": 0,
        "atk_rate": 0,
        "def_rate": 0,
        "aktBack_pro": 0,
        "douleAtk_pro": 4000,
        "miss": 0,
        "criticalAtk_pro": 0,
        "add_damage_rate": 0
    },
    "301": {
        "mid": [
            106001,
            110001,
            116001
        ],
        "group": 3,
        "level": 1,
        "name": "ผู้พิทักษ์แห่งธรรมชาติ",
        "hp_rate": 0,
        "atk_rate": 0,
        "def_rate": 0,
        "aktBack_pro": 0,
        "douleAtk_pro": 0,
        "miss": 200,
        "criticalAtk_pro": 0,
        "add_damage_rate": 0
    },
    "302": {
        "mid": [
            106003,
            110003,
            116003
        ],
        "group": 3,
        "level": 2,
        "name": "ผู้พิทักษ์แห่งธรรมชาติ",
        "hp_rate": 0,
        "atk_rate": 0,
        "def_rate": 0,
        "aktBack_pro": 0,
        "douleAtk_pro": 0,
        "miss": 400,
        "criticalAtk_pro": 0,
        "add_damage_rate": 0
    },
    "303": {
        "mid": [
            106005,
            110005,
            116005
        ],
        "group": 3,
        "level": 3,
        "name": "ผู้พิทักษ์แห่งธรรมชาติ",
        "hp_rate": 0,
        "atk_rate": 0,
        "def_rate": 0,
        "aktBack_pro": 0,
        "douleAtk_pro": 0,
        "miss": 600,
        "criticalAtk_pro": 0,
        "add_damage_rate": 0
    },
    "304": {
        "mid": [
            106007,
            110007,
            116007
        ],
        "group": 3,
        "level": 4,
        "name": "ผู้พิทักษ์แห่งธรรมชาติ",
        "hp_rate": 0,
        "atk_rate": 0,
        "def_rate": 0,
        "aktBack_pro": 0,
        "douleAtk_pro": 0,
        "miss": 800,
        "criticalAtk_pro": 0,
        "add_damage_rate": 0
    },
    "305": {
        "mid": [
            106009,
            110009,
            116009
        ],
        "group": 3,
        "level": 5,
        "name": "ผู้พิทักษ์แห่งธรรมชาติ",
        "hp_rate": 0,
        "atk_rate": 0,
        "def_rate": 0,
        "aktBack_pro": 0,
        "douleAtk_pro": 0,
        "miss": 1000,
        "criticalAtk_pro": 0,
        "add_damage_rate": 0
    },
    "306": {
        "mid": [
            106012,
            110012,
            116012
        ],
        "group": 3,
        "level": 6,
        "name": "ผู้พิทักษ์แห่งธรรมชาติ",
        "hp_rate": 0,
        "atk_rate": 0,
        "def_rate": 0,
        "aktBack_pro": 0,
        "douleAtk_pro": 0,
        "miss": 1200,
        "criticalAtk_pro": 0,
        "add_damage_rate": 0
    },
    "307": {
        "mid": [
            106015,
            110015,
            116015
        ],
        "group": 3,
        "level": 7,
        "name": "ผู้พิทักษ์แห่งธรรมชาติ",
        "hp_rate": 0,
        "atk_rate": 0,
        "def_rate": 0,
        "aktBack_pro": 0,
        "douleAtk_pro": 0,
        "miss": 1400,
        "criticalAtk_pro": 0,
        "add_damage_rate": 0
    },
    "308": {
        "mid": [
            106018,
            110018,
            116018
        ],
        "group": 3,
        "level": 8,
        "name": "ผู้พิทักษ์แห่งธรรมชาติ",
        "hp_rate": 0,
        "atk_rate": 0,
        "def_rate": 0,
        "aktBack_pro": 0,
        "douleAtk_pro": 0,
        "miss": 1600,
        "criticalAtk_pro": 0,
        "add_damage_rate": 0
    },
    "309": {
        "mid": [
            106021,
            110021,
            116021
        ],
        "group": 3,
        "level": 9,
        "name": "ผู้พิทักษ์แห่งธรรมชาติ",
        "hp_rate": 0,
        "atk_rate": 0,
        "def_rate": 0,
        "aktBack_pro": 0,
        "douleAtk_pro": 0,
        "miss": 1800,
        "criticalAtk_pro": 0,
        "add_damage_rate": 0
    },
    "310": {
        "mid": [
            106024,
            110024,
            116024
        ],
        "group": 3,
        "level": 10,
        "name": "ผู้พิทักษ์แห่งธรรมชาติ",
        "hp_rate": 0,
        "atk_rate": 0,
        "def_rate": 0,
        "aktBack_pro": 0,
        "douleAtk_pro": 0,
        "miss": 2000,
        "criticalAtk_pro": 0,
        "add_damage_rate": 0
    },
    "311": {
        "mid": [
            106027,
            110027,
            116027
        ],
        "group": 3,
        "level": 11,
        "name": "ผู้พิทักษ์แห่งธรรมชาติ",
        "hp_rate": 0,
        "atk_rate": 0,
        "def_rate": 0,
        "aktBack_pro": 0,
        "douleAtk_pro": 0,
        "miss": 2200,
        "criticalAtk_pro": 0,
        "add_damage_rate": 0
    },
    "312": {
        "mid": [
            106030,
            110030,
            116030
        ],
        "group": 3,
        "level": 12,
        "name": "ผู้พิทักษ์แห่งธรรมชาติ",
        "hp_rate": 0,
        "atk_rate": 0,
        "def_rate": 0,
        "aktBack_pro": 0,
        "douleAtk_pro": 0,
        "miss": 2400,
        "criticalAtk_pro": 0,
        "add_damage_rate": 0
    },
    "313": {
        "mid": [
            106035,
            110035,
            116035
        ],
        "group": 3,
        "level": 13,
        "name": "ผู้พิทักษ์แห่งธรรมชาติ",
        "hp_rate": 0,
        "atk_rate": 0,
        "def_rate": 0,
        "aktBack_pro": 0,
        "douleAtk_pro": 0,
        "miss": 2800,
        "criticalAtk_pro": 0,
        "add_damage_rate": 0
    },
    "314": {
        "mid": [
            106040,
            110040,
            116040
        ],
        "group": 3,
        "level": 14,
        "name": "ผู้พิทักษ์แห่งธรรมชาติ",
        "hp_rate": 0,
        "atk_rate": 0,
        "def_rate": 0,
        "aktBack_pro": 0,
        "douleAtk_pro": 0,
        "miss": 3200,
        "criticalAtk_pro": 0,
        "add_damage_rate": 0
    },
    "315": {
        "mid": [
            106045,
            110045,
            116045
        ],
        "group": 3,
        "level": 15,
        "name": "ผู้พิทักษ์แห่งธรรมชาติ",
        "hp_rate": 0,
        "atk_rate": 0,
        "def_rate": 0,
        "aktBack_pro": 0,
        "douleAtk_pro": 0,
        "miss": 3600,
        "criticalAtk_pro": 0,
        "add_damage_rate": 0
    },
    "316": {
        "mid": [
            106050,
            110050,
            116050
        ],
        "group": 3,
        "level": 16,
        "name": "ผู้พิทักษ์แห่งธรรมชาติ",
        "hp_rate": 0,
        "atk_rate": 0,
        "def_rate": 0,
        "aktBack_pro": 0,
        "douleAtk_pro": 0,
        "miss": 4000,
        "criticalAtk_pro": 0,
        "add_damage_rate": 0
    },
    "401": {
        "mid": [
            107001,
            111001,
            117001
        ],
        "group": 4,
        "level": 1,
        "name": "เสียงคำรามร้อยอสูร",
        "hp_rate": 0,
        "atk_rate": 0,
        "def_rate": 0,
        "aktBack_pro": 0,
        "douleAtk_pro": 0,
        "miss": 0,
        "criticalAtk_pro": 200,
        "add_damage_rate": 0
    },
    "402": {
        "mid": [
            107003,
            111003,
            117003
        ],
        "group": 4,
        "level": 2,
        "name": "เสียงคำรามร้อยอสูร",
        "hp_rate": 0,
        "atk_rate": 0,
        "def_rate": 0,
        "aktBack_pro": 0,
        "douleAtk_pro": 0,
        "miss": 0,
        "criticalAtk_pro": 400,
        "add_damage_rate": 0
    },
    "403": {
        "mid": [
            107005,
            111005,
            117005
        ],
        "group": 4,
        "level": 3,
        "name": "เสียงคำรามร้อยอสูร",
        "hp_rate": 0,
        "atk_rate": 0,
        "def_rate": 0,
        "aktBack_pro": 0,
        "douleAtk_pro": 0,
        "miss": 0,
        "criticalAtk_pro": 600,
        "add_damage_rate": 0
    },
    "404": {
        "mid": [
            107007,
            111007,
            117007
        ],
        "group": 4,
        "level": 4,
        "name": "เสียงคำรามร้อยอสูร",
        "hp_rate": 0,
        "atk_rate": 0,
        "def_rate": 0,
        "aktBack_pro": 0,
        "douleAtk_pro": 0,
        "miss": 0,
        "criticalAtk_pro": 800,
        "add_damage_rate": 0
    },
    "405": {
        "mid": [
            107009,
            111009,
            117009
        ],
        "group": 4,
        "level": 5,
        "name": "เสียงคำรามร้อยอสูร",
        "hp_rate": 0,
        "atk_rate": 0,
        "def_rate": 0,
        "aktBack_pro": 0,
        "douleAtk_pro": 0,
        "miss": 0,
        "criticalAtk_pro": 1000,
        "add_damage_rate": 0
    },
    "406": {
        "mid": [
            107012,
            111012,
            117012
        ],
        "group": 4,
        "level": 6,
        "name": "เสียงคำรามร้อยอสูร",
        "hp_rate": 0,
        "atk_rate": 0,
        "def_rate": 0,
        "aktBack_pro": 0,
        "douleAtk_pro": 0,
        "miss": 0,
        "criticalAtk_pro": 1200,
        "add_damage_rate": 0
    },
    "407": {
        "mid": [
            107015,
            111015,
            117015
        ],
        "group": 4,
        "level": 7,
        "name": "เสียงคำรามร้อยอสูร",
        "hp_rate": 0,
        "atk_rate": 0,
        "def_rate": 0,
        "aktBack_pro": 0,
        "douleAtk_pro": 0,
        "miss": 0,
        "criticalAtk_pro": 1400,
        "add_damage_rate": 0
    },
    "408": {
        "mid": [
            107018,
            111018,
            117018
        ],
        "group": 4,
        "level": 8,
        "name": "เสียงคำรามร้อยอสูร",
        "hp_rate": 0,
        "atk_rate": 0,
        "def_rate": 0,
        "aktBack_pro": 0,
        "douleAtk_pro": 0,
        "miss": 0,
        "criticalAtk_pro": 1600,
        "add_damage_rate": 0
    },
    "409": {
        "mid": [
            107021,
            111021,
            117021
        ],
        "group": 4,
        "level": 9,
        "name": "เสียงคำรามร้อยอสูร",
        "hp_rate": 0,
        "atk_rate": 0,
        "def_rate": 0,
        "aktBack_pro": 0,
        "douleAtk_pro": 0,
        "miss": 0,
        "criticalAtk_pro": 1800,
        "add_damage_rate": 0
    },
    "410": {
        "mid": [
            107024,
            111024,
            117024
        ],
        "group": 4,
        "level": 10,
        "name": "เสียงคำรามร้อยอสูร",
        "hp_rate": 0,
        "atk_rate": 0,
        "def_rate": 0,
        "aktBack_pro": 0,
        "douleAtk_pro": 0,
        "miss": 0,
        "criticalAtk_pro": 2000,
        "add_damage_rate": 0
    },
    "411": {
        "mid": [
            107027,
            111027,
            117027
        ],
        "group": 4,
        "level": 11,
        "name": "เสียงคำรามร้อยอสูร",
        "hp_rate": 0,
        "atk_rate": 0,
        "def_rate": 0,
        "aktBack_pro": 0,
        "douleAtk_pro": 0,
        "miss": 0,
        "criticalAtk_pro": 2200,
        "add_damage_rate": 0
    },
    "412": {
        "mid": [
            107030,
            111030,
            117030
        ],
        "group": 4,
        "level": 12,
        "name": "เสียงคำรามร้อยอสูร",
        "hp_rate": 0,
        "atk_rate": 0,
        "def_rate": 0,
        "aktBack_pro": 0,
        "douleAtk_pro": 0,
        "miss": 0,
        "criticalAtk_pro": 2400,
        "add_damage_rate": 0
    },
    "413": {
        "mid": [
            107035,
            111035,
            117035
        ],
        "group": 4,
        "level": 13,
        "name": "เสียงคำรามร้อยอสูร",
        "hp_rate": 0,
        "atk_rate": 0,
        "def_rate": 0,
        "aktBack_pro": 0,
        "douleAtk_pro": 0,
        "miss": 0,
        "criticalAtk_pro": 2800,
        "add_damage_rate": 0
    },
    "414": {
        "mid": [
            107040,
            111040,
            117040
        ],
        "group": 4,
        "level": 14,
        "name": "เสียงคำรามร้อยอสูร",
        "hp_rate": 0,
        "atk_rate": 0,
        "def_rate": 0,
        "aktBack_pro": 0,
        "douleAtk_pro": 0,
        "miss": 0,
        "criticalAtk_pro": 3200,
        "add_damage_rate": 0
    },
    "415": {
        "mid": [
            107045,
            111045,
            117045
        ],
        "group": 4,
        "level": 15,
        "name": "เสียงคำรามร้อยอสูร",
        "hp_rate": 0,
        "atk_rate": 0,
        "def_rate": 0,
        "aktBack_pro": 0,
        "douleAtk_pro": 0,
        "miss": 0,
        "criticalAtk_pro": 3600,
        "add_damage_rate": 0
    },
    "416": {
        "mid": [
            107050,
            111050,
            117050
        ],
        "group": 4,
        "level": 16,
        "name": "เสียงคำรามร้อยอสูร",
        "hp_rate": 0,
        "atk_rate": 0,
        "def_rate": 0,
        "aktBack_pro": 0,
        "douleAtk_pro": 0,
        "miss": 0,
        "criticalAtk_pro": 4000,
        "add_damage_rate": 0
    },
    "501": {
        "mid": [
            108001,
            112001,
            118001
        ],
        "group": 5,
        "level": 1,
        "name": "พลังแห่งสัตว์เทวะ",
        "hp_rate": 200,
        "atk_rate": 0,
        "def_rate": 0,
        "aktBack_pro": 0,
        "douleAtk_pro": 0,
        "miss": 0,
        "criticalAtk_pro": 0,
        "add_damage_rate": 0
    },
    "502": {
        "mid": [
            108003,
            112003,
            118003
        ],
        "group": 5,
        "level": 2,
        "name": "พลังแห่งสัตว์เทวะ",
        "hp_rate": 400,
        "atk_rate": 0,
        "def_rate": 0,
        "aktBack_pro": 0,
        "douleAtk_pro": 0,
        "miss": 0,
        "criticalAtk_pro": 0,
        "add_damage_rate": 0
    },
    "503": {
        "mid": [
            108005,
            112005,
            118005
        ],
        "group": 5,
        "level": 3,
        "name": "พลังแห่งสัตว์เทวะ",
        "hp_rate": 600,
        "atk_rate": 0,
        "def_rate": 0,
        "aktBack_pro": 0,
        "douleAtk_pro": 0,
        "miss": 0,
        "criticalAtk_pro": 0,
        "add_damage_rate": 0
    },
    "504": {
        "mid": [
            108007,
            112007,
            118007
        ],
        "group": 5,
        "level": 4,
        "name": "พลังแห่งสัตว์เทวะ",
        "hp_rate": 800,
        "atk_rate": 0,
        "def_rate": 0,
        "aktBack_pro": 0,
        "douleAtk_pro": 0,
        "miss": 0,
        "criticalAtk_pro": 0,
        "add_damage_rate": 0
    },
    "505": {
        "mid": [
            108009,
            112009,
            118009
        ],
        "group": 5,
        "level": 5,
        "name": "พลังแห่งสัตว์เทวะ",
        "hp_rate": 1000,
        "atk_rate": 0,
        "def_rate": 0,
        "aktBack_pro": 0,
        "douleAtk_pro": 0,
        "miss": 0,
        "criticalAtk_pro": 0,
        "add_damage_rate": 0
    },
    "506": {
        "mid": [
            108012,
            112012,
            118012
        ],
        "group": 5,
        "level": 6,
        "name": "พลังแห่งสัตว์เทวะ",
        "hp_rate": 1200,
        "atk_rate": 0,
        "def_rate": 0,
        "aktBack_pro": 0,
        "douleAtk_pro": 0,
        "miss": 0,
        "criticalAtk_pro": 0,
        "add_damage_rate": 0
    },
    "507": {
        "mid": [
            108015,
            112015,
            118015
        ],
        "group": 5,
        "level": 7,
        "name": "พลังแห่งสัตว์เทวะ",
        "hp_rate": 1400,
        "atk_rate": 0,
        "def_rate": 0,
        "aktBack_pro": 0,
        "douleAtk_pro": 0,
        "miss": 0,
        "criticalAtk_pro": 0,
        "add_damage_rate": 0
    },
    "508": {
        "mid": [
            108018,
            112018,
            118018
        ],
        "group": 5,
        "level": 8,
        "name": "พลังแห่งสัตว์เทวะ",
        "hp_rate": 1600,
        "atk_rate": 0,
        "def_rate": 0,
        "aktBack_pro": 0,
        "douleAtk_pro": 0,
        "miss": 0,
        "criticalAtk_pro": 0,
        "add_damage_rate": 0
    },
    "509": {
        "mid": [
            108021,
            112021,
            118021
        ],
        "group": 5,
        "level": 9,
        "name": "พลังแห่งสัตว์เทวะ",
        "hp_rate": 1800,
        "atk_rate": 0,
        "def_rate": 0,
        "aktBack_pro": 0,
        "douleAtk_pro": 0,
        "miss": 0,
        "criticalAtk_pro": 0,
        "add_damage_rate": 0
    },
    "510": {
        "mid": [
            108024,
            112024,
            118024
        ],
        "group": 5,
        "level": 10,
        "name": "พลังแห่งสัตว์เทวะ",
        "hp_rate": 2000,
        "atk_rate": 0,
        "def_rate": 0,
        "aktBack_pro": 0,
        "douleAtk_pro": 0,
        "miss": 0,
        "criticalAtk_pro": 0,
        "add_damage_rate": 0
    },
    "511": {
        "mid": [
            108027,
            112027,
            118027
        ],
        "group": 5,
        "level": 11,
        "name": "พลังแห่งสัตว์เทวะ",
        "hp_rate": 2200,
        "atk_rate": 0,
        "def_rate": 0,
        "aktBack_pro": 0,
        "douleAtk_pro": 0,
        "miss": 0,
        "criticalAtk_pro": 0,
        "add_damage_rate": 0
    },
    "512": {
        "mid": [
            108030,
            112030,
            118030
        ],
        "group": 5,
        "level": 12,
        "name": "พลังแห่งสัตว์เทวะ",
        "hp_rate": 2400,
        "atk_rate": 0,
        "def_rate": 0,
        "aktBack_pro": 0,
        "douleAtk_pro": 0,
        "miss": 0,
        "criticalAtk_pro": 0,
        "add_damage_rate": 0
    },
    "513": {
        "mid": [
            108035,
            112035,
            118035
        ],
        "group": 5,
        "level": 13,
        "name": "พลังแห่งสัตว์เทวะ",
        "hp_rate": 2800,
        "atk_rate": 0,
        "def_rate": 0,
        "aktBack_pro": 0,
        "douleAtk_pro": 0,
        "miss": 0,
        "criticalAtk_pro": 0,
        "add_damage_rate": 0
    },
    "514": {
        "mid": [
            108040,
            112040,
            118040
        ],
        "group": 5,
        "level": 14,
        "name": "พลังแห่งสัตว์เทวะ",
        "hp_rate": 3200,
        "atk_rate": 0,
        "def_rate": 0,
        "aktBack_pro": 0,
        "douleAtk_pro": 0,
        "miss": 0,
        "criticalAtk_pro": 0,
        "add_damage_rate": 0
    },
    "515": {
        "mid": [
            108045,
            112045,
            118045
        ],
        "group": 5,
        "level": 15,
        "name": "พลังแห่งสัตว์เทวะ",
        "hp_rate": 3600,
        "atk_rate": 0,
        "def_rate": 0,
        "aktBack_pro": 0,
        "douleAtk_pro": 0,
        "miss": 0,
        "criticalAtk_pro": 0,
        "add_damage_rate": 0
    },
    "516": {
        "mid": [
            108050,
            112050,
            118050
        ],
        "group": 5,
        "level": 16,
        "name": "พลังแห่งสัตว์เทวะ",
        "hp_rate": 4000,
        "atk_rate": 0,
        "def_rate": 0,
        "aktBack_pro": 0,
        "douleAtk_pro": 0,
        "miss": 0,
        "criticalAtk_pro": 0,
        "add_damage_rate": 0
    },
    "601": {
        "mid": [
            127001,
            113001,
            119001
        ],
        "group": 6,
        "level": 1,
        "name": "หมื่นอสูรทะยาน",
        "hp_rate": 0,
        "atk_rate": 0,
        "def_rate": 200,
        "aktBack_pro": 0,
        "douleAtk_pro": 0,
        "miss": 0,
        "criticalAtk_pro": 0,
        "add_damage_rate": 0
    },
    "602": {
        "mid": [
            127003,
            113003,
            119003
        ],
        "group": 6,
        "level": 2,
        "name": "หมื่นอสูรทะยาน",
        "hp_rate": 0,
        "atk_rate": 0,
        "def_rate": 400,
        "aktBack_pro": 0,
        "douleAtk_pro": 0,
        "miss": 0,
        "criticalAtk_pro": 0,
        "add_damage_rate": 0
    },
    "603": {
        "mid": [
            127005,
            113005,
            119005
        ],
        "group": 6,
        "level": 3,
        "name": "หมื่นอสูรทะยาน",
        "hp_rate": 0,
        "atk_rate": 0,
        "def_rate": 600,
        "aktBack_pro": 0,
        "douleAtk_pro": 0,
        "miss": 0,
        "criticalAtk_pro": 0,
        "add_damage_rate": 0
    },
    "604": {
        "mid": [
            127007,
            113007,
            119007
        ],
        "group": 6,
        "level": 4,
        "name": "หมื่นอสูรทะยาน",
        "hp_rate": 0,
        "atk_rate": 0,
        "def_rate": 800,
        "aktBack_pro": 0,
        "douleAtk_pro": 0,
        "miss": 0,
        "criticalAtk_pro": 0,
        "add_damage_rate": 0
    },
    "605": {
        "mid": [
            127009,
            113009,
            119009
        ],
        "group": 6,
        "level": 5,
        "name": "หมื่นอสูรทะยาน",
        "hp_rate": 0,
        "atk_rate": 0,
        "def_rate": 1000,
        "aktBack_pro": 0,
        "douleAtk_pro": 0,
        "miss": 0,
        "criticalAtk_pro": 0,
        "add_damage_rate": 0
    },
    "606": {
        "mid": [
            127012,
            113012,
            119012
        ],
        "group": 6,
        "level": 6,
        "name": "หมื่นอสูรทะยาน",
        "hp_rate": 0,
        "atk_rate": 0,
        "def_rate": 1200,
        "aktBack_pro": 0,
        "douleAtk_pro": 0,
        "miss": 0,
        "criticalAtk_pro": 0,
        "add_damage_rate": 0
    },
    "607": {
        "mid": [
            127015,
            113015,
            119015
        ],
        "group": 6,
        "level": 7,
        "name": "หมื่นอสูรทะยาน",
        "hp_rate": 0,
        "atk_rate": 0,
        "def_rate": 1400,
        "aktBack_pro": 0,
        "douleAtk_pro": 0,
        "miss": 0,
        "criticalAtk_pro": 0,
        "add_damage_rate": 0
    },
    "608": {
        "mid": [
            127018,
            113018,
            119018
        ],
        "group": 6,
        "level": 8,
        "name": "หมื่นอสูรทะยาน",
        "hp_rate": 0,
        "atk_rate": 0,
        "def_rate": 1600,
        "aktBack_pro": 0,
        "douleAtk_pro": 0,
        "miss": 0,
        "criticalAtk_pro": 0,
        "add_damage_rate": 0
    },
    "609": {
        "mid": [
            127021,
            113021,
            119021
        ],
        "group": 6,
        "level": 9,
        "name": "หมื่นอสูรทะยาน",
        "hp_rate": 0,
        "atk_rate": 0,
        "def_rate": 1800,
        "aktBack_pro": 0,
        "douleAtk_pro": 0,
        "miss": 0,
        "criticalAtk_pro": 0,
        "add_damage_rate": 0
    },
    "610": {
        "mid": [
            127024,
            113024,
            119024
        ],
        "group": 6,
        "level": 10,
        "name": "หมื่นอสูรทะยาน",
        "hp_rate": 0,
        "atk_rate": 0,
        "def_rate": 2000,
        "aktBack_pro": 0,
        "douleAtk_pro": 0,
        "miss": 0,
        "criticalAtk_pro": 0,
        "add_damage_rate": 0
    },
    "611": {
        "mid": [
            127027,
            113027,
            119027
        ],
        "group": 6,
        "level": 11,
        "name": "หมื่นอสูรทะยาน",
        "hp_rate": 0,
        "atk_rate": 0,
        "def_rate": 2200,
        "aktBack_pro": 0,
        "douleAtk_pro": 0,
        "miss": 0,
        "criticalAtk_pro": 0,
        "add_damage_rate": 0
    },
    "612": {
        "mid": [
            127030,
            113030,
            119030
        ],
        "group": 6,
        "level": 12,
        "name": "หมื่นอสูรทะยาน",
        "hp_rate": 0,
        "atk_rate": 0,
        "def_rate": 2400,
        "aktBack_pro": 0,
        "douleAtk_pro": 0,
        "miss": 0,
        "criticalAtk_pro": 0,
        "add_damage_rate": 0
    },
    "613": {
        "mid": [
            127035,
            113035,
            119035
        ],
        "group": 6,
        "level": 13,
        "name": "หมื่นอสูรทะยาน",
        "hp_rate": 0,
        "atk_rate": 0,
        "def_rate": 2800,
        "aktBack_pro": 0,
        "douleAtk_pro": 0,
        "miss": 0,
        "criticalAtk_pro": 0,
        "add_damage_rate": 0
    },
    "614": {
        "mid": [
            127040,
            113040,
            119040
        ],
        "group": 6,
        "level": 14,
        "name": "หมื่นอสูรทะยาน",
        "hp_rate": 0,
        "atk_rate": 0,
        "def_rate": 3200,
        "aktBack_pro": 0,
        "douleAtk_pro": 0,
        "miss": 0,
        "criticalAtk_pro": 0,
        "add_damage_rate": 0
    },
    "615": {
        "mid": [
            127045,
            113045,
            119045
        ],
        "group": 6,
        "level": 15,
        "name": "หมื่นอสูรทะยาน",
        "hp_rate": 0,
        "atk_rate": 0,
        "def_rate": 3600,
        "aktBack_pro": 0,
        "douleAtk_pro": 0,
        "miss": 0,
        "criticalAtk_pro": 0,
        "add_damage_rate": 0
    },
    "616": {
        "mid": [
            127050,
            113050,
            119050
        ],
        "group": 6,
        "level": 16,
        "name": "หมื่นอสูรทะยาน",
        "hp_rate": 0,
        "atk_rate": 0,
        "def_rate": 4000,
        "aktBack_pro": 0,
        "douleAtk_pro": 0,
        "miss": 0,
        "criticalAtk_pro": 0,
        "add_damage_rate": 0
    },
    "701": {
        "mid": [
            128001,
            114001,
            120001
        ],
        "group": 7,
        "level": 1,
        "name": "จิตสังหารซ่อนเร้น",
        "hp_rate": 0,
        "atk_rate": 200,
        "def_rate": 0,
        "aktBack_pro": 0,
        "douleAtk_pro": 0,
        "miss": 0,
        "criticalAtk_pro": 0,
        "add_damage_rate": 0
    },
    "702": {
        "mid": [
            128003,
            114003,
            120003
        ],
        "group": 7,
        "level": 2,
        "name": "จิตสังหารซ่อนเร้น",
        "hp_rate": 0,
        "atk_rate": 400,
        "def_rate": 0,
        "aktBack_pro": 0,
        "douleAtk_pro": 0,
        "miss": 0,
        "criticalAtk_pro": 0,
        "add_damage_rate": 0
    },
    "703": {
        "mid": [
            128005,
            114005,
            120005
        ],
        "group": 7,
        "level": 3,
        "name": "จิตสังหารซ่อนเร้น",
        "hp_rate": 0,
        "atk_rate": 600,
        "def_rate": 0,
        "aktBack_pro": 0,
        "douleAtk_pro": 0,
        "miss": 0,
        "criticalAtk_pro": 0,
        "add_damage_rate": 0
    },
    "704": {
        "mid": [
            128007,
            114007,
            120007
        ],
        "group": 7,
        "level": 4,
        "name": "จิตสังหารซ่อนเร้น",
        "hp_rate": 0,
        "atk_rate": 800,
        "def_rate": 0,
        "aktBack_pro": 0,
        "douleAtk_pro": 0,
        "miss": 0,
        "criticalAtk_pro": 0,
        "add_damage_rate": 0
    },
    "705": {
        "mid": [
            128009,
            114009,
            120009
        ],
        "group": 7,
        "level": 5,
        "name": "จิตสังหารซ่อนเร้น",
        "hp_rate": 0,
        "atk_rate": 1000,
        "def_rate": 0,
        "aktBack_pro": 0,
        "douleAtk_pro": 0,
        "miss": 0,
        "criticalAtk_pro": 0,
        "add_damage_rate": 0
    },
    "706": {
        "mid": [
            128012,
            114012,
            120012
        ],
        "group": 7,
        "level": 6,
        "name": "จิตสังหารซ่อนเร้น",
        "hp_rate": 0,
        "atk_rate": 1200,
        "def_rate": 0,
        "aktBack_pro": 0,
        "douleAtk_pro": 0,
        "miss": 0,
        "criticalAtk_pro": 0,
        "add_damage_rate": 0
    },
    "707": {
        "mid": [
            128015,
            114015,
            120015
        ],
        "group": 7,
        "level": 7,
        "name": "จิตสังหารซ่อนเร้น",
        "hp_rate": 0,
        "atk_rate": 1400,
        "def_rate": 0,
        "aktBack_pro": 0,
        "douleAtk_pro": 0,
        "miss": 0,
        "criticalAtk_pro": 0,
        "add_damage_rate": 0
    },
    "708": {
        "mid": [
            128018,
            114018,
            120018
        ],
        "group": 7,
        "level": 8,
        "name": "จิตสังหารซ่อนเร้น",
        "hp_rate": 0,
        "atk_rate": 1600,
        "def_rate": 0,
        "aktBack_pro": 0,
        "douleAtk_pro": 0,
        "miss": 0,
        "criticalAtk_pro": 0,
        "add_damage_rate": 0
    },
    "709": {
        "mid": [
            128021,
            114021,
            120021
        ],
        "group": 7,
        "level": 9,
        "name": "จิตสังหารซ่อนเร้น",
        "hp_rate": 0,
        "atk_rate": 1800,
        "def_rate": 0,
        "aktBack_pro": 0,
        "douleAtk_pro": 0,
        "miss": 0,
        "criticalAtk_pro": 0,
        "add_damage_rate": 0
    },
    "710": {
        "mid": [
            128024,
            114024,
            120024
        ],
        "group": 7,
        "level": 10,
        "name": "จิตสังหารซ่อนเร้น",
        "hp_rate": 0,
        "atk_rate": 2000,
        "def_rate": 0,
        "aktBack_pro": 0,
        "douleAtk_pro": 0,
        "miss": 0,
        "criticalAtk_pro": 0,
        "add_damage_rate": 0
    },
    "711": {
        "mid": [
            128027,
            114027,
            120027
        ],
        "group": 7,
        "level": 11,
        "name": "จิตสังหารซ่อนเร้น",
        "hp_rate": 0,
        "atk_rate": 2200,
        "def_rate": 0,
        "aktBack_pro": 0,
        "douleAtk_pro": 0,
        "miss": 0,
        "criticalAtk_pro": 0,
        "add_damage_rate": 0
    },
    "712": {
        "mid": [
            128030,
            114030,
            120030
        ],
        "group": 7,
        "level": 12,
        "name": "จิตสังหารซ่อนเร้น",
        "hp_rate": 0,
        "atk_rate": 2400,
        "def_rate": 0,
        "aktBack_pro": 0,
        "douleAtk_pro": 0,
        "miss": 0,
        "criticalAtk_pro": 0,
        "add_damage_rate": 0
    },
    "713": {
        "mid": [
            128035,
            114035,
            120035
        ],
        "group": 7,
        "level": 13,
        "name": "จิตสังหารซ่อนเร้น",
        "hp_rate": 0,
        "atk_rate": 2800,
        "def_rate": 0,
        "aktBack_pro": 0,
        "douleAtk_pro": 0,
        "miss": 0,
        "criticalAtk_pro": 0,
        "add_damage_rate": 0
    },
    "714": {
        "mid": [
            128040,
            114040,
            120040
        ],
        "group": 7,
        "level": 14,
        "name": "จิตสังหารซ่อนเร้น",
        "hp_rate": 0,
        "atk_rate": 3200,
        "def_rate": 0,
        "aktBack_pro": 0,
        "douleAtk_pro": 0,
        "miss": 0,
        "criticalAtk_pro": 0,
        "add_damage_rate": 0
    },
    "715": {
        "mid": [
            128045,
            114045,
            120045
        ],
        "group": 7,
        "level": 15,
        "name": "จิตสังหารซ่อนเร้น",
        "hp_rate": 0,
        "atk_rate": 3600,
        "def_rate": 0,
        "aktBack_pro": 0,
        "douleAtk_pro": 0,
        "miss": 0,
        "criticalAtk_pro": 0,
        "add_damage_rate": 0
    },
    "716": {
        "mid": [
            128050,
            114050,
            120050
        ],
        "group": 7,
        "level": 16,
        "name": "จิตสังหารซ่อนเร้น",
        "hp_rate": 0,
        "atk_rate": 4000,
        "def_rate": 0,
        "aktBack_pro": 0,
        "douleAtk_pro": 0,
        "miss": 0,
        "criticalAtk_pro": 0,
        "add_damage_rate": 0
    },
    "801": {
        "mid": [
            129001,
            130001,
            131001
        ],
        "group": 8,
        "level": 1,
        "name": "ผู้ครอบครองพงไพร",
        "hp_rate": 0,
        "atk_rate": 0,
        "def_rate": 0,
        "aktBack_pro": 0,
        "douleAtk_pro": 0,
        "miss": 0,
        "criticalAtk_pro": 0,
        "add_damage_rate": 200
    },
    "802": {
        "mid": [
            129003,
            130003,
            131003
        ],
        "group": 8,
        "level": 2,
        "name": "ผู้ครอบครองพงไพร",
        "hp_rate": 0,
        "atk_rate": 0,
        "def_rate": 0,
        "aktBack_pro": 0,
        "douleAtk_pro": 0,
        "miss": 0,
        "criticalAtk_pro": 0,
        "add_damage_rate": 400
    },
    "803": {
        "mid": [
            129005,
            130005,
            131005
        ],
        "group": 8,
        "level": 3,
        "name": "ผู้ครอบครองพงไพร",
        "hp_rate": 0,
        "atk_rate": 0,
        "def_rate": 0,
        "aktBack_pro": 0,
        "douleAtk_pro": 0,
        "miss": 0,
        "criticalAtk_pro": 0,
        "add_damage_rate": 600
    },
    "804": {
        "mid": [
            129007,
            130007,
            131007
        ],
        "group": 8,
        "level": 4,
        "name": "ผู้ครอบครองพงไพร",
        "hp_rate": 0,
        "atk_rate": 0,
        "def_rate": 0,
        "aktBack_pro": 0,
        "douleAtk_pro": 0,
        "miss": 0,
        "criticalAtk_pro": 0,
        "add_damage_rate": 800
    },
    "805": {
        "mid": [
            129009,
            130009,
            131009
        ],
        "group": 8,
        "level": 5,
        "name": "ผู้ครอบครองพงไพร",
        "hp_rate": 0,
        "atk_rate": 0,
        "def_rate": 0,
        "aktBack_pro": 0,
        "douleAtk_pro": 0,
        "miss": 0,
        "criticalAtk_pro": 0,
        "add_damage_rate": 1000
    },
    "806": {
        "mid": [
            129012,
            130012,
            131012
        ],
        "group": 8,
        "level": 6,
        "name": "ผู้ครอบครองพงไพร",
        "hp_rate": 0,
        "atk_rate": 0,
        "def_rate": 0,
        "aktBack_pro": 0,
        "douleAtk_pro": 0,
        "miss": 0,
        "criticalAtk_pro": 0,
        "add_damage_rate": 1200
    },
    "807": {
        "mid": [
            129015,
            130015,
            131015
        ],
        "group": 8,
        "level": 7,
        "name": "ผู้ครอบครองพงไพร",
        "hp_rate": 0,
        "atk_rate": 0,
        "def_rate": 0,
        "aktBack_pro": 0,
        "douleAtk_pro": 0,
        "miss": 0,
        "criticalAtk_pro": 0,
        "add_damage_rate": 1400
    },
    "808": {
        "mid": [
            129018,
            130018,
            131018
        ],
        "group": 8,
        "level": 8,
        "name": "ผู้ครอบครองพงไพร",
        "hp_rate": 0,
        "atk_rate": 0,
        "def_rate": 0,
        "aktBack_pro": 0,
        "douleAtk_pro": 0,
        "miss": 0,
        "criticalAtk_pro": 0,
        "add_damage_rate": 1600
    },
    "809": {
        "mid": [
            129021,
            130021,
            131021
        ],
        "group": 8,
        "level": 9,
        "name": "ผู้ครอบครองพงไพร",
        "hp_rate": 0,
        "atk_rate": 0,
        "def_rate": 0,
        "aktBack_pro": 0,
        "douleAtk_pro": 0,
        "miss": 0,
        "criticalAtk_pro": 0,
        "add_damage_rate": 1800
    },
    "810": {
        "mid": [
            129024,
            130024,
            131024
        ],
        "group": 8,
        "level": 10,
        "name": "ผู้ครอบครองพงไพร",
        "hp_rate": 0,
        "atk_rate": 0,
        "def_rate": 0,
        "aktBack_pro": 0,
        "douleAtk_pro": 0,
        "miss": 0,
        "criticalAtk_pro": 0,
        "add_damage_rate": 2000
    },
    "811": {
        "mid": [
            129027,
            130027,
            131027
        ],
        "group": 8,
        "level": 11,
        "name": "ผู้ครอบครองพงไพร",
        "hp_rate": 0,
        "atk_rate": 0,
        "def_rate": 0,
        "aktBack_pro": 0,
        "douleAtk_pro": 0,
        "miss": 0,
        "criticalAtk_pro": 0,
        "add_damage_rate": 2200
    },
    "812": {
        "mid": [
            129030,
            130030,
            131030
        ],
        "group": 8,
        "level": 12,
        "name": "ผู้ครอบครองพงไพร",
        "hp_rate": 0,
        "atk_rate": 0,
        "def_rate": 0,
        "aktBack_pro": 0,
        "douleAtk_pro": 0,
        "miss": 0,
        "criticalAtk_pro": 0,
        "add_damage_rate": 2400
    },
    "813": {
        "mid": [
            129035,
            130035,
            131035
        ],
        "group": 8,
        "level": 13,
        "name": "ผู้ครอบครองพงไพร",
        "hp_rate": 0,
        "atk_rate": 0,
        "def_rate": 0,
        "aktBack_pro": 0,
        "douleAtk_pro": 0,
        "miss": 0,
        "criticalAtk_pro": 0,
        "add_damage_rate": 2800
    },
    "814": {
        "mid": [
            129040,
            130040,
            131040
        ],
        "group": 8,
        "level": 14,
        "name": "ผู้ครอบครองพงไพร",
        "hp_rate": 0,
        "atk_rate": 0,
        "def_rate": 0,
        "aktBack_pro": 0,
        "douleAtk_pro": 0,
        "miss": 0,
        "criticalAtk_pro": 0,
        "add_damage_rate": 3200
    },
    "815": {
        "mid": [
            129045,
            130045,
            131045
        ],
        "group": 8,
        "level": 15,
        "name": "ผู้ครอบครองพงไพร",
        "hp_rate": 0,
        "atk_rate": 0,
        "def_rate": 0,
        "aktBack_pro": 0,
        "douleAtk_pro": 0,
        "miss": 0,
        "criticalAtk_pro": 0,
        "add_damage_rate": 3600
    },
    "816": {
        "mid": [
            129050,
            130050,
            131050
        ],
        "group": 8,
        "level": 16,
        "name": "ผู้ครอบครองพงไพร",
        "hp_rate": 0,
        "atk_rate": 0,
        "def_rate": 0,
        "aktBack_pro": 0,
        "douleAtk_pro": 0,
        "miss": 0,
        "criticalAtk_pro": 0,
        "add_damage_rate": 4000
    }
}