{"1":{"weight":2600,"num":1,"maxCount":0,"quality":1,"type":5},"2":{"weight":2200,"num":1,"maxCount":0,"quality":2,"type":5},"3":{"weight":1600,"num":1,"maxCount":0,"quality":3,"type":5},"4":{"weight":1200,"num":1,"maxCount":0,"quality":4,"type":5},"5":{"weight":400,"num":1,"maxCount":0,"quality":5,"type":5},"6":{"weight":900,"num":20,"maxCount":0,"quality":1,"type":5},"7":{"weight":600,"num":20,"maxCount":0,"quality":2,"type":5},"8":{"weight":300,"num":20,"maxCount":0,"quality":3,"type":5},"9":{"weight":150,"num":20,"maxCount":0,"quality":4,"type":5},"10":{"weight":50,"num":20,"maxCount":200,"quality":5,"type":5}}