{
    "1000": {
        "name": "อิ้งจือผู้กลายเป็นคนผ่านทาง",
        "icon": "1",
        "lv": 1,
        "fight": "500000",
        "robot": [
            110001,
            120001,
            130001
        ],
        "medal": 1,
        "dec": "คำอธิบาย"
    },
    "1005": {
        "name": "เฮิ่นจือผู้ประสบความสำเร็จเล็กน้อย",
        "icon": "2",
        "lv": 2,
        "fight": "510000",
        "robot": [
            110001,
            120001,
            130001
        ],
        "medal": 1,
        "dec": "คำอธิบาย"
    },
    "1010": {
        "name": "เสี้ยวหนานผู้แก้ไขเมื่อสาย",
        "icon": "3",
        "lv": 3,
        "fight": "520000",
        "robot": [
            110001,
            120001,
            130001
        ],
        "medal": 1,
        "dec": "คำอธิบาย"
    },
    "1015": {
        "name": "เชียนอี้ผู้เลือกผิด",
        "icon": "4",
        "lv": 4,
        "fight": "530000",
        "robot": [
            110001,
            120001,
            130001
        ],
        "medal": 1,
        "dec": "คำอธิบาย"
    },
    "1020": {
        "name": "รั่วเฟิงผู้หลงในความฟุ้งเฟ้อ",
        "icon": "5",
        "lv": 5,
        "fight": "540000",
        "robot": [
            110001,
            120001,
            130001
        ],
        "medal": 1,
        "dec": "คำอธิบาย"
    },
    "1025": {
        "name": "อวี่หานผู้ใจหิน",
        "icon": "6",
        "lv": 6,
        "fight": "550000",
        "robot": [
            110001,
            120001,
            130001
        ],
        "medal": 2,
        "dec": "คำอธิบาย"
    },
    "1030": {
        "name": "ซูไป๋ผู้ไม่เคยแพ้",
        "icon": "1",
        "lv": 7,
        "fight": "560000",
        "robot": [
            110001,
            120001,
            130001
        ],
        "medal": 2,
        "dec": "คำอธิบาย"
    },
    "1035": {
        "name": "ไป๋เฟิงผู้เต้นรำด้วยความสุข",
        "icon": "2",
        "lv": 8,
        "fight": "570000",
        "robot": [
            110001,
            120001,
            130001
        ],
        "medal": 2,
        "dec": "คำอธิบาย"
    },
    "1040": {
        "name": "ฟางเฟิงผู้สร้างปัญหา",
        "icon": "3",
        "lv": 9,
        "fight": "580000",
        "robot": [
            110001,
            120001,
            130001
        ],
        "medal": 2,
        "dec": "คำอธิบาย"
    },
    "1045": {
        "name": "หนานเฟิงผู้ปล่อยข่าวลือ",
        "icon": "4",
        "lv": 10,
        "fight": "590000",
        "robot": [
            110001,
            120001,
            130001
        ],
        "medal": 2,
        "dec": "คำอธิบาย"
    },
    "1050": {
        "name": "กู่โปผู้ย่างก้าวแผ่วเบา",
        "icon": "5",
        "lv": 11,
        "fight": "600000",
        "robot": [
            110001,
            120001,
            130001
        ],
        "medal": 3,
        "dec": "คำอธิบาย"
    },
    "1055": {
        "name": "หย่าหยางผู้ร้องไห้ฟูมฟาย",
        "icon": "6",
        "lv": 12,
        "fight": "610000",
        "robot": [
            110001,
            120001,
            130001
        ],
        "medal": 3,
        "dec": "คำอธิบาย"
    },
    "1060": {
        "name": "หลิงชิวผู้ตอบคำถามฉะฉาน",
        "icon": "1",
        "lv": 13,
        "fight": "620000",
        "robot": [
            110001,
            120001,
            130001
        ],
        "medal": 3,
        "dec": "คำอธิบาย"
    },
    "1065": {
        "name": "ไห่หลานผู้มุ่งมั่นสู่ความสำเร็จ",
        "icon": "2",
        "lv": 14,
        "fight": "630000",
        "robot": [
            110001,
            120001,
            130001
        ],
        "medal": 3,
        "dec": "คำอธิบาย"
    },
    "1070": {
        "name": "เทียนอี้ผู้ตื่นตระหนก",
        "icon": "3",
        "lv": 15,
        "fight": "640000",
        "robot": [
            110001,
            120001,
            130001
        ],
        "medal": 3,
        "dec": "คำอธิบาย"
    },
    "1075": {
        "name": "เหลิ่งอี้ผู้ลับๆ ล่อๆ",
        "icon": "4",
        "lv": 16,
        "fight": "650000",
        "robot": [
            110001,
            120001,
            130001
        ],
        "medal": 4,
        "dec": "คำอธิบาย"
    },
    "1080": {
        "name": "เมิ่งซงผู้ส่งสายตาเจ้าชู้",
        "icon": "5",
        "lv": 17,
        "fight": "660000",
        "robot": [
            110001,
            120001,
            130001
        ],
        "medal": 4,
        "dec": "คำอธิบาย"
    },
    "1085": {
        "name": "ฟางเจินผู้ค้ำจุน",
        "icon": "6",
        "lv": 18,
        "fight": "670000",
        "robot": [
            110001,
            120001,
            130001
        ],
        "medal": 4,
        "dec": "คำอธิบาย"
    },
    "1090": {
        "name": "จี้หลานผู้มองการณ์ไกล",
        "icon": "1",
        "lv": 19,
        "fight": "680000",
        "robot": [
            110001,
            120001,
            130001
        ],
        "medal": 4,
        "dec": "คำอธิบาย"
    },
    "1095": {
        "name": "ปี้หลิงผู้เข้าใจอย่างผิวเผิน",
        "icon": "2",
        "lv": 20,
        "fight": "690000",
        "robot": [
            110001,
            120001,
            130001
        ],
        "medal": 4,
        "dec": "คำอธิบาย"
    },
    "1100": {
        "name": "ฮ่วนไป่แห่งห้วงเวลา",
        "icon": "3",
        "lv": 21,
        "fight": "700000",
        "robot": [
            110001,
            120001,
            130001
        ],
        "medal": 5,
        "dec": "คำอธิบาย"
    },
    "1105": {
        "name": "จื่อเจินผู้เชี่ยวชาญศิลปะ",
        "icon": "4",
        "lv": 22,
        "fight": "710000",
        "robot": [
            110001,
            120001,
            130001
        ],
        "medal": 5,
        "dec": "คำอธิบาย"
    },
    "1110": {
        "name": "จื้อย่งแห่งปู",
        "icon": "5",
        "lv": 23,
        "fight": "720000",
        "robot": [
            110001,
            120001,
            130001
        ],
        "medal": 5,
        "dec": "คำอธิบาย"
    },
    "1115": {
        "name": "ยวิ่นเซิ่งผู้มีอายุยืน",
        "icon": "6",
        "lv": 24,
        "fight": "730000",
        "robot": [
            110001,
            120001,
            130001
        ],
        "medal": 5,
        "dec": "คำอธิบาย"
    },
    "1120": {
        "name": "หยวนเหว่ยแห่งพิพิธภัณฑ์",
        "icon": "1",
        "lv": 25,
        "fight": "740000",
        "robot": [
            110001,
            120001,
            130001
        ],
        "medal": 5,
        "dec": "คำอธิบาย"
    },
    "1125": {
        "name": "หย่งหยวนผู้เผชิญหน้า",
        "icon": "2",
        "lv": 26,
        "fight": "750000",
        "robot": [
            110001,
            120001,
            130001
        ],
        "medal": 6,
        "dec": "คำอธิบาย"
    },
    "1130": {
        "name": "อี๋ซิวแห่งเหงือกปลา",
        "icon": "3",
        "lv": 27,
        "fight": "760000",
        "robot": [
            110001,
            120001,
            130001
        ],
        "medal": 6,
        "dec": "คำอธิบาย"
    },
    "1135": {
        "name": "หยางซูแห่งทับทิม",
        "icon": "4",
        "lv": 28,
        "fight": "770000",
        "robot": [
            110001,
            120001,
            130001
        ],
        "medal": 6,
        "dec": "คำอธิบาย"
    },
    "1140": {
        "name": "เซวียนหล่างผู้ตรงต่อเวลา",
        "icon": "5",
        "lv": 29,
        "fight": "780000",
        "robot": [
            110001,
            120001,
            130001
        ],
        "medal": 6,
        "dec": "คำอธิบาย"
    },
    "1145": {
        "name": "ซิงว่างผู้ไม่เคยหยุดนิ่ง",
        "icon": "6",
        "lv": 30,
        "fight": "790000",
        "robot": [
            110001,
            120001,
            130001
        ],
        "medal": 6,
        "dec": "คำอธิบาย"
    },
    "1150": {
        "name": "ซินซีผู้คัดลอก",
        "icon": "1",
        "lv": 31,
        "fight": "800000",
        "robot": [
            110001,
            120001,
            130001
        ],
        "medal": 7,
        "dec": "คำอธิบาย"
    },
    "1155": {
        "name": "เวยหรานผู้อ่อนน้อม",
        "icon": "2",
        "lv": 32,
        "fight": "810000",
        "robot": [
            110001,
            120001,
            130001
        ],
        "medal": 7,
        "dec": "คำอธิบาย"
    },
    "1160": {
        "name": "ไท่หนิงแห่งวิหาร",
        "icon": "3",
        "lv": 33,
        "fight": "820000",
        "robot": [
            110001,
            120001,
            130001
        ],
        "medal": 7,
        "dec": "คำอธิบาย"
    },
    "1165": {
        "name": "รุ่ยเฉิงผู้เดินทางไกล",
        "icon": "4",
        "lv": 34,
        "fight": "830000",
        "robot": [
            110001,
            120001,
            130001
        ],
        "medal": 7,
        "dec": "คำอธิบาย"
    },
    "1170": {
        "name": "ผูฉุนแห่งดินปืน",
        "icon": "5",
        "lv": 35,
        "fight": "840000",
        "robot": [
            110001,
            120001,
            130001
        ],
        "medal": 7,
        "dec": "คำอธิบาย"
    },
    "1175": {
        "name": "หมิงเฉิงผู้ประกาศ",
        "icon": "6",
        "lv": 36,
        "fight": "850000",
        "robot": [
            110001,
            120001,
            130001
        ],
        "medal": 8,
        "dec": "คำอธิบาย"
    },
    "1180": {
        "name": "ลี่ฟูผู้ลังเล",
        "icon": "1",
        "lv": 37,
        "fight": "860000",
        "robot": [
            110001,
            120001,
            130001
        ],
        "medal": 8,
        "dec": "คำอธิบาย"
    },
    "1185": {
        "name": "คังซุ่นผู้นอนหงาย",
        "icon": "2",
        "lv": 38,
        "fight": "870000",
        "robot": [
            110001,
            120001,
            130001
        ],
        "medal": 8,
        "dec": "คำอธิบาย"
    },
    "1190": {
        "name": "จวิ้นเจ๋อผู้ร้อนแรงดุจตะวัน",
        "icon": "3",
        "lv": 39,
        "fight": "880000",
        "robot": [
            110001,
            120001,
            130001
        ],
        "medal": 8,
        "dec": "คำอธิบาย"
    },
    "1195": {
        "name": "จวิ้นหมิงผู้เดินบนน้ำแข็งบาง",
        "icon": "4",
        "lv": 40,
        "fight": "890000",
        "robot": [
            110001,
            120001,
            130001
        ],
        "medal": 8,
        "dec": "คำอธิบาย"
    },
    "1200": {
        "name": "จวินหาวผู้ใช้เงินเป็นเบี้ย",
        "icon": "5",
        "lv": 41,
        "fight": "900000",
        "robot": [
            110001,
            120001,
            130001
        ],
        "medal": 9,
        "dec": "คำอธิบาย"
    },
    "1205": {
        "name": "เจียนไป๋ผู้คงแก่เรียน",
        "icon": "6",
        "lv": 42,
        "fight": "910000",
        "robot": [
            110001,
            120001,
            130001
        ],
        "medal": 9,
        "dec": "คำอธิบาย"
    },
    "1210": {
        "name": "เจีย่มู่ผู้หาหนทาง",
        "icon": "1",
        "lv": 43,
        "fight": "920000",
        "robot": [
            110001,
            120001,
            130001
        ],
        "medal": 9,
        "dec": "คำอธิบาย"
    },
    "1215": {
        "name": "หงซีผู้พร้อมปะทุ",
        "icon": "2",
        "lv": 44,
        "fight": "930000",
        "robot": [
            110001,
            120001,
            130001
        ],
        "medal": 9,
        "dec": "คำอธิบาย"
    },
    "1220": {
        "name": "หงส่วงผู้เสี่ยงเป็นเสี่ยงตาย",
        "icon": "3",
        "lv": 45,
        "fight": "940000",
        "robot": [
            110001,
            120001,
            130001
        ],
        "medal": 9,
        "dec": "คำอธิบาย"
    },
    "1225": {
        "name": "หงเซิ่งผู้ไร้ร่องรอย",
        "icon": "4",
        "lv": 46,
        "fight": "950000",
        "robot": [
            110001,
            120001,
            130001
        ],
        "medal": 10,
        "dec": "คำอธิบาย"
    },
    "1230": {
        "name": "เหอไท่ผู้จริงใจ",
        "icon": "5",
        "lv": 47,
        "fight": "960000",
        "robot": [
            110001,
            120001,
            130001
        ],
        "medal": 10,
        "dec": "คำอธิบาย"
    },
    "1235": {
        "name": "ฮ่าวหรานผู้เบิกบานใจ",
        "icon": "6",
        "lv": 48,
        "fight": "970000",
        "robot": [
            110001,
            120001,
            130001
        ],
        "medal": 10,
        "dec": "คำอธิบาย"
    },
    "1240": {
        "name": "ฮ่าวซั่วผู้มีรูปลักษณ์ธรรมดา",
        "icon": "1",
        "lv": 49,
        "fight": "980000",
        "robot": [
            110001,
            120001,
            130001
        ],
        "medal": 10,
        "dec": "คำอธิบาย"
    },
    "1245": {
        "name": "หานเหยี่ยนผู้หายาก",
        "icon": "2",
        "lv": 50,
        "fight": "990000",
        "robot": [
            110001,
            120001,
            130001
        ],
        "medal": 10,
        "dec": "คำอธิบาย"
    },
    "1250": {
        "name": "กวงเฮ่อแห่งเครื่องเขียน",
        "icon": "3",
        "lv": 51,
        "fight": "1000000",
        "robot": [
            110001,
            120001,
            130001
        ],
        "medal": 11,
        "dec": "คำอธิบาย"
    },
    "1255": {
        "name": "เกาเฟยผู้รู้ตน",
        "icon": "4",
        "lv": 52,
        "fight": "1010000",
        "robot": [
            110001,
            120001,
            130001
        ],
        "medal": 11,
        "dec": "คำอธิบาย"
    },
    "1260": {
        "name": "เฟยกวงผู้นับไม่ถ้วน",
        "icon": "5",
        "lv": 53,
        "fight": "1020000",
        "robot": [
            110001,
            120001,
            130001
        ],
        "medal": 11,
        "dec": "คำอธิบาย"
    },
    "1265": {
        "name": "ชางเซิ่งผู้ไม่เรียนรู้",
        "icon": "6",
        "lv": 54,
        "fight": "1030000",
        "robot": [
            110001,
            120001,
            130001
        ],
        "medal": 11,
        "dec": "คำอธิบาย"
    },
    "1270": {
        "name": "โป๋ต๋าผู้มีครบทุกสิ่ง",
        "icon": "1",
        "lv": 55,
        "fight": "1040000",
        "robot": [
            110001,
            120001,
            130001
        ],
        "medal": 11,
        "dec": "คำอธิบาย"
    },
    "1275": {
        "name": "อันหนิงผู้มีดวงตาสดใส",
        "icon": "2",
        "lv": 56,
        "fight": "1050000",
        "robot": [
            110001,
            120001,
            130001
        ],
        "medal": 12,
        "dec": "คำอธิบาย"
    },
    "1280": {
        "name": "จื้ออี้ผู้ไม่น่าเชื่อถือ",
        "icon": "3",
        "lv": 57,
        "fight": "1060000",
        "robot": [
            110001,
            120001,
            130001
        ],
        "medal": 12,
        "dec": "คำอธิบาย"
    },
    "1285": {
        "name": "เจินเจียผู้พูดอ้อมค้อม",
        "icon": "4",
        "lv": 58,
        "fight": "1070000",
        "robot": [
            110001,
            120001,
            130001
        ],
        "medal": 12,
        "dec": "คำอธิบาย"
    },
    "1290": {
        "name": "ยวิ่นอิ๋นผู้มีปัญญา",
        "icon": "5",
        "lv": 59,
        "fight": "1080000",
        "robot": [
            110001,
            120001,
            130001
        ],
        "medal": 12,
        "dec": "คำอธิบาย"
    },
    "1295": {
        "name": "อวี้ปินผู้ไม่สบายใจ",
        "icon": "6",
        "lv": 60,
        "fight": "1090000",
        "robot": [
            110001,
            120001,
            130001
        ],
        "medal": 12,
        "dec": "คำอธิบาย"
    },
    "1300": {
        "name": "อี้รุ่ยผู้มาไม่ขาดสาย",
        "icon": "1",
        "lv": 61,
        "fight": "1100000",
        "robot": [
            110001,
            120001,
            130001
        ],
        "medal": 13,
        "dec": "คำอธิบาย"
    },
    "1305": {
        "name": "อี๋เหอผู้เหมือนฝัน",
        "icon": "2",
        "lv": 62,
        "fight": "1110000",
        "robot": [
            110001,
            120001,
            130001
        ],
        "medal": 13,
        "dec": "คำอธิบาย"
    },
    "1310": {
        "name": "เยี่ยนฮ่าวผู้กวาดล้างกองทัพ",
        "icon": "3",
        "lv": 63,
        "fight": "1120000",
        "robot": [
            110001,
            120001,
            130001
        ],
        "medal": 13,
        "dec": "คำอธิบาย"
    },
    "1315": {
        "name": "เสวียนข่ายผู้เสี่ยงชีวิต",
        "icon": "4",
        "lv": 64,
        "fight": "1130000",
        "robot": [
            110001,
            120001,
            130001
        ],
        "medal": 13,
        "dec": "คำอธิบาย"
    },
    "1320": {
        "name": "สงอั๋งผู้ขอขมา",
        "icon": "5",
        "lv": 65,
        "fight": "1140000",
        "robot": [
            110001,
            120001,
            130001
        ],
        "medal": 13,
        "dec": "คำอธิบาย"
    },
    "1325": {
        "name": "เสียนซิงผู้เสแสร้ง",
        "icon": "6",
        "lv": 66,
        "fight": "1150000",
        "robot": [
            110001,
            120001,
            130001
        ],
        "medal": 14,
        "dec": "คำอธิบาย"
    },
    "1330": {
        "name": "เหว่ยซิงผู้เวียนหัว",
        "icon": "1",
        "lv": 67,
        "fight": "1160000",
        "robot": [
            110001,
            120001,
            130001
        ],
        "medal": 14,
        "dec": "คำอธิบาย"
    },
    "1335": {
        "name": "เทียนฮ่าวผู้พากเพียร",
        "icon": "2",
        "lv": 68,
        "fight": "1170000",
        "robot": [
            110001,
            120001,
            130001
        ],
        "medal": 14,
        "dec": "คำอธิบาย"
    },
    "1340": {
        "name": "ซั่วหยางผู้เร่งรีบ",
        "icon": "3",
        "lv": 69,
        "fight": "1180000",
        "robot": [
            110001,
            120001,
            130001
        ],
        "medal": 14,
        "dec": "คำอธิบาย"
    },
    "1345": {
        "name": "สือจื่อผู้ช่วยเหลือ",
        "icon": "4",
        "lv": 70,
        "fight": "1190000",
        "robot": [
            110001,
            120001,
            130001
        ],
        "medal": 14,
        "dec": "คำอธิบาย"
    },
    "1350": {
        "name": "รุ่ยฉีผู้เหินเวหา",
        "icon": "5",
        "lv": 71,
        "fight": "1200000",
        "robot": [
            110001,
            120001,
            130001
        ],
        "medal": 15,
        "dec": "คำอธิบาย"
    },
    "1355": {
        "name": "หรานไท่ผู้มองไกล",
        "icon": "6",
        "lv": 72,
        "fight": "1210000",
        "robot": [
            110001,
            120001,
            130001
        ],
        "medal": 15,
        "dec": "คำอธิบาย"
    },
    "1360": {
        "name": "ฉีคุนผู้ทุบตีอก",
        "icon": "1",
        "lv": 73,
        "fight": "1220000",
        "robot": [
            110001,
            120001,
            130001
        ],
        "medal": 15,
        "dec": "คำอธิบาย"
    },
    "1365": {
        "name": "โม่ฮั่นผู้ช่างเจรจา",
        "icon": "2",
        "lv": 74,
        "fight": "1230000",
        "robot": [
            110001,
            120001,
            130001
        ],
        "medal": 15,
        "dec": "คำอธิบาย"
    },
    "1370": {
        "name": "เหมี่ยวชางผู้ลืมกินลืมนอน",
        "icon": "3",
        "lv": 75,
        "fight": "1240000",
        "robot": [
            110001,
            120001,
            130001
        ],
        "medal": 15,
        "dec": "คำอธิบาย"
    },
    "1375": {
        "name": "เลี่ยงหยวนผู้สิ้นหวัง",
        "icon": "4",
        "lv": 76,
        "fight": "1250000",
        "robot": [
            110001,
            120001,
            130001
        ],
        "medal": 16,
        "dec": "คำอธิบาย"
    },
    "1380": {
        "name": "หลันซิงผู้อ้ำอึ้ง",
        "icon": "5",
        "lv": 77,
        "fight": "1260000",
        "robot": [
            110001,
            120001,
            130001
        ],
        "medal": 16,
        "dec": "คำอธิบาย"
    },
    "1385": {
        "name": "จวิ้นเกาผู้ใช้กำลัง",
        "icon": "6",
        "lv": 78,
        "fight": "1270000",
        "robot": [
            110001,
            120001,
            130001
        ],
        "medal": 16,
        "dec": "คำอธิบาย"
    },
    "1390": {
        "name": "เจี๋ยเกาผู้ให้กำลังใจ",
        "icon": "1",
        "lv": 79,
        "fight": "1280000",
        "robot": [
            110001,
            120001,
            130001
        ],
        "medal": 16,
        "dec": "คำอธิบาย"
    },
    "1395": {
        "name": "จี้ไคผู้เพลิดเพลิน",
        "icon": "2",
        "lv": 80,
        "fight": "1290000",
        "robot": [
            110001,
            120001,
            130001
        ],
        "medal": 16,
        "dec": "คำอธิบาย"
    },
    "1400": {
        "name": "ฮว่าเฉิงผู้ผ่านทุกข์สุข",
        "icon": "3",
        "lv": 81,
        "fight": "1300000",
        "robot": [
            110001,
            120001,
            130001
        ],
        "medal": 17,
        "dec": "คำอธิบาย"
    },
    "1405": {
        "name": "หาวจวิ้นผู้ใจดี",
        "icon": "4",
        "lv": 82,
        "fight": "1310000",
        "robot": [
            110001,
            120001,
            130001
        ],
        "medal": 17,
        "dec": "คำอธิบาย"
    },
    "1410": {
        "name": "ไห่ฮั่นผู้ท้าลมหนาว",
        "icon": "5",
        "lv": 83,
        "fight": "1320000",
        "robot": [
            110001,
            120001,
            130001
        ],
        "medal": 17,
        "dec": "คำอธิบาย"
    },
    "1415": {
        "name": "ฟู่คังผู้ปรากฏตัว",
        "icon": "6",
        "lv": 84,
        "fight": "1330000",
        "robot": [
            110001,
            120001,
            130001
        ],
        "medal": 17,
        "dec": "คำอธิบาย"
    },
    "1420": {
        "name": "เฟิงข่ายผู้ล้ำค่า",
        "icon": "1",
        "lv": 85,
        "fight": "1340000",
        "robot": [
            110001,
            120001,
            130001
        ],
        "medal": 17,
        "dec": "คำอธิบาย"
    },
    "1425": {
        "name": "เมิ่งจือผู้ปลอดภัย",
        "icon": "2",
        "lv": 86,
        "fight": "1350000",
        "robot": [
            110001,
            120001,
            130001
        ],
        "medal": 18,
        "dec": "คำอธิบาย"
    },
    "1430": {
        "name": "ปิงจือแห่งธุลี",
        "icon": "3",
        "lv": 87,
        "fight": "1360000",
        "robot": [
            110001,
            120001,
            130001
        ],
        "medal": 18,
        "dec": "คำอธิบาย"
    },
    "1435": {
        "name": "ฉี่หนานผู้โต้เถียง",
        "icon": "4",
        "lv": 88,
        "fight": "1370000",
        "robot": [
            110001,
            120001,
            130001
        ],
        "medal": 18,
        "dec": "คำอธิบาย"
    },
    "1440": {
        "name": "ตงอี้ผู้ชื่นชม",
        "icon": "5",
        "lv": 89,
        "fight": "1380000",
        "robot": [
            110001,
            120001,
            130001
        ],
        "medal": 18,
        "dec": "คำอธิบาย"
    },
    "1445": {
        "name": "ชิงเฟิงผู้เปิดม่าน",
        "icon": "6",
        "lv": 90,
        "fight": "1390000",
        "robot": [
            110001,
            120001,
            130001
        ],
        "medal": 18,
        "dec": "คำอธิบาย"
    },
    "1450": {
        "name": "ฉงหานผู้ไม่ขาดสาย",
        "icon": "1",
        "lv": 91,
        "fight": "1400000",
        "robot": [
            110001,
            120001,
            130001
        ],
        "medal": 19,
        "dec": "คำอธิบาย"
    },
    "1455": {
        "name": "ไฉ่ไป๋ผู้เคารพ",
        "icon": "2",
        "lv": 92,
        "fight": "1410000",
        "robot": [
            110001,
            120001,
            130001
        ],
        "medal": 19,
        "dec": "คำอธิบาย"
    },
    "1460": {
        "name": "ไป๋ชุ่ยผู้สัมผัส",
        "icon": "3",
        "lv": 93,
        "fight": "1420000",
        "robot": [
            110001,
            120001,
            130001
        ],
        "medal": 19,
        "dec": "คำอธิบาย"
    },
    "1465": {
        "name": "เอ่อเฟิงผู้ยิ่งใหญ่",
        "icon": "4",
        "lv": 94,
        "fight": "1430000",
        "robot": [
            110001,
            120001,
            130001
        ],
        "medal": 19,
        "dec": "คำอธิบาย"
    },
    "1470": {
        "name": "หรูเฟิงผู้โกรธแค้น",
        "icon": "5",
        "lv": 95,
        "fight": "1440000",
        "robot": [
            110001,
            120001,
            130001
        ],
        "medal": 19,
        "dec": "คำอธิบาย"
    },
    "1475": {
        "name": "มี่ปอแห่งบาดแผล",
        "icon": "6",
        "lv": 96,
        "fight": "1450000",
        "robot": [
            110001,
            120001,
            130001
        ],
        "medal": 20,
        "dec": "คำอธิบาย"
    },
    "1480": {
        "name": "กูหยางผู้โห่ร้อง",
        "icon": "1",
        "lv": 97,
        "fight": "1460000",
        "robot": [
            110001,
            120001,
            130001
        ],
        "medal": 20,
        "dec": "คำอธิบาย"
    },
    "1485": {
        "name": "อิ้งชิวผู้เศร้าสร้อย",
        "icon": "2",
        "lv": 98,
        "fight": "1470000",
        "robot": [
            110001,
            120001,
            130001
        ],
        "medal": 20,
        "dec": "คำอธิบาย"
    },
    "1490": {
        "name": "ซีไห่แห่งสะโพก",
        "icon": "3",
        "lv": 99,
        "fight": "1480000",
        "robot": [
            110001,
            120001,
            130001
        ],
        "medal": 20,
        "dec": "คำอธิบาย"
    },
    "1495": {
        "name": "ชิงอี้ผู้กลับใจ",
        "icon": "4",
        "lv": 100,
        "fight": "1490000",
        "robot": [
            110001,
            120001,
            130001
        ],
        "medal": 20,
        "dec": "คำอธิบาย"
    }
}