{
    "110001": {
        "heroid": "101001",
        "equip": [
            10020,
            20019,
            30018,
            40017,
            50020,
            60016
        ],
        "poslv": [
            10001
        ],
        "skill": [
            3009001,
            1001002
        ],
        "dec": "คำอธิบายตัวละครหลัก"
    },
    "120001": {
        "heroid": "102001",
        "equip": [
            10020,
            20019,
            30018,
            40017,
            50020,
            60016
        ],
        "poslv": [
            10001
        ],
        "skill": [
            3001001
        ],
        "dec": "คำอธิบาย"
    },
    "130001": {
        "heroid": "103001",
        "equip": [
            10020,
            20019,
            30018,
            40017,
            50020,
            60016
        ],
        "poslv": [
            10001
        ],
        "skill": [
            1002001
        ],
        "dec": "คำอธิบาย"
    }
}