{
  "1": {
    "name": "Apprentice Mercenary",
    "open": 1,
    "glid": 40001,
    "hp": 0,
    "atk": 0,
    "def": 0,
    "atkspeed": 0,
    "task": [3032, 4035, 5202],
    "desc": "Tier 1 Mercenary",
    "spRes": "img_jy1-3",
    "maxLevel": 25
  },
  "2": {
    "name": "Black Iron Mercenary",
    "open": 1,
    "glid": 40002,
    "hp": 1400,
    "atk": 300,
    "def": 60,
    "atkspeed": 10,
    "task": [3016, 4036, 5001],
    "desc": "Tier 2 Mercenary",
    "spRes": "img_jy1-3",
    "maxLevel": 45
  },
  "3": {
    "name": "Bronze Mercenary",
    "open": 1,
    "glid": 40003,
    "hp": 2900,
    "atk": 800,
    "def": 160,
    "atkspeed": 50,
    "task": [3017, 4019, 5101],
    "desc": "Tier 3 Mercenary",
    "spRes": "img_jy1-3",
    "maxLevel": 65
  },
  "4": {
    "name": "Silver Mercenary",
    "open": 1,
    "glid": 40004,
    "hp": 4400,
    "atk": 1300,
    "def": 260,
    "atkspeed": 100,
    "task": [3018, 4020, 5201],
    "desc": "Tier 4 Mercenary",
    "spRes": "img_jy4-6",
    "maxLevel": 85
  },
  "5": {
    "name": "Gold Mercenary",
    "open": 2,
    "glid": 40005,
    "hp": 6700,
    "atk": 2000,
    "def": 360,
    "atkspeed": 150,
    "task": [3019, 4021, 5102],
    "desc": "Tier 5 Mercenary",
    "spRes": "img_jy4-6",
    "maxLevel": 105
  },
  "6": {
    "name": "Platinum Mercenary",
    "open": 2,
    "glid": 40006,
    "hp": 9200,
    "atk": 2750,
    "def": 460,
    "atkspeed": 200,
    "task": [3020, 4022, 5002],
    "desc": "Tier 6 Mercenary",
    "spRes": "img_jy4-6",
    "maxLevel": 115
  },
  "7": {
    "name": "Diamond Mercenary",
    "open": 2,
    "glid": 40007,
    "hp": 11700,
    "atk": 3500,
    "def": 560,
    "atkspeed": 250,
    "task": [3021, 4023, 5103],
    "desc": "Tier 7 Mercenary",
    "spRes": "img_jy7-10",
    "maxLevel": 125
  },
  "8": {
    "name": "Master Mercenary",
    "open": 3,
    "glid": 40008,
    "hp": 15400,
    "atk": 4450,
    "def": 660,
    "atkspeed": 300,
    "task": [3022, 4024, 5003],
    "desc": "Tier 8 Mercenary",
    "spRes": "img_jy7-10",
    "maxLevel": 135
  },
  "9": {
    "name": "Legendary Mercenary",
    "open": 3,
    "glid": 40009,
    "hp": 19400,
    "atk": 5450,
    "def": 760,
    "atkspeed": 350,
    "task": [3023, 4025, 5104],
    "desc": "Tier 9 Mercenary",
    "spRes": "img_jy7-10",
    "maxLevel": 145
  },
  "10": {
    "name": "Miracle Mercenary",
    "open": 3,
    "glid": 40010,
    "hp": 23400,
    "atk": 6450,
    "def": 860,
    "atkspeed": 400,
    "task": [3024, 4026, 5004],
    "desc": "Tier 10 Mercenary",
    "spRes": "img_jy11-13",
    "maxLevel": 155
  },
  "11": {
    "name": "Starlight Mercenary",
    "open": 4,
    "glid": 40011,
    "hp": 27400,
    "atk": 7450,
    "def": 960,
    "atkspeed": 450,
    "task": [3025, 4027, 5105],
    "desc": "Tier 11 Mercenary",
    "spRes": "img_jy11-13",
    "maxLevel": 165
  },
  "12": {
    "name": "King of Mercenaries",
    "open": 4,
    "glid": 40012,
    "hp": 32200,
    "atk": 8850,
    "def": 1060,
    "atkspeed": 500,
    "task": [3026, 4028, 5005],
    "desc": "Tier 12 Mercenary",
    "spRes": "img_jy11-13",
    "maxLevel": 175
  },
  "13": {
    "name": "Emperor of Mercenaries",
    "open": 4,
    "glid": 40013,
    "hp": 37200,
    "atk": 10350,
    "def": 1160,
    "atkspeed": 550,
    "task": [3027, 4029, 5106],
    "desc": "Tier 13 Mercenary",
    "spRes": "img_jy13-15",
    "maxLevel": 180
  },
  "14": {
    "name": "Great Emperor of Mercenaries",
    "open": 5,
    "glid": 40014,
    "hp": 42200,
    "atk": 11850,
    "def": 1260,
    "atkspeed": 600,
    "task": [3028, 4030, 5006],
    "desc": "Tier 14 Mercenary",
    "spRes": "img_jy13-15",
    "maxLevel": 185
  },
  "15": {
    "name": "God of Mercenaries",
    "open": 5,
    "glid": 40015,
    "hp": 47200,
    "atk": 13350,
    "def": 1360,
    "atkspeed": 650,
    "task": [3029, 4031, 5107],
    "desc": "Tier 15 Mercenary",
    "spRes": "img_jy13-15",
    "maxLevel": 190
  },
  "16": {
    "name": "God King of Mercenaries",
    "open": 5,
    "glid": 40016,
    "hp": 52200,
    "atk": 14850,
    "def": 1460,
    "atkspeed": 700,
    "task": [3030, 4032, 5007],
    "desc": "Tier 16 Mercenary",
    "spRes": "img_jy13-15",
    "maxLevel": 195
  },
  "17": {
    "name": "God Emperor of Mercenaries",
    "open": 5,
    "glid": 40017,
    "hp": 57200,
    "atk": 16350,
    "def": 1560,
    "atkspeed": 750,
    "task": [3031, 4033, 5108],
    "desc": "Tier 17 Mercenary",
    "spRes": "img_jy13-15",
    "maxLevel": 200
  }
}
