{
    "1": {
        "name": "บัตรรายเดือน",
        "showtype": 1,
        "paytype": 0,
        "price": 30,
        "cost": {},
        "free": 0,
        "adverts": 0,
        "timelimit": [],
        "dailylimit": 0,
        "alwayslimit": 0,
        "double": 0,
        "drop": [
            5201
        ],
        "exp": 0,
        "addstatus": 101,
        "systemid": 1014,
        "coststatus": 0,
        "hidetime": 0,
        "hidebuynum": 0,
        "enable": 1,
        "showPrice": 1,
        "diyshop": 0
    },
    "2": {
        "name": "กองทุนเลเวล",
        "showtype": 1,
        "paytype": 0,
        "price": 88,
        "cost": {},
        "free": 0,
        "adverts": 0,
        "timelimit": [],
        "dailylimit": 0,
        "alwayslimit": 1,
        "double": 0,
        "drop": [
            5202
        ],
        "exp": 0,
        "addstatus": 102,
        "systemid": 1015,
        "coststatus": 0,
        "hidetime": 0,
        "hidebuynum": 0,
        "enable": 1,
        "showPrice": 1,
        "diyshop": 0
    },
    "3": {
        "name": "กองทุนตีเหล็ก",
        "showtype": 1,
        "paytype": 0,
        "price": 68,
        "cost": {},
        "free": 0,
        "adverts": 0,
        "timelimit": [],
        "dailylimit": 0,
        "alwayslimit": 1,
        "double": 0,
        "drop": [
            5203
        ],
        "exp": 0,
        "addstatus": 103,
        "systemid": 1016,
        "coststatus": 0,
        "hidetime": 0,
        "hidebuynum": 0,
        "enable": 1,
        "showPrice": 1,
        "diyshop": 0
    },
    "4": {
        "name": "ทองคำx5000",
        "showtype": 2,
        "paytype": 1,
        "price": 0,
        "cost": {},
        "free": 1,
        "adverts": 0,
        "timelimit": [
            300,
            600,
            1800
        ],
        "dailylimit": 3,
        "alwayslimit": 0,
        "double": 0,
        "drop": [
            5001
        ],
        "exp": 0,
        "addstatus": 0,
        "systemid": 1018,
        "coststatus": 0,
        "hidetime": 0,
        "hidebuynum": 0,
        "enable": 1,
        "showPrice": 1,
        "diyshop": 0
    },
    "5": {
        "name": "เพชรx20",
        "showtype": 2,
        "paytype": 1,
        "price": 0,
        "cost": {},
        "free": 1,
        "adverts": 0,
        "timelimit": [
            300,
            600,
            1800
        ],
        "dailylimit": 3,
        "alwayslimit": 0,
        "double": 0,
        "drop": [
            5002
        ],
        "exp": 0,
        "addstatus": 0,
        "systemid": 1018,
        "coststatus": 0,
        "hidetime": 0,
        "hidebuynum": 0,
        "enable": 1,
        "showPrice": 1,
        "diyshop": 0
    },
    "6": {
        "name": "แร่เมทีโอไรต์ x30",
        "showtype": 2,
        "paytype": 1,
        "price": 0,
        "cost": {},
        "free": 1,
        "adverts": 0,
        "timelimit": [
            300,
            600,
            1800
        ],
        "dailylimit": 3,
        "alwayslimit": 0,
        "double": 0,
        "drop": [
            5102
        ],
        "exp": 0,
        "addstatus": 0,
        "systemid": 1018,
        "coststatus": 0,
        "hidetime": 0,
        "hidebuynum": 0,
        "enable": 1,
        "showPrice": 1,
        "diyshop": 0
    },
    "7": {
        "name": "60 เพชร",
        "showtype": 3,
        "paytype": 0,
        "price": 6,
        "cost": {},
        "free": 0,
        "adverts": 0,
        "timelimit": [],
        "dailylimit": 0,
        "alwayslimit": 0,
        "double": 1,
        "drop": [
            5003
        ],
        "exp": 0,
        "addstatus": 0,
        "systemid": 1017,
        "coststatus": 0,
        "hidetime": 0,
        "hidebuynum": 0,
        "enable": 1,
        "showPrice": 1,
        "diyshop": 0
    },
    "8": {
        "name": "300 เพชร",
        "showtype": 3,
        "paytype": 0,
        "price": 30,
        "cost": {},
        "free": 0,
        "adverts": 0,
        "timelimit": [],
        "dailylimit": 0,
        "alwayslimit": 0,
        "double": 1,
        "drop": [
            5004
        ],
        "exp": 0,
        "addstatus": 0,
        "systemid": 1017,
        "coststatus": 0,
        "hidetime": 0,
        "hidebuynum": 0,
        "enable": 1,
        "showPrice": 1,
        "diyshop": 0
    },
    "9": {
        "name": "680 เพชร",
        "showtype": 3,
        "paytype": 0,
        "price": 68,
        "cost": {},
        "free": 0,
        "adverts": 0,
        "timelimit": [],
        "dailylimit": 0,
        "alwayslimit": 0,
        "double": 1,
        "drop": [
            5005
        ],
        "exp": 0,
        "addstatus": 0,
        "systemid": 1017,
        "coststatus": 0,
        "hidetime": 0,
        "hidebuynum": 0,
        "enable": 1,
        "showPrice": 1,
        "diyshop": 0
    },
    "10": {
        "name": "1280 เพชร",
        "showtype": 3,
        "paytype": 0,
        "price": 128,
        "cost": {},
        "free": 0,
        "adverts": 0,
        "timelimit": [],
        "dailylimit": 0,
        "alwayslimit": 0,
        "double": 1,
        "drop": [
            5006
        ],
        "exp": 0,
        "addstatus": 0,
        "systemid": 1017,
        "coststatus": 0,
        "hidetime": 0,
        "hidebuynum": 0,
        "enable": 1,
        "showPrice": 1,
        "diyshop": 0
    },
    "11": {
        "name": "3280 เพชร",
        "showtype": 3,
        "paytype": 0,
        "price": 328,
        "cost": {},
        "free": 0,
        "adverts": 0,
        "timelimit": [],
        "dailylimit": 0,
        "alwayslimit": 0,
        "double": 1,
        "drop": [
            5007
        ],
        "exp": 0,
        "addstatus": 0,
        "systemid": 1017,
        "coststatus": 0,
        "hidetime": 0,
        "hidebuynum": 0,
        "enable": 1,
        "showPrice": 1,
        "diyshop": 0
    },
    "12": {
        "name": "6480 เพชร",
        "showtype": 3,
        "paytype": 0,
        "price": 648,
        "cost": {},
        "free": 0,
        "adverts": 0,
        "timelimit": [],
        "dailylimit": 0,
        "alwayslimit": 0,
        "double": 1,
        "drop": [
            5008
        ],
        "exp": 0,
        "addstatus": 0,
        "systemid": 1017,
        "coststatus": 0,
        "hidetime": 0,
        "hidebuynum": 0,
        "enable": 1,
        "showPrice": 1,
        "diyshop": 0
    },
    "13": {
        "name": "แพ็ครายวัน-0",
        "showtype": 4,
        "paytype": 1,
        "price": 0,
        "cost": {},
        "free": 1,
        "adverts": 0,
        "timelimit": [],
        "dailylimit": 1,
        "alwayslimit": 0,
        "double": 0,
        "drop": [
            5301
        ],
        "exp": 0,
        "addstatus": 0,
        "systemid": 1019,
        "coststatus": 0,
        "hidetime": 0,
        "hidebuynum": 0,
        "enable": 1,
        "showPrice": 1,
        "diyshop": 0
    },
    "14": {
        "name": "แพ็ครายวัน-6",
        "showtype": 4,
        "paytype": 0,
        "price": 6,
        "cost": {},
        "free": 0,
        "adverts": 0,
        "timelimit": [],
        "dailylimit": 1,
        "alwayslimit": 0,
        "double": 0,
        "drop": [
            5302
        ],
        "exp": 0,
        "addstatus": 0,
        "systemid": 1019,
        "coststatus": 0,
        "hidetime": 0,
        "hidebuynum": 0,
        "enable": 1,
        "showPrice": 1,
        "diyshop": 0
    },
    "15": {
        "name": "แพ็ครายวัน-18",
        "showtype": 4,
        "paytype": 0,
        "price": 18,
        "cost": {},
        "free": 0,
        "adverts": 0,
        "timelimit": [],
        "dailylimit": 1,
        "alwayslimit": 0,
        "double": 0,
        "drop": [
            5303
        ],
        "exp": 0,
        "addstatus": 0,
        "systemid": 1019,
        "coststatus": 0,
        "hidetime": 0,
        "hidebuynum": 0,
        "enable": 1,
        "showPrice": 1,
        "diyshop": 0
    },
    "16": {
        "name": "ล่าสมบัติ - ลูกเต๋า (วิดีโอ)",
        "showtype": 5,
        "paytype": 1,
        "price": 0,
        "cost": {},
        "free": 1,
        "adverts": 0,
        "timelimit": [
            300,
            300,
            300,
            300
        ],
        "dailylimit": 5,
        "alwayslimit": 0,
        "double": 0,
        "drop": [
            5101
        ],
        "exp": 0,
        "addstatus": 0,
        "systemid": 1020,
        "coststatus": 0,
        "hidetime": 0,
        "hidebuynum": 0,
        "enable": 1,
        "showPrice": 1,
        "diyshop": 0
    },
    "17": {
        "name": "ล่าสมบัติ - ลูกเต๋า (เพชร)",
        "showtype": 5,
        "paytype": 1,
        "price": 0,
        "cost": {
            "1002": 50
        },
        "free": 0,
        "adverts": 0,
        "timelimit": [],
        "dailylimit": 15,
        "alwayslimit": 0,
        "double": 0,
        "drop": [
            5101
        ],
        "exp": 0,
        "addstatus": 0,
        "systemid": 1020,
        "coststatus": 0,
        "hidetime": 0,
        "hidebuynum": 0,
        "enable": 1,
        "showPrice": 1,
        "diyshop": 0
    },
    "18": {
        "name": "ล่าสมบัติ - สวัสดิการสมบัติ",
        "showtype": 5,
        "paytype": 0,
        "price": 28,
        "cost": {},
        "free": 0,
        "adverts": 0,
        "timelimit": [],
        "dailylimit": 0,
        "alwayslimit": 1,
        "double": 0,
        "drop": [
            5204
        ],
        "exp": 0,
        "addstatus": 104,
        "systemid": 1020,
        "coststatus": 0,
        "hidetime": 0,
        "hidebuynum": 0,
        "enable": 1,
        "showPrice": 1,
        "diyshop": 0
    },
    "19": {
        "name": "ลานประลอง - ตั๋วท้าทาย (วิดีโอ)",
        "showtype": 6,
        "paytype": 1,
        "price": 0,
        "cost": {},
        "free": 1,
        "adverts": 0,
        "timelimit": [
            300,
            300,
            300,
            300
        ],
        "dailylimit": 5,
        "alwayslimit": 0,
        "double": 0,
        "drop": [
            7001
        ],
        "exp": 0,
        "addstatus": 0,
        "systemid": 1022,
        "coststatus": 0,
        "hidetime": 0,
        "hidebuynum": 0,
        "enable": 1,
        "showPrice": 1,
        "diyshop": 0
    },
    "20": {
        "name": "ลานประลอง - ตั๋วท้าทาย (เพชร)",
        "showtype": 6,
        "paytype": 1,
        "price": 0,
        "cost": {
            "1002": 50
        },
        "free": 0,
        "adverts": 0,
        "timelimit": [],
        "dailylimit": 15,
        "alwayslimit": 0,
        "double": 0,
        "drop": [
            7001
        ],
        "exp": 0,
        "addstatus": 0,
        "systemid": 1022,
        "coststatus": 0,
        "hidetime": 0,
        "hidebuynum": 0,
        "enable": 1,
        "showPrice": 1,
        "diyshop": 0
    },
    "21": {
        "name": "เติมเงินครั้งแรก 30 บาท",
        "showtype": 7,
        "paytype": 0,
        "price": 30,
        "cost": {},
        "free": 0,
        "adverts": 0,
        "timelimit": [],
        "dailylimit": 0,
        "alwayslimit": 1,
        "double": 0,
        "drop": [
            5009
        ],
        "exp": 0,
        "addstatus": 0,
        "systemid": 1031,
        "coststatus": 0,
        "hidetime": 0,
        "hidebuynum": 0,
        "enable": 1,
        "showPrice": 30,
        "diyshop": 0
    },
    "22": {
        "name": "เติมเงินครั้งแรก 90 บาท",
        "showtype": 7,
        "paytype": 0,
        "price": 90,
        "cost": {},
        "free": 0,
        "adverts": 0,
        "timelimit": [],
        "dailylimit": 0,
        "alwayslimit": 1,
        "double": 0,
        "drop": [
            5010
        ],
        "exp": 0,
        "addstatus": 0,
        "systemid": 1031,
        "coststatus": 0,
        "hidetime": 0,
        "hidebuynum": 0,
        "enable": 1,
        "showPrice": 90,
        "diyshop": 0
    },
    "23": {
        "name": "แพ็ครายวัน-68",
        "showtype": 4,
        "paytype": 0,
        "price": 68,
        "cost": {},
        "free": 0,
        "adverts": 0,
        "timelimit": [],
        "dailylimit": 1,
        "alwayslimit": 0,
        "double": 0,
        "drop": [
            5304
        ],
        "exp": 0,
        "addstatus": 0,
        "systemid": 1019,
        "coststatus": 0,
        "hidetime": 0,
        "hidebuynum": 0,
        "enable": 1,
        "showPrice": 1,
        "diyshop": 0
    },
    "24": {
        "name": "แพ็ครายวัน-128",
        "showtype": 4,
        "paytype": 0,
        "price": 128,
        "cost": {},
        "free": 0,
        "adverts": 0,
        "timelimit": [],
        "dailylimit": 1,
        "alwayslimit": 0,
        "double": 0,
        "drop": [
            5306
        ],
        "exp": 0,
        "addstatus": 0,
        "systemid": 1019,
        "coststatus": 0,
        "hidetime": 0,
        "hidebuynum": 0,
        "enable": 1,
        "showPrice": 1,
        "diyshop": 0
    },
    "25": {
        "name": "แพ็ครายวัน-198",
        "showtype": 4,
        "paytype": 0,
        "price": 198,
        "cost": {},
        "free": 0,
        "adverts": 0,
        "timelimit": [],
        "dailylimit": 1,
        "alwayslimit": 0,
        "double": 0,
        "drop": [
            5305
        ],
        "exp": 0,
        "addstatus": 0,
        "systemid": 1019,
        "coststatus": 0,
        "hidetime": 0,
        "hidebuynum": 0,
        "enable": 0,
        "showPrice": 0,
        "diyshop": 0
    },
    "26": {
        "name": "แพ็ครายวัน-328",
        "showtype": 4,
        "paytype": 0,
        "price": 328,
        "cost": {},
        "free": 0,
        "adverts": 0,
        "timelimit": [],
        "dailylimit": 1,
        "alwayslimit": 0,
        "double": 0,
        "drop": [
            5307
        ],
        "exp": 0,
        "addstatus": 0,
        "systemid": 1019,
        "coststatus": 0,
        "hidetime": 0,
        "hidebuynum": 0,
        "enable": 0,
        "showPrice": 0,
        "diyshop": 0
    },
    "27": {
        "name": "แพ็ครายวัน-648",
        "showtype": 4,
        "paytype": 0,
        "price": 648,
        "cost": {},
        "free": 0,
        "adverts": 0,
        "timelimit": [],
        "dailylimit": 1,
        "alwayslimit": 0,
        "double": 0,
        "drop": [
            5308
        ],
        "exp": 0,
        "addstatus": 0,
        "systemid": 1019,
        "coststatus": 0,
        "hidetime": 0,
        "hidebuynum": 0,
        "enable": 0,
        "showPrice": 0,
        "diyshop": 0
    },
    "28": {
        "name": "กองทุนเลเวล - สวัสดิการรายวัน",
        "showtype": 8,
        "paytype": 1,
        "price": 0,
        "cost": {},
        "free": 1,
        "adverts": 0,
        "timelimit": [],
        "dailylimit": 1,
        "alwayslimit": 0,
        "double": 0,
        "drop": [
            5205
        ],
        "exp": 0,
        "addstatus": 0,
        "systemid": 2030,
        "coststatus": 102,
        "hidetime": 0,
        "hidebuynum": 0,
        "enable": 1,
        "showPrice": 1,
        "diyshop": 0
    },
    "29": {
        "name": "กองทุนตีบวก - สวัสดิการรายวัน",
        "showtype": 9,
        "paytype": 1,
        "price": 0,
        "cost": {},
        "free": 1,
        "adverts": 0,
        "timelimit": [],
        "dailylimit": 1,
        "alwayslimit": 0,
        "double": 0,
        "drop": [
            5206
        ],
        "exp": 0,
        "addstatus": 0,
        "systemid": 2031,
        "coststatus": 103,
        "hidetime": 0,
        "hidebuynum": 0,
        "enable": 1,
        "showPrice": 1,
        "diyshop": 0
    },
    "30": {
        "name": "สวัสดิการสมบัติ - สวัสดิการรายวัน",
        "showtype": 10,
        "paytype": 1,
        "price": 0,
        "cost": {},
        "free": 1,
        "adverts": 0,
        "timelimit": [],
        "dailylimit": 1,
        "alwayslimit": 0,
        "double": 0,
        "drop": [
            5207
        ],
        "exp": 0,
        "addstatus": 0,
        "systemid": 2023,
        "coststatus": 104,
        "hidetime": 0,
        "hidebuynum": 0,
        "enable": 1,
        "showPrice": 1,
        "diyshop": 0
    },
    "31": {
        "name": "แพ็คเสริมแกร่งเหรียญตรา",
        "showtype": 11,
        "paytype": 0,
        "price": 18,
        "cost": {},
        "free": 0,
        "adverts": 0,
        "timelimit": [],
        "dailylimit": 1,
        "alwayslimit": 0,
        "double": 0,
        "drop": [
            5501
        ],
        "exp": 0,
        "addstatus": 0,
        "systemid": 1021,
        "coststatus": 0,
        "hidetime": 3600,
        "hidebuynum": 1,
        "enable": 1,
        "showPrice": 1,
        "diyshop": 0
    },
    "32": {
        "name": "แพ็คเสริมแกร่งอุปกรณ์",
        "showtype": 11,
        "paytype": 0,
        "price": 18,
        "cost": {},
        "free": 0,
        "adverts": 0,
        "timelimit": [],
        "dailylimit": 1,
        "alwayslimit": 0,
        "double": 0,
        "drop": [
            5502
        ],
        "exp": 0,
        "addstatus": 0,
        "systemid": 2003,
        "coststatus": 0,
        "hidetime": 3600,
        "hidebuynum": 1,
        "enable": 1,
        "showPrice": 1,
        "diyshop": 0
    },
    "33": {
        "name": "แพ็คกล่องสมบัติสกิล",
        "showtype": 11,
        "paytype": 0,
        "price": 18,
        "cost": {},
        "free": 0,
        "adverts": 0,
        "timelimit": [],
        "dailylimit": 1,
        "alwayslimit": 0,
        "double": 0,
        "drop": [
            5503
        ],
        "exp": 0,
        "addstatus": 0,
        "systemid": 1003,
        "coststatus": 0,
        "hidetime": 3600,
        "hidebuynum": 1,
        "enable": 1,
        "showPrice": 1,
        "diyshop": 0
    },
    "34": {
        "name": "ทองจำนวนน้อย",
        "showtype": 12,
        "paytype": 1,
        "price": 0,
        "cost": {
            "1002": 20
        },
        "free": 0,
        "adverts": 0,
        "timelimit": [],
        "dailylimit": 0,
        "alwayslimit": 0,
        "double": 0,
        "drop": [
            5601
        ],
        "exp": 0,
        "addstatus": 0,
        "systemid": 1017,
        "coststatus": 0,
        "hidetime": 0,
        "hidebuynum": 0,
        "enable": 1,
        "showPrice": 1,
        "diyshop": 0
    },
    "35": {
        "name": "ทองจำนวนหนึ่ง",
        "showtype": 12,
        "paytype": 1,
        "price": 0,
        "cost": {
            "1002": 40
        },
        "free": 0,
        "adverts": 0,
        "timelimit": [],
        "dailylimit": 0,
        "alwayslimit": 0,
        "double": 0,
        "drop": [
            5602
        ],
        "exp": 0,
        "addstatus": 0,
        "systemid": 1017,
        "coststatus": 0,
        "hidetime": 0,
        "hidebuynum": 0,
        "enable": 1,
        "showPrice": 1,
        "diyshop": 0
    },
    "36": {
        "name": "ทองจำนวนมาก",
        "showtype": 12,
        "paytype": 1,
        "price": 0,
        "cost": {
            "1002": 100
        },
        "free": 0,
        "adverts": 0,
        "timelimit": [],
        "dailylimit": 0,
        "alwayslimit": 0,
        "double": 0,
        "drop": [
            5603
        ],
        "exp": 0,
        "addstatus": 0,
        "systemid": 1017,
        "coststatus": 0,
        "hidetime": 0,
        "hidebuynum": 0,
        "enable": 1,
        "showPrice": 1,
        "diyshop": 0
    },
    "37": {
        "name": "ทองจำนวนมหาศาล",
        "showtype": 12,
        "paytype": 1,
        "price": 0,
        "cost": {
            "1002": 200
        },
        "free": 0,
        "adverts": 0,
        "timelimit": [],
        "dailylimit": 0,
        "alwayslimit": 0,
        "double": 0,
        "drop": [
            5604
        ],
        "exp": 0,
        "addstatus": 0,
        "systemid": 1017,
        "coststatus": 0,
        "hidetime": 0,
        "hidebuynum": 0,
        "enable": 1,
        "showPrice": 1,
        "diyshop": 0
    },
    "38": {
        "name": "ทองจำนวนเยอะพิเศษ",
        "showtype": 12,
        "paytype": 1,
        "price": 0,
        "cost": {
            "1002": 400
        },
        "free": 0,
        "adverts": 0,
        "timelimit": [],
        "dailylimit": 0,
        "alwayslimit": 0,
        "double": 0,
        "drop": [
            5605
        ],
        "exp": 0,
        "addstatus": 0,
        "systemid": 1017,
        "coststatus": 0,
        "hidetime": 0,
        "hidebuynum": 0,
        "enable": 1,
        "showPrice": 1,
        "diyshop": 0
    },
    "39": {
        "name": "ทองคำมหึมา",
        "showtype": 12,
        "paytype": 1,
        "price": 0,
        "cost": {
            "1002": 1000
        },
        "free": 0,
        "adverts": 0,
        "timelimit": [],
        "dailylimit": 0,
        "alwayslimit": 0,
        "double": 0,
        "drop": [
            5606
        ],
        "exp": 0,
        "addstatus": 0,
        "systemid": 1017,
        "coststatus": 0,
        "hidetime": 0,
        "hidebuynum": 0,
        "enable": 1,
        "showPrice": 1,
        "diyshop": 0
    },
    "40": {
        "name": "(ฟรี) วาร์ปหนีฉุกเฉิน",
        "showtype": 13,
        "paytype": 1,
        "price": 0,
        "cost": {},
        "free": 1,
        "adverts": 0,
        "timelimit": [],
        "dailylimit": 1,
        "alwayslimit": 0,
        "double": 0,
        "drop": [
            10001
        ],
        "exp": 0,
        "addstatus": 0,
        "systemid": 1039,
        "coststatus": 0,
        "hidetime": 0,
        "hidebuynum": 0,
        "enable": 1,
        "showPrice": 1,
        "diyshop": 0
    },
    "41": {
        "name": "วาร์ปหนีฉุกเฉิน",
        "showtype": 14,
        "paytype": 1,
        "price": 0,
        "cost": {
            "1002": 50
        },
        "free": 0,
        "adverts": 0,
        "timelimit": [],
        "dailylimit": 30,
        "alwayslimit": 0,
        "double": 0,
        "drop": [
            10002
        ],
        "exp": 0,
        "addstatus": 0,
        "systemid": 1039,
        "coststatus": 0,
        "hidetime": 0,
        "hidebuynum": 0,
        "enable": 1,
        "showPrice": 1,
        "diyshop": 0
    },
    "42": {
        "name": "(ฟรี)รูนออร่า",
        "showtype": 15,
        "paytype": 1,
        "price": 0,
        "cost": {},
        "free": 1,
        "adverts": 0,
        "timelimit": [],
        "dailylimit": 1,
        "alwayslimit": 0,
        "double": 0,
        "drop": [
            10003
        ],
        "exp": 0,
        "addstatus": 0,
        "systemid": 1039,
        "coststatus": 0,
        "hidetime": 0,
        "hidebuynum": 0,
        "enable": 1,
        "showPrice": 1,
        "diyshop": 0
    },
    "43": {
        "name": "รูนออร่า 1",
        "showtype": 16,
        "paytype": 1,
        "price": 0,
        "cost": {
            "1002": 50
        },
        "free": 0,
        "adverts": 0,
        "timelimit": [],
        "dailylimit": 1,
        "alwayslimit": 0,
        "double": 0,
        "drop": [
            10004
        ],
        "exp": 0,
        "addstatus": 0,
        "systemid": 1039,
        "coststatus": 0,
        "hidetime": 0,
        "hidebuynum": 0,
        "enable": 1,
        "showPrice": 1,
        "diyshop": 0
    },
    "44": {
        "name": "รูนออร่า 2",
        "showtype": 16,
        "paytype": 1,
        "price": 0,
        "cost": {
            "1002": 100
        },
        "free": 0,
        "adverts": 0,
        "timelimit": [],
        "dailylimit": 1,
        "alwayslimit": 0,
        "double": 0,
        "drop": [
            10004
        ],
        "exp": 0,
        "addstatus": 0,
        "systemid": 1039,
        "coststatus": 0,
        "hidetime": 0,
        "hidebuynum": 0,
        "enable": 1,
        "showPrice": 1,
        "diyshop": 0
    },
    "45": {
        "name": "รูนออร่า 3",
        "showtype": 16,
        "paytype": 1,
        "price": 0,
        "cost": {
            "1002": 200
        },
        "free": 0,
        "adverts": 0,
        "timelimit": [],
        "dailylimit": 1,
        "alwayslimit": 0,
        "double": 0,
        "drop": [
            10004
        ],
        "exp": 0,
        "addstatus": 0,
        "systemid": 1039,
        "coststatus": 0,
        "hidetime": 0,
        "hidebuynum": 0,
        "enable": 1,
        "showPrice": 1,
        "diyshop": 0
    },
    "46": {
        "name": "รูนออร่า 4",
        "showtype": 16,
        "paytype": 1,
        "price": 0,
        "cost": {
            "1002": 300
        },
        "free": 0,
        "adverts": 0,
        "timelimit": [],
        "dailylimit": 1,
        "alwayslimit": 0,
        "double": 0,
        "drop": [
            10004
        ],
        "exp": 0,
        "addstatus": 0,
        "systemid": 1039,
        "coststatus": 0,
        "hidetime": 0,
        "hidebuynum": 0,
        "enable": 1,
        "showPrice": 1,
        "diyshop": 0
    },
    "47": {
        "name": "รูนออร่า 5",
        "showtype": 16,
        "paytype": 1,
        "price": 0,
        "cost": {
            "1002": 400
        },
        "free": 0,
        "adverts": 0,
        "timelimit": [],
        "dailylimit": 1,
        "alwayslimit": 0,
        "double": 0,
        "drop": [
            10004
        ],
        "exp": 0,
        "addstatus": 0,
        "systemid": 1039,
        "coststatus": 0,
        "hidetime": 0,
        "hidebuynum": 0,
        "enable": 1,
        "showPrice": 1,
        "diyshop": 0
    },
    "48": {
        "name": "บัตรตลอดชีพ",
        "showtype": 1,
        "paytype": 0,
        "price": 198,
        "cost": {},
        "free": 0,
        "adverts": 0,
        "timelimit": [],
        "dailylimit": 0,
        "alwayslimit": 0,
        "double": 0,
        "drop": [
            5208
        ],
        "exp": 0,
        "addstatus": 105,
        "systemid": 1041,
        "coststatus": 0,
        "hidetime": 0,
        "hidebuynum": 0,
        "enable": 1,
        "showPrice": 1,
        "diyshop": 0
    },
    "49": {
        "name": "แพ็คตีบวก-0",
        "showtype": 0,
        "paytype": 1,
        "price": 0,
        "cost": {},
        "free": 1,
        "adverts": 0,
        "timelimit": [],
        "dailylimit": 1,
        "alwayslimit": 0,
        "double": 0,
        "drop": [
            5701
        ],
        "exp": 0,
        "addstatus": 0,
        "systemid": 2051,
        "coststatus": 0,
        "hidetime": 0,
        "hidebuynum": 0,
        "enable": 1,
        "showPrice": 1,
        "diyshop": 0
    },
    "50": {
        "name": "แพ็คตีบวก-6",
        "showtype": 0,
        "paytype": 0,
        "price": 6,
        "cost": {},
        "free": 0,
        "adverts": 0,
        "timelimit": [],
        "dailylimit": 1,
        "alwayslimit": 0,
        "double": 0,
        "drop": [
            5702
        ],
        "exp": 0,
        "addstatus": 0,
        "systemid": 2051,
        "coststatus": 0,
        "hidetime": 0,
        "hidebuynum": 0,
        "enable": 1,
        "showPrice": 1,
        "diyshop": 0
    },
    "51": {
        "name": "แพ็คตีบวก-12",
        "showtype": 0,
        "paytype": 0,
        "price": 12,
        "cost": {},
        "free": 0,
        "adverts": 0,
        "timelimit": [],
        "dailylimit": 2,
        "alwayslimit": 0,
        "double": 0,
        "drop": [
            5703
        ],
        "exp": 0,
        "addstatus": 0,
        "systemid": 2051,
        "coststatus": 0,
        "hidetime": 0,
        "hidebuynum": 0,
        "enable": 1,
        "showPrice": 1,
        "diyshop": 0
    },
    "52": {
        "name": "แพ็คตีบวก-30",
        "showtype": 0,
        "paytype": 0,
        "price": 300,
        "cost": {},
        "free": 0,
        "adverts": 0,
        "timelimit": [],
        "dailylimit": 5,
        "alwayslimit": 0,
        "double": 0,
        "drop": [
            5704
        ],
        "exp": 0,
        "addstatus": 0,
        "systemid": 2051,
        "coststatus": 0,
        "hidetime": 0,
        "hidebuynum": 0,
        "enable": 1,
        "showPrice": 1,
        "diyshop": 0
    },
    "53": {
        "name": "แพ็คตีบวก-68",
        "showtype": 0,
        "paytype": 0,
        "price": 680,
        "cost": {},
        "free": 0,
        "adverts": 0,
        "timelimit": [],
        "dailylimit": 5,
        "alwayslimit": 0,
        "double": 0,
        "drop": [
            5705
        ],
        "exp": 0,
        "addstatus": 0,
        "systemid": 2051,
        "coststatus": 0,
        "hidetime": 0,
        "hidebuynum": 0,
        "enable": 1,
        "showPrice": 1,
        "diyshop": 0
    },
    "54": {
        "name": "แพ็คตีบวก-128",
        "showtype": 0,
        "paytype": 0,
        "price": 1280,
        "cost": {},
        "free": 0,
        "adverts": 0,
        "timelimit": [],
        "dailylimit": 10,
        "alwayslimit": 0,
        "double": 0,
        "drop": [
            5706
        ],
        "exp": 0,
        "addstatus": 0,
        "systemid": 2051,
        "coststatus": 0,
        "hidetime": 0,
        "hidebuynum": 0,
        "enable": 1,
        "showPrice": 1,
        "diyshop": 0
    },
    "55": {
        "name": "แพ็คเสริมแกร่ง-0",
        "showtype": 0,
        "paytype": 1,
        "price": 0,
        "cost": {},
        "free": 1,
        "adverts": 0,
        "timelimit": [],
        "dailylimit": 1,
        "alwayslimit": 0,
        "double": 0,
        "drop": [
            5707
        ],
        "exp": 0,
        "addstatus": 0,
        "systemid": 2052,
        "coststatus": 0,
        "hidetime": 0,
        "hidebuynum": 0,
        "enable": 1,
        "showPrice": 1,
        "diyshop": 0
    },
    "56": {
        "name": "แพ็คเสริมแกร่ง-6",
        "showtype": 0,
        "paytype": 0,
        "price": 6,
        "cost": {},
        "free": 0,
        "adverts": 0,
        "timelimit": [],
        "dailylimit": 1,
        "alwayslimit": 0,
        "double": 0,
        "drop": [
            5708
        ],
        "exp": 0,
        "addstatus": 0,
        "systemid": 2052,
        "coststatus": 0,
        "hidetime": 0,
        "hidebuynum": 0,
        "enable": 1,
        "showPrice": 1,
        "diyshop": 0
    },
    "57": {
        "name": "แพ็คเสริมแกร่ง-12",
        "showtype": 0,
        "paytype": 0,
        "price": 12,
        "cost": {},
        "free": 0,
        "adverts": 0,
        "timelimit": [],
        "dailylimit": 2,
        "alwayslimit": 0,
        "double": 0,
        "drop": [
            5709
        ],
        "exp": 0,
        "addstatus": 0,
        "systemid": 2052,
        "coststatus": 0,
        "hidetime": 0,
        "hidebuynum": 0,
        "enable": 1,
        "showPrice": 1,
        "diyshop": 0
    },
    "58": {
        "name": "แพ็คเสริมแกร่ง-30",
        "showtype": 0,
        "paytype": 0,
        "price": 300,
        "cost": {},
        "free": 0,
        "adverts": 0,
        "timelimit": [],
        "dailylimit": 5,
        "alwayslimit": 0,
        "double": 0,
        "drop": [
            5710
        ],
        "exp": 0,
        "addstatus": 0,
        "systemid": 2052,
        "coststatus": 0,
        "hidetime": 0,
        "hidebuynum": 0,
        "enable": 1,
        "showPrice": 1,
        "diyshop": 0
    },
    "59": {
        "name": "แพ็คเสริมแกร่ง-68",
        "showtype": 0,
        "paytype": 0,
        "price": 680,
        "cost": {},
        "free": 0,
        "adverts": 0,
        "timelimit": [],
        "dailylimit": 5,
        "alwayslimit": 0,
        "double": 0,
        "drop": [
            5711
        ],
        "exp": 0,
        "addstatus": 0,
        "systemid": 2052,
        "coststatus": 0,
        "hidetime": 0,
        "hidebuynum": 0,
        "enable": 1,
        "showPrice": 1,
        "diyshop": 0
    },
    "60": {
        "name": "แพ็คเสริมแกร่ง-128",
        "showtype": 0,
        "paytype": 0,
        "price": 1280,
        "cost": {},
        "free": 0,
        "adverts": 0,
        "timelimit": [],
        "dailylimit": 10,
        "alwayslimit": 0,
        "double": 0,
        "drop": [
            5712
        ],
        "exp": 0,
        "addstatus": 0,
        "systemid": 2052,
        "coststatus": 0,
        "hidetime": 0,
        "hidebuynum": 0,
        "enable": 1,
        "showPrice": 1,
        "diyshop": 0
    },
    "61": {
        "name": "แพ็คออร่า-0",
        "showtype": 0,
        "paytype": 1,
        "price": 0,
        "cost": {},
        "free": 1,
        "adverts": 0,
        "timelimit": [],
        "dailylimit": 1,
        "alwayslimit": 0,
        "double": 0,
        "drop": [
            5713
        ],
        "exp": 0,
        "addstatus": 0,
        "systemid": 2053,
        "coststatus": 0,
        "hidetime": 0,
        "hidebuynum": 0,
        "enable": 1,
        "showPrice": 1,
        "diyshop": 0
    },
    "62": {
        "name": "แพ็คออร่า-6",
        "showtype": 0,
        "paytype": 0,
        "price": 6,
        "cost": {},
        "free": 0,
        "adverts": 0,
        "timelimit": [],
        "dailylimit": 1,
        "alwayslimit": 0,
        "double": 0,
        "drop": [
            5714
        ],
        "exp": 0,
        "addstatus": 0,
        "systemid": 2053,
        "coststatus": 0,
        "hidetime": 0,
        "hidebuynum": 0,
        "enable": 1,
        "showPrice": 1,
        "diyshop": 0
    },
    "63": {
        "name": "แพ็คออร่า-12",
        "showtype": 0,
        "paytype": 0,
        "price": 12,
        "cost": {},
        "free": 0,
        "adverts": 0,
        "timelimit": [],
        "dailylimit": 2,
        "alwayslimit": 0,
        "double": 0,
        "drop": [
            5715
        ],
        "exp": 0,
        "addstatus": 0,
        "systemid": 2053,
        "coststatus": 0,
        "hidetime": 0,
        "hidebuynum": 0,
        "enable": 1,
        "showPrice": 1,
        "diyshop": 0
    },
    "64": {
        "name": "แพ็คออร่า-30",
        "showtype": 0,
        "paytype": 0,
        "price": 300,
        "cost": {},
        "free": 0,
        "adverts": 0,
        "timelimit": [],
        "dailylimit": 5,
        "alwayslimit": 0,
        "double": 0,
        "drop": [
            5716
        ],
        "exp": 0,
        "addstatus": 0,
        "systemid": 2053,
        "coststatus": 0,
        "hidetime": 0,
        "hidebuynum": 0,
        "enable": 1,
        "showPrice": 1,
        "diyshop": 0
    },
    "65": {
        "name": "แพ็คออร่า-68",
        "showtype": 0,
        "paytype": 0,
        "price": 680,
        "cost": {},
        "free": 0,
        "adverts": 0,
        "timelimit": [],
        "dailylimit": 5,
        "alwayslimit": 0,
        "double": 0,
        "drop": [
            5717
        ],
        "exp": 0,
        "addstatus": 0,
        "systemid": 2053,
        "coststatus": 0,
        "hidetime": 0,
        "hidebuynum": 0,
        "enable": 1,
        "showPrice": 1,
        "diyshop": 0
    },
    "66": {
        "name": "แพ็คออร่า-128",
        "showtype": 0,
        "paytype": 0,
        "price": 1280,
        "cost": {},
        "free": 0,
        "adverts": 0,
        "timelimit": [],
        "dailylimit": 10,
        "alwayslimit": 0,
        "double": 0,
        "drop": [
            5718
        ],
        "exp": 0,
        "addstatus": 0,
        "systemid": 2053,
        "coststatus": 0,
        "hidetime": 0,
        "hidebuynum": 0,
        "enable": 1,
        "showPrice": 1,
        "diyshop": 0
    },
    "67": {
        "name": "แพ็คผลไม้-0",
        "showtype": 0,
        "paytype": 1,
        "price": 0,
        "cost": {},
        "free": 1,
        "adverts": 0,
        "timelimit": [],
        "dailylimit": 1,
        "alwayslimit": 0,
        "double": 0,
        "drop": [
            5719
        ],
        "exp": 0,
        "addstatus": 0,
        "systemid": 2054,
        "coststatus": 0,
        "hidetime": 0,
        "hidebuynum": 0,
        "enable": 1,
        "showPrice": 1,
        "diyshop": 0
    },
    "68": {
        "name": "แพ็คผลไม้-6",
        "showtype": 0,
        "paytype": 0,
        "price": 6,
        "cost": {},
        "free": 0,
        "adverts": 0,
        "timelimit": [],
        "dailylimit": 1,
        "alwayslimit": 0,
        "double": 0,
        "drop": [
            5720
        ],
        "exp": 0,
        "addstatus": 0,
        "systemid": 2054,
        "coststatus": 0,
        "hidetime": 0,
        "hidebuynum": 0,
        "enable": 1,
        "showPrice": 1,
        "diyshop": 0
    },
    "69": {
        "name": "แพ็คผลไม้-12",
        "showtype": 0,
        "paytype": 0,
        "price": 12,
        "cost": {},
        "free": 0,
        "adverts": 0,
        "timelimit": [],
        "dailylimit": 2,
        "alwayslimit": 0,
        "double": 0,
        "drop": [
            5721
        ],
        "exp": 0,
        "addstatus": 0,
        "systemid": 2054,
        "coststatus": 0,
        "hidetime": 0,
        "hidebuynum": 0,
        "enable": 1,
        "showPrice": 1,
        "diyshop": 0
    },
    "70": {
        "name": "แพ็คผลไม้-30",
        "showtype": 0,
        "paytype": 0,
        "price": 300,
        "cost": {},
        "free": 0,
        "adverts": 0,
        "timelimit": [],
        "dailylimit": 5,
        "alwayslimit": 0,
        "double": 0,
        "drop": [
            5722
        ],
        "exp": 0,
        "addstatus": 0,
        "systemid": 2054,
        "coststatus": 0,
        "hidetime": 0,
        "hidebuynum": 0,
        "enable": 1,
        "showPrice": 1,
        "diyshop": 0
    },
    "71": {
        "name": "แพ็คผลไม้-68",
        "showtype": 0,
        "paytype": 0,
        "price": 680,
        "cost": {},
        "free": 0,
        "adverts": 0,
        "timelimit": [],
        "dailylimit": 5,
        "alwayslimit": 0,
        "double": 0,
        "drop": [
            5723
        ],
        "exp": 0,
        "addstatus": 0,
        "systemid": 2054,
        "coststatus": 0,
        "hidetime": 0,
        "hidebuynum": 0,
        "enable": 1,
        "showPrice": 1,
        "diyshop": 0
    },
    "72": {
        "name": "แพ็คผลไม้-128",
        "showtype": 0,
        "paytype": 0,
        "price": 1280,
        "cost": {},
        "free": 0,
        "adverts": 0,
        "timelimit": [],
        "dailylimit": 10,
        "alwayslimit": 0,
        "double": 0,
        "drop": [
            5724
        ],
        "exp": 0,
        "addstatus": 0,
        "systemid": 2054,
        "coststatus": 0,
        "hidetime": 0,
        "hidebuynum": 0,
        "enable": 1,
        "showPrice": 1,
        "diyshop": 0
    },
    "73": {
        "name": "10000 เพชร",
        "showtype": 3,
        "paytype": 0,
        "price": 1000,
        "cost": {},
        "free": 0,
        "adverts": 0,
        "timelimit": [],
        "dailylimit": 0,
        "alwayslimit": 0,
        "double": 1,
        "drop": [
            5011
        ],
        "exp": 0,
        "addstatus": 0,
        "systemid": 1017,
        "coststatus": 0,
        "hidetime": 0,
        "hidebuynum": 0,
        "enable": 1,
        "showPrice": 1,
        "diyshop": 0
    },
    "74": {
        "name": "20000 เพชร",
        "showtype": 3,
        "paytype": 0,
        "price": 2000,
        "cost": {},
        "free": 0,
        "adverts": 0,
        "timelimit": [],
        "dailylimit": 0,
        "alwayslimit": 0,
        "double": 1,
        "drop": [
            5012
        ],
        "exp": 0,
        "addstatus": 0,
        "systemid": 1017,
        "coststatus": 0,
        "hidetime": 0,
        "hidebuynum": 0,
        "enable": 0,
        "showPrice": 1,
        "diyshop": 0
    },
    "75": {
        "name": "50000 เพชร",
        "showtype": 3,
        "paytype": 0,
        "price": 5000,
        "cost": {},
        "free": 0,
        "adverts": 0,
        "timelimit": [],
        "dailylimit": 0,
        "alwayslimit": 0,
        "double": 1,
        "drop": [
            5013
        ],
        "exp": 0,
        "addstatus": 0,
        "systemid": 1017,
        "coststatus": 0,
        "hidetime": 0,
        "hidebuynum": 0,
        "enable": 1,
        "showPrice": 1,
        "diyshop": 0
    },
    "76": {
        "name": "100000 เพชร",
        "showtype": 3,
        "paytype": 0,
        "price": 10000,
        "cost": {},
        "free": 0,
        "adverts": 0,
        "timelimit": [],
        "dailylimit": 0,
        "alwayslimit": 0,
        "double": 1,
        "drop": [
            5014
        ],
        "exp": 0,
        "addstatus": 0,
        "systemid": 1017,
        "coststatus": 0,
        "hidetime": 0,
        "hidebuynum": 0,
        "enable": 1,
        "showPrice": 1,
        "diyshop": 0
    },
    "77": {
        "name": "200000 เพชร",
        "showtype": 3,
        "paytype": 0,
        "price": 20000,
        "cost": {},
        "free": 0,
        "adverts": 0,
        "timelimit": [],
        "dailylimit": 0,
        "alwayslimit": 0,
        "double": 1,
        "drop": [
            5015
        ],
        "exp": 0,
        "addstatus": 0,
        "systemid": 1017,
        "coststatus": 0,
        "hidetime": 0,
        "hidebuynum": 0,
        "enable": 0,
        "showPrice": 1,
        "diyshop": 0
    },
    "78": {
        "name": "500000 เพชร",
        "showtype": 3,
        "paytype": 0,
        "price": 50000,
        "cost": {},
        "free": 0,
        "adverts": 0,
        "timelimit": [],
        "dailylimit": 0,
        "alwayslimit": 0,
        "double": 1,
        "drop": [
            5016
        ],
        "exp": 0,
        "addstatus": 0,
        "systemid": 1017,
        "coststatus": 0,
        "hidetime": 0,
        "hidebuynum": 0,
        "enable": 0,
        "showPrice": 1,
        "diyshop": 0
    },
    "79": {
        "name": "1000000 เพชร",
        "showtype": 3,
        "paytype": 0,
        "price": 100000,
        "cost": {},
        "free": 0,
        "adverts": 0,
        "timelimit": [],
        "dailylimit": 0,
        "alwayslimit": 0,
        "double": 1,
        "drop": [
            5017
        ],
        "exp": 0,
        "addstatus": 0,
        "systemid": 1017,
        "coststatus": 0,
        "hidetime": 0,
        "hidebuynum": 0,
        "enable": 0,
        "showPrice": 1,
        "diyshop": 0
    },
    "80": {
        "name": "ใบเร่งความเร็ว 10 นาที",
        "showtype": 0,
        "paytype": 1,
        "price": 0,
        "cost": {
            "1002": 50
        },
        "free": 0,
        "adverts": 0,
        "timelimit": [],
        "dailylimit": 0,
        "alwayslimit": 0,
        "double": 0,
        "drop": [
            5801
        ],
        "exp": 0,
        "addstatus": 0,
        "systemid": 1055,
        "coststatus": 0,
        "hidetime": 0,
        "hidebuynum": 0,
        "enable": 1,
        "showPrice": 1,
        "diyshop": 0
    },
    "81": {
        "name": "ค่าเกียรติยศ",
        "showtype": 0,
        "paytype": 1,
        "price": 0,
        "cost": {
            "1002": 200
        },
        "free": 0,
        "adverts": 0,
        "timelimit": [],
        "dailylimit": 0,
        "alwayslimit": 0,
        "double": 0,
        "drop": [
            5802
        ],
        "exp": 0,
        "addstatus": 0,
        "systemid": 1055,
        "coststatus": 0,
        "hidetime": 0,
        "hidebuynum": 0,
        "enable": 1,
        "showPrice": 1,
        "diyshop": 0
    },
    "82": {
        "name": "ตั๋วท้าทาย",
        "showtype": 0,
        "paytype": 1,
        "price": 0,
        "cost": {
            "1002": 100
        },
        "free": 0,
        "adverts": 0,
        "timelimit": [],
        "dailylimit": 0,
        "alwayslimit": 0,
        "double": 0,
        "drop": [
            5803
        ],
        "exp": 0,
        "addstatus": 0,
        "systemid": 1055,
        "coststatus": 0,
        "hidetime": 0,
        "hidebuynum": 0,
        "enable": 1,
        "showPrice": 1,
        "diyshop": 0
    },
    "83": {
        "name": "ลูกเต๋า",
        "showtype": 0,
        "paytype": 1,
        "price": 0,
        "cost": {
            "1002": 50
        },
        "free": 0,
        "adverts": 0,
        "timelimit": [],
        "dailylimit": 10,
        "alwayslimit": 0,
        "double": 0,
        "drop": [
            5804
        ],
        "exp": 0,
        "addstatus": 0,
        "systemid": 1055,
        "coststatus": 0,
        "hidetime": 0,
        "hidebuynum": 0,
        "enable": 1,
        "showPrice": 1,
        "diyshop": 0
    },
    "84": {
        "name": "มิธริล",
        "showtype": 0,
        "paytype": 1,
        "price": 0,
        "cost": {
            "1002": 100
        },
        "free": 0,
        "adverts": 0,
        "timelimit": [],
        "dailylimit": 50,
        "alwayslimit": 0,
        "double": 0,
        "drop": [
            5805
        ],
        "exp": 0,
        "addstatus": 0,
        "systemid": 1055,
        "coststatus": 0,
        "hidetime": 0,
        "hidebuynum": 0,
        "enable": 1,
        "showPrice": 1,
        "diyshop": 0
    },
    "85": {
        "name": "ผลไม้ชีวิตขั้น 1",
        "showtype": 0,
        "paytype": 1,
        "price": 0,
        "cost": {
            "1002": 50
        },
        "free": 0,
        "adverts": 0,
        "timelimit": [],
        "dailylimit": 10,
        "alwayslimit": 0,
        "double": 0,
        "drop": [
            5806
        ],
        "exp": 0,
        "addstatus": 0,
        "systemid": 1055,
        "coststatus": 0,
        "hidetime": 0,
        "hidebuynum": 0,
        "enable": 1,
        "showPrice": 1,
        "diyshop": 0
    },
    "86": {
        "name": "ผลไม้พละกำลังขั้น 1",
        "showtype": 0,
        "paytype": 1,
        "price": 0,
        "cost": {
            "1002": 50
        },
        "free": 0,
        "adverts": 0,
        "timelimit": [],
        "dailylimit": 10,
        "alwayslimit": 0,
        "double": 0,
        "drop": [
            5807
        ],
        "exp": 0,
        "addstatus": 0,
        "systemid": 1055,
        "coststatus": 0,
        "hidetime": 0,
        "hidebuynum": 0,
        "enable": 1,
        "showPrice": 1,
        "diyshop": 0
    },
    "87": {
        "name": "ผลไม้กายาขั้น 1",
        "showtype": 0,
        "paytype": 1,
        "price": 0,
        "cost": {
            "1002": 50
        },
        "free": 0,
        "adverts": 0,
        "timelimit": [],
        "dailylimit": 10,
        "alwayslimit": 0,
        "double": 0,
        "drop": [
            5808
        ],
        "exp": 0,
        "addstatus": 0,
        "systemid": 1055,
        "coststatus": 0,
        "hidetime": 0,
        "hidebuynum": 0,
        "enable": 1,
        "showPrice": 1,
        "diyshop": 0
    },
    "88": {
        "name": "ผลไม้ความว่องไวขั้น 1",
        "showtype": 0,
        "paytype": 1,
        "price": 0,
        "cost": {
            "1002": 50
        },
        "free": 0,
        "adverts": 0,
        "timelimit": [],
        "dailylimit": 10,
        "alwayslimit": 0,
        "double": 0,
        "drop": [
            5809
        ],
        "exp": 0,
        "addstatus": 0,
        "systemid": 1055,
        "coststatus": 0,
        "hidetime": 0,
        "hidebuynum": 0,
        "enable": 1,
        "showPrice": 1,
        "diyshop": 0
    },
    "89": {
        "name": "รูนออร่า",
        "showtype": 0,
        "paytype": 1,
        "price": 0,
        "cost": {
            "1002": 100
        },
        "free": 0,
        "adverts": 0,
        "timelimit": [],
        "dailylimit": 1,
        "alwayslimit": 0,
        "double": 0,
        "drop": [
            5810
        ],
        "exp": 0,
        "addstatus": 0,
        "systemid": 1055,
        "coststatus": 0,
        "hidetime": 0,
        "hidebuynum": 0,
        "enable": 1,
        "showPrice": 1,
        "diyshop": 0
    },
    "90": {
        "name": "บัตรเปลี่ยนชื่อ",
        "showtype": 0,
        "paytype": 1,
        "price": 0,
        "cost": {
            "1002": 50
        },
        "free": 0,
        "adverts": 0,
        "timelimit": [],
        "dailylimit": 0,
        "alwayslimit": 0,
        "double": 0,
        "drop": [
            5811
        ],
        "exp": 0,
        "addstatus": 0,
        "systemid": 1055,
        "coststatus": 0,
        "hidetime": 0,
        "hidebuynum": 0,
        "enable": 1,
        "showPrice": 1,
        "diyshop": 0
    },
    "91": {
        "name": "กล่องสมบัติสกิล",
        "showtype": 0,
        "paytype": 1,
        "price": 0,
        "cost": {
            "1002": 500
        },
        "free": 0,
        "adverts": 0,
        "timelimit": [],
        "dailylimit": 50,
        "alwayslimit": 0,
        "double": 0,
        "drop": [
            5812
        ],
        "exp": 0,
        "addstatus": 0,
        "systemid": 1055,
        "coststatus": 0,
        "hidetime": 0,
        "hidebuynum": 0,
        "enable": 1,
        "showPrice": 1,
        "diyshop": 0
    },
    "92": {
        "name": "ฟื้นฟูพลังกาย",
        "showtype": 17,
        "paytype": 1,
        "price": 0,
        "cost": {
            "1038": 1
        },
        "free": 0,
        "adverts": 0,
        "timelimit": [],
        "dailylimit": 0,
        "alwayslimit": 0,
        "double": 0,
        "drop": [
            10005
        ],
        "exp": 0,
        "addstatus": 0,
        "systemid": 1040,
        "coststatus": 0,
        "hidetime": 0,
        "hidebuynum": 0,
        "enable": 1,
        "showPrice": 1,
        "diyshop": 0
    },
    "93": {
        "name": "เสบียง",
        "showtype": 0,
        "paytype": 1,
        "price": 0,
        "cost": {
            "1002": 500
        },
        "free": 0,
        "adverts": 0,
        "timelimit": [],
        "dailylimit": 0,
        "alwayslimit": 0,
        "double": 0,
        "drop": [
            5813
        ],
        "exp": 0,
        "addstatus": 0,
        "systemid": 1055,
        "coststatus": 0,
        "hidetime": 0,
        "hidebuynum": 0,
        "enable": 1,
        "showPrice": 1,
        "diyshop": 0
    },
    "94": {
        "name": "สุดยอดลานประลอง - ตั๋วท้าทาย (วิดีโอ)",
        "showtype": 18,
        "paytype": 1,
        "price": 0,
        "cost": {},
        "free": 1,
        "adverts": 0,
        "timelimit": [
            300,
            300,
            300,
            300
        ],
        "dailylimit": 5,
        "alwayslimit": 0,
        "double": 0,
        "drop": [
            7002
        ],
        "exp": 0,
        "addstatus": 0,
        "systemid": 1059,
        "coststatus": 0,
        "hidetime": 0,
        "hidebuynum": 0,
        "enable": 1,
        "showPrice": 1,
        "diyshop": 0
    },
    "95": {
        "name": "สุดยอดลานประลอง - ตั๋วท้าทาย (เพชร)",
        "showtype": 18,
        "paytype": 1,
        "price": 0,
        "cost": {
            "1002": 50
        },
        "free": 0,
        "adverts": 0,
        "timelimit": [],
        "dailylimit": 15,
        "alwayslimit": 0,
        "double": 0,
        "drop": [
            7002
        ],
        "exp": 0,
        "addstatus": 0,
        "systemid": 1059,
        "coststatus": 0,
        "hidetime": 0,
        "hidebuynum": 0,
        "enable": 1,
        "showPrice": 1,
        "diyshop": 0
    },
    "96": {
        "name": "สวัสดิการเปิดเซิร์ฟ - (แร่เมทีโอไรต์)",
        "showtype": 19,
        "paytype": 1,
        "price": 0,
        "cost": {
            "1042": 20
        },
        "free": 0,
        "adverts": 0,
        "timelimit": [],
        "dailylimit": 0,
        "alwayslimit": 100,
        "double": 0,
        "drop": [
            5822
        ],
        "exp": 0,
        "addstatus": 0,
        "systemid": 1063,
        "coststatus": 0,
        "hidetime": 0,
        "hidebuynum": 0,
        "enable": 1,
        "showPrice": 1,
        "diyshop": 0
    },
    "97": {
        "name": "สวัสดิการเปิดเซิร์ฟ - (ตั๋วท้าทาย)",
        "showtype": 19,
        "paytype": 1,
        "price": 0,
        "cost": {
            "1042": 80
        },
        "free": 0,
        "adverts": 0,
        "timelimit": [],
        "dailylimit": 0,
        "alwayslimit": 50,
        "double": 0,
        "drop": [
            5827
        ],
        "exp": 0,
        "addstatus": 0,
        "systemid": 1063,
        "coststatus": 0,
        "hidetime": 0,
        "hidebuynum": 0,
        "enable": 1,
        "showPrice": 1,
        "diyshop": 0
    },
    "98": {
        "name": "สวัสดิการเปิดเซิร์ฟ - (มิธริล)",
        "showtype": 19,
        "paytype": 1,
        "price": 0,
        "cost": {
            "1042": 100
        },
        "free": 0,
        "adverts": 0,
        "timelimit": [],
        "dailylimit": 0,
        "alwayslimit": 20,
        "double": 0,
        "drop": [
            5828
        ],
        "exp": 0,
        "addstatus": 0,
        "systemid": 1063,
        "coststatus": 0,
        "hidetime": 0,
        "hidebuynum": 0,
        "enable": 1,
        "showPrice": 1,
        "diyshop": 0
    },
    "99": {
        "name": "สวัสดิการเปิดเซิร์ฟ - (ใบเร่งความเร็ว)",
        "showtype": 19,
        "paytype": 1,
        "price": 0,
        "cost": {
            "1042": 200
        },
        "free": 0,
        "adverts": 0,
        "timelimit": [],
        "dailylimit": 0,
        "alwayslimit": 10,
        "double": 0,
        "drop": [
            5826
        ],
        "exp": 0,
        "addstatus": 0,
        "systemid": 1063,
        "coststatus": 0,
        "hidetime": 0,
        "hidebuynum": 0,
        "enable": 1,
        "showPrice": 1,
        "diyshop": 0
    },
    "100": {
        "name": "สวัสดิการเปิดเซิร์ฟ - (เกียรติยศ)",
        "showtype": 19,
        "paytype": 1,
        "price": 0,
        "cost": {
            "1042": 400
        },
        "free": 0,
        "adverts": 0,
        "timelimit": [],
        "dailylimit": 0,
        "alwayslimit": 5,
        "double": 0,
        "drop": [
            5823
        ],
        "exp": 0,
        "addstatus": 0,
        "systemid": 1063,
        "coststatus": 0,
        "hidetime": 0,
        "hidebuynum": 0,
        "enable": 1,
        "showPrice": 1,
        "diyshop": 0
    },
    "101": {
        "name": "สวัสดิการเปิดเซิร์ฟ - (กล่องสมบัติสกิล)",
        "showtype": 19,
        "paytype": 1,
        "price": 0,
        "cost": {
            "1042": 400
        },
        "free": 0,
        "adverts": 0,
        "timelimit": [],
        "dailylimit": 0,
        "alwayslimit": 10,
        "double": 0,
        "drop": [
            5825
        ],
        "exp": 0,
        "addstatus": 0,
        "systemid": 1063,
        "coststatus": 0,
        "hidetime": 0,
        "hidebuynum": 0,
        "enable": 1,
        "showPrice": 1,
        "diyshop": 0
    },
    "102": {
        "name": "สวัสดิการเปิดเซิร์ฟ - (เสบียง)",
        "showtype": 19,
        "paytype": 1,
        "price": 0,
        "cost": {
            "1042": 500
        },
        "free": 0,
        "adverts": 0,
        "timelimit": [],
        "dailylimit": 0,
        "alwayslimit": 5,
        "double": 0,
        "drop": [
            5821
        ],
        "exp": 0,
        "addstatus": 0,
        "systemid": 1063,
        "coststatus": 0,
        "hidetime": 0,
        "hidebuynum": 0,
        "enable": 1,
        "showPrice": 1,
        "diyshop": 0
    },
    "103": {
        "name": "สวัสดิการเปิดเซิร์ฟ - (เหยื่อตกปลา)",
        "showtype": 19,
        "paytype": 1,
        "price": 0,
        "cost": {
            "1042": 1000
        },
        "free": 0,
        "adverts": 0,
        "timelimit": [],
        "dailylimit": 0,
        "alwayslimit": 2,
        "double": 0,
        "drop": [
            5824
        ],
        "exp": 0,
        "addstatus": 0,
        "systemid": 1063,
        "coststatus": 0,
        "hidetime": 0,
        "hidebuynum": 0,
        "enable": 1,
        "showPrice": 1,
        "diyshop": 0
    },
    "104": {
        "name": "แพ็คฟรีเซิร์ฟเวอร์ใหม่",
        "showtype": 20,
        "paytype": 1,
        "price": 0,
        "cost": {},
        "free": 1,
        "adverts": 0,
        "timelimit": [],
        "dailylimit": 1,
        "alwayslimit": 0,
        "double": 0,
        "drop": [
            5829
        ],
        "exp": 0,
        "addstatus": 0,
        "systemid": 1063,
        "coststatus": 0,
        "hidetime": 0,
        "hidebuynum": 0,
        "enable": 1,
        "showPrice": 1,
        "diyshop": 0
    },
    "105": {
        "name": "แพ็คช่วยเหลือการตีบวกเซิร์ฟใหม่",
        "showtype": 20,
        "paytype": 0,
        "price": 6,
        "cost": {},
        "free": 0,
        "adverts": 0,
        "timelimit": [],
        "dailylimit": 10,
        "alwayslimit": 0,
        "double": 0,
        "drop": [
            5830
        ],
        "exp": 0,
        "addstatus": 0,
        "systemid": 1063,
        "coststatus": 0,
        "hidetime": 0,
        "hidebuynum": 0,
        "enable": 1,
        "showPrice": 1,
        "diyshop": 0
    },
    "106": {
        "name": "แพ็คเลื่อนขั้นการตีบวกเซิร์ฟใหม่",
        "showtype": 20,
        "paytype": 0,
        "price": 18,
        "cost": {},
        "free": 0,
        "adverts": 0,
        "timelimit": [],
        "dailylimit": 10,
        "alwayslimit": 0,
        "double": 0,
        "drop": [
            5831
        ],
        "exp": 0,
        "addstatus": 0,
        "systemid": 1063,
        "coststatus": 0,
        "hidetime": 0,
        "hidebuynum": 0,
        "enable": 1,
        "showPrice": 1,
        "diyshop": 0
    },
    "107": {
        "name": "แพ็คเลื่อนขั้นเกียรติยศเซิร์ฟใหม่",
        "showtype": 20,
        "paytype": 0,
        "price": 18,
        "cost": {},
        "free": 0,
        "adverts": 0,
        "timelimit": [],
        "dailylimit": 10,
        "alwayslimit": 0,
        "double": 0,
        "drop": [
            5832
        ],
        "exp": 0,
        "addstatus": 0,
        "systemid": 1063,
        "coststatus": 0,
        "hidetime": 0,
        "hidebuynum": 0,
        "enable": 1,
        "showPrice": 1,
        "diyshop": 0
    },
    "108": {
        "name": "แพ็คออร่าสุดคุ้มเซิร์ฟใหม่",
        "showtype": 20,
        "paytype": 0,
        "price": 28,
        "cost": {},
        "free": 0,
        "adverts": 0,
        "timelimit": [],
        "dailylimit": 10,
        "alwayslimit": 0,
        "double": 0,
        "drop": [
            5833
        ],
        "exp": 0,
        "addstatus": 0,
        "systemid": 1063,
        "coststatus": 0,
        "hidetime": 0,
        "hidebuynum": 0,
        "enable": 1,
        "showPrice": 1,
        "diyshop": 0
    },
    "109": {
        "name": "แพ็คผลไม้เริ่มต้นเซิร์ฟใหม่",
        "showtype": 20,
        "paytype": 0,
        "price": 8,
        "cost": {},
        "free": 0,
        "adverts": 0,
        "timelimit": [],
        "dailylimit": 10,
        "alwayslimit": 0,
        "double": 0,
        "drop": [
            5834
        ],
        "exp": 0,
        "addstatus": 0,
        "systemid": 1063,
        "coststatus": 0,
        "hidetime": 0,
        "hidebuynum": 0,
        "enable": 1,
        "showPrice": 1,
        "diyshop": 0
    },
    "110": {
        "name": "แพ็คผลไม้ขั้นสูงเซิร์ฟใหม่",
        "showtype": 20,
        "paytype": 0,
        "price": 18,
        "cost": {},
        "free": 0,
        "adverts": 0,
        "timelimit": [],
        "dailylimit": 10,
        "alwayslimit": 0,
        "double": 0,
        "drop": [
            5835
        ],
        "exp": 0,
        "addstatus": 0,
        "systemid": 1063,
        "coststatus": 0,
        "hidetime": 0,
        "hidebuynum": 0,
        "enable": 0,
        "showPrice": 1,
        "diyshop": 0
    },
    "111": {
        "name": "แพ็คผลไม้สุดหรูเซิร์ฟใหม่",
        "showtype": 20,
        "paytype": 0,
        "price": 38,
        "cost": {},
        "free": 0,
        "adverts": 0,
        "timelimit": [],
        "dailylimit": 10,
        "alwayslimit": 0,
        "double": 0,
        "drop": [
            5836
        ],
        "exp": 0,
        "addstatus": 0,
        "systemid": 1063,
        "coststatus": 0,
        "hidetime": 0,
        "hidebuynum": 0,
        "enable": 0,
        "showPrice": 1,
        "diyshop": 0
    },
    "112": {
        "name": "แพ็คอสูรสุดคุ้มเซิร์ฟใหม่",
        "showtype": 20,
        "paytype": 0,
        "price": 30,
        "cost": {},
        "free": 0,
        "adverts": 0,
        "timelimit": [],
        "dailylimit": 10,
        "alwayslimit": 0,
        "double": 0,
        "drop": [
            5837
        ],
        "exp": 0,
        "addstatus": 0,
        "systemid": 1063,
        "coststatus": 0,
        "hidetime": 0,
        "hidebuynum": 0,
        "enable": 1,
        "showPrice": 1,
        "diyshop": 0
    },
    "113": {
        "name": "แพ็คอสูรทรงเกียรติเซิร์ฟใหม่",
        "showtype": 20,
        "paytype": 0,
        "price": 68,
        "cost": {},
        "free": 0,
        "adverts": 0,
        "timelimit": [],
        "dailylimit": 10,
        "alwayslimit": 0,
        "double": 0,
        "drop": [
            5838
        ],
        "exp": 0,
        "addstatus": 0,
        "systemid": 1063,
        "coststatus": 0,
        "hidetime": 0,
        "hidebuynum": 0,
        "enable": 1,
        "showPrice": 1,
        "diyshop": 0
    },
    "114": {
        "name": "แพ็คอสูรสุดหรูเซิร์ฟใหม่",
        "showtype": 20,
        "paytype": 0,
        "price": 158,
        "cost": {},
        "free": 0,
        "adverts": 0,
        "timelimit": [],
        "dailylimit": 10,
        "alwayslimit": 0,
        "double": 0,
        "drop": [
            5839
        ],
        "exp": 0,
        "addstatus": 0,
        "systemid": 1063,
        "coststatus": 0,
        "hidetime": 0,
        "hidebuynum": 0,
        "enable": 1,
        "showPrice": 1,
        "diyshop": 0
    },
    "115": {
        "name": "สวัสดิการฟรี",
        "showtype": 21,
        "paytype": 1,
        "price": 0,
        "cost": {},
        "free": 1,
        "adverts": 0,
        "timelimit": [],
        "dailylimit": 1,
        "alwayslimit": 0,
        "double": 0,
        "drop": [
            6300
        ],
        "exp": 0,
        "addstatus": 0,
        "systemid": 2055,
        "coststatus": 0,
        "hidetime": 0,
        "hidebuynum": 0,
        "enable": 1,
        "showPrice": 1,
        "diyshop": 0
    },
    "116": {
        "name": "แพ็คช่วยเหลือแบบเลือกเอง",
        "showtype": 21,
        "paytype": 0,
        "price": 6,
        "cost": {},
        "free": 0,
        "adverts": 0,
        "timelimit": [],
        "dailylimit": 10,
        "alwayslimit": 0,
        "double": 0,
        "drop": [
            6301
        ],
        "exp": 0,
        "addstatus": 0,
        "systemid": 2055,
        "coststatus": 0,
        "hidetime": 0,
        "hidebuynum": 0,
        "enable": 1,
        "showPrice": 1,
        "diyshop": 1
    },
    "117": {
        "name": "แพ็คพิเศษแบบเลือกเอง",
        "showtype": 21,
        "paytype": 0,
        "price": 12,
        "cost": {},
        "free": 0,
        "adverts": 0,
        "timelimit": [],
        "dailylimit": 10,
        "alwayslimit": 0,
        "double": 0,
        "drop": [
            6302
        ],
        "exp": 0,
        "addstatus": 0,
        "systemid": 2055,
        "coststatus": 0,
        "hidetime": 0,
        "hidebuynum": 0,
        "enable": 1,
        "showPrice": 1,
        "diyshop": 2
    },
    "118": {
        "name": "แพ็คกำหนดเอง",
        "showtype": 21,
        "paytype": 0,
        "price": 18,
        "cost": {},
        "free": 0,
        "adverts": 0,
        "timelimit": [],
        "dailylimit": 10,
        "alwayslimit": 0,
        "double": 0,
        "drop": [
            6303
        ],
        "exp": 0,
        "addstatus": 0,
        "systemid": 2055,
        "coststatus": 0,
        "hidetime": 0,
        "hidebuynum": 0,
        "enable": 1,
        "showPrice": 1,
        "diyshop": 3
    },
    "119": {
        "name": "แพ็คสุดคุ้มแบบเลือกเอง",
        "showtype": 21,
        "paytype": 0,
        "price": 30,
        "cost": {},
        "free": 0,
        "adverts": 0,
        "timelimit": [],
        "dailylimit": 10,
        "alwayslimit": 0,
        "double": 0,
        "drop": [
            6304
        ],
        "exp": 0,
        "addstatus": 0,
        "systemid": 2055,
        "coststatus": 0,
        "hidetime": 0,
        "hidebuynum": 0,
        "enable": 1,
        "showPrice": 1,
        "diyshop": 4
    },
    "120": {
        "name": "แพ็คเก็บเกี่ยวแบบเลือกเอง",
        "showtype": 21,
        "paytype": 0,
        "price": 128,
        "cost": {},
        "free": 0,
        "adverts": 0,
        "timelimit": [],
        "dailylimit": 10,
        "alwayslimit": 0,
        "double": 0,
        "drop": [
            6305
        ],
        "exp": 0,
        "addstatus": 0,
        "systemid": 2055,
        "coststatus": 0,
        "hidetime": 0,
        "hidebuynum": 0,
        "enable": 1,
        "showPrice": 1,
        "diyshop": 5
    },
    "121": {
        "name": "แพ็คสุดหรูแบบเลือกเอง",
        "showtype": 21,
        "paytype": 0,
        "price": 198,
        "cost": {},
        "free": 0,
        "adverts": 0,
        "timelimit": [],
        "dailylimit": 10,
        "alwayslimit": 0,
        "double": 0,
        "drop": [
            6306
        ],
        "exp": 0,
        "addstatus": 0,
        "systemid": 2055,
        "coststatus": 0,
        "hidetime": 0,
        "hidebuynum": 0,
        "enable": 1,
        "showPrice": 1,
        "diyshop": 6
    },
    "122": {
        "name": "แพ็คเซอร์ไพรส์แบบเลือกเอง",
        "showtype": 21,
        "paytype": 0,
        "price": 328,
        "cost": {},
        "free": 0,
        "adverts": 0,
        "timelimit": [],
        "dailylimit": 10,
        "alwayslimit": 0,
        "double": 0,
        "drop": [
            6307
        ],
        "exp": 0,
        "addstatus": 0,
        "systemid": 2055,
        "coststatus": 0,
        "hidetime": 0,
        "hidebuynum": 0,
        "enable": 1,
        "showPrice": 1,
        "diyshop": 7
    },
    "123": {
        "name": "แพ็คไร้ขีดจำกัดแบบเลือกเอง",
        "showtype": 21,
        "paytype": 0,
        "price": 648,
        "cost": {},
        "free": 0,
        "adverts": 0,
        "timelimit": [],
        "dailylimit": 10,
        "alwayslimit": 0,
        "double": 0,
        "drop": [
            6308
        ],
        "exp": 0,
        "addstatus": 0,
        "systemid": 2055,
        "coststatus": 0,
        "hidetime": 0,
        "hidebuynum": 0,
        "enable": 1,
        "showPrice": 1,
        "diyshop": 8
    },
    "124": {
        "name": "เนื้อแห้ง",
        "showtype": 0,
        "paytype": 1,
        "price": 0,
        "cost": {
            "1002": 100
        },
        "free": 0,
        "adverts": 0,
        "timelimit": [],
        "dailylimit": 100,
        "alwayslimit": 0,
        "double": 0,
        "drop": [
            5814
        ],
        "exp": 0,
        "addstatus": 0,
        "systemid": 1055,
        "coststatus": 0,
        "hidetime": 0,
        "hidebuynum": 0,
        "enable": 1,
        "showPrice": 1,
        "diyshop": 0
    },
    "125": {
        "name": "แพ็คสกิลสุดคุ้มเซิร์ฟใหม่",
        "showtype": 20,
        "paytype": 0,
        "price": 328,
        "cost": {},
        "free": 0,
        "adverts": 0,
        "timelimit": [],
        "dailylimit": 10,
        "alwayslimit": 0,
        "double": 0,
        "drop": [
            5840
        ],
        "exp": 0,
        "addstatus": 0,
        "systemid": 1063,
        "coststatus": 0,
        "hidetime": 0,
        "hidebuynum": 0,
        "enable": 1,
        "showPrice": 1,
        "diyshop": 0
    },
    "126": {
        "name": "แพ็คครองเซิร์ฟสุดคุ้ม",
        "showtype": 20,
        "paytype": 0,
        "price": 648,
        "cost": {},
        "free": 0,
        "adverts": 0,
        "timelimit": [],
        "dailylimit": 10,
        "alwayslimit": 0,
        "double": 0,
        "drop": [
            5841
        ],
        "exp": 0,
        "addstatus": 0,
        "systemid": 1063,
        "coststatus": 0,
        "hidetime": 0,
        "hidebuynum": 0,
        "enable": 1,
        "showPrice": 1,
        "diyshop": 0
    },
    "127": {
        "name": "รางวัลมือใหม่",
        "showtype": 0,
        "paytype": 1,
        "price": 0,
        "cost": {},
        "free": 1,
        "adverts": 0,
        "timelimit": [],
        "dailylimit": 1,
        "alwayslimit": 0,
        "double": 0,
        "drop": [
            7101
        ],
        "exp": 0,
        "addstatus": 0,
        "systemid": 1070,
        "coststatus": 0,
        "hidetime": 0,
        "hidebuynum": 0,
        "enable": 1,
        "showPrice": 1,
        "diyshop": 0
    }
}