{
    "101": {
        "skillid": [
            1001001,
            2001001,
            3001001
        ],
        "group": 1,
        "level": 1,
        "name": "อัสนีบาตนรก",
        "hp_rate": 500,
        "atk_rate": 0,
        "def_rate": 0,
        "aktBack_pro": 0,
        "douleAtk_pro": 0,
        "miss": 0,
        "criticalAtk_pro": 0,
        "add_damage_rate": 0
    },
    "102": {
        "skillid": [
            1001002,
            2001002,
            3001002
        ],
        "group": 1,
        "level": 2,
        "name": "อัสนีบาตนรก",
        "hp_rate": 1000,
        "atk_rate": 0,
        "def_rate": 0,
        "aktBack_pro": 0,
        "douleAtk_pro": 0,
        "miss": 0,
        "criticalAtk_pro": 0,
        "add_damage_rate": 0
    },
    "103": {
        "skillid": [
            1001003,
            2001003,
            3001003
        ],
        "group": 1,
        "level": 3,
        "name": "อัสนีบาตนรก",
        "hp_rate": 1500,
        "atk_rate": 0,
        "def_rate": 0,
        "aktBack_pro": 0,
        "douleAtk_pro": 0,
        "miss": 0,
        "criticalAtk_pro": 0,
        "add_damage_rate": 0
    },
    "104": {
        "skillid": [
            1001004,
            2001004,
            3001004
        ],
        "group": 1,
        "level": 4,
        "name": "อัสนีบาตนรก",
        "hp_rate": 2000,
        "atk_rate": 0,
        "def_rate": 0,
        "aktBack_pro": 0,
        "douleAtk_pro": 0,
        "miss": 0,
        "criticalAtk_pro": 0,
        "add_damage_rate": 0
    },
    "105": {
        "skillid": [
            1001005,
            2001005,
            3001005
        ],
        "group": 1,
        "level": 5,
        "name": "อัสนีบาตนรก",
        "hp_rate": 2500,
        "atk_rate": 0,
        "def_rate": 0,
        "aktBack_pro": 0,
        "douleAtk_pro": 0,
        "miss": 0,
        "criticalAtk_pro": 0,
        "add_damage_rate": 0
    },
    "106": {
        "skillid": [
            1001006,
            2001006,
            3001006
        ],
        "group": 1,
        "level": 6,
        "name": "อัสนีบาตนรก",
        "hp_rate": 3000,
        "atk_rate": 0,
        "def_rate": 0,
        "aktBack_pro": 0,
        "douleAtk_pro": 0,
        "miss": 0,
        "criticalAtk_pro": 0,
        "add_damage_rate": 0
    },
    "107": {
        "skillid": [
            1001007,
            2001007,
            3001007
        ],
        "group": 1,
        "level": 7,
        "name": "อัสนีบาตนรก",
        "hp_rate": 3500,
        "atk_rate": 0,
        "def_rate": 0,
        "aktBack_pro": 0,
        "douleAtk_pro": 0,
        "miss": 0,
        "criticalAtk_pro": 0,
        "add_damage_rate": 0
    },
    "108": {
        "skillid": [
            1001008,
            2001008,
            3001008
        ],
        "group": 1,
        "level": 8,
        "name": "อัสนีบาตนรก",
        "hp_rate": 4000,
        "atk_rate": 0,
        "def_rate": 0,
        "aktBack_pro": 0,
        "douleAtk_pro": 0,
        "miss": 0,
        "criticalAtk_pro": 0,
        "add_damage_rate": 0
    },
    "109": {
        "skillid": [
            1001009,
            2001009,
            3001009
        ],
        "group": 1,
        "level": 9,
        "name": "อัสนีบาตนรก",
        "hp_rate": 4500,
        "atk_rate": 0,
        "def_rate": 0,
        "aktBack_pro": 0,
        "douleAtk_pro": 0,
        "miss": 0,
        "criticalAtk_pro": 0,
        "add_damage_rate": 0
    },
    "110": {
        "skillid": [
            1001010,
            2001010,
            3001010
        ],
        "group": 1,
        "level": 10,
        "name": "อัสนีบาตนรก",
        "hp_rate": 5000,
        "atk_rate": 0,
        "def_rate": 0,
        "aktBack_pro": 0,
        "douleAtk_pro": 0,
        "miss": 0,
        "criticalAtk_pro": 0,
        "add_damage_rate": 0
    },
    "111": {
        "skillid": [
            1002001,
            2002001,
            3002001
        ],
        "group": 2,
        "level": 1,
        "name": "อาคันตุกะโลกันตร์",
        "hp_rate": 0,
        "atk_rate": 200,
        "def_rate": 0,
        "aktBack_pro": 0,
        "douleAtk_pro": 0,
        "miss": 0,
        "criticalAtk_pro": 0,
        "add_damage_rate": 0
    },
    "112": {
        "skillid": [
            1002002,
            2002002,
            3002002
        ],
        "group": 2,
        "level": 2,
        "name": "อาคันตุกะโลกันตร์",
        "hp_rate": 0,
        "atk_rate": 400,
        "def_rate": 0,
        "aktBack_pro": 0,
        "douleAtk_pro": 0,
        "miss": 0,
        "criticalAtk_pro": 0,
        "add_damage_rate": 0
    },
    "113": {
        "skillid": [
            1002003,
            2002003,
            3002003
        ],
        "group": 2,
        "level": 3,
        "name": "อาคันตุกะโลกันตร์",
        "hp_rate": 0,
        "atk_rate": 600,
        "def_rate": 0,
        "aktBack_pro": 0,
        "douleAtk_pro": 0,
        "miss": 0,
        "criticalAtk_pro": 0,
        "add_damage_rate": 0
    },
    "114": {
        "skillid": [
            1002004,
            2002004,
            3002004
        ],
        "group": 2,
        "level": 4,
        "name": "อาคันตุกะโลกันตร์",
        "hp_rate": 0,
        "atk_rate": 800,
        "def_rate": 0,
        "aktBack_pro": 0,
        "douleAtk_pro": 0,
        "miss": 0,
        "criticalAtk_pro": 0,
        "add_damage_rate": 0
    },
    "115": {
        "skillid": [
            1002005,
            2002005,
            3002005
        ],
        "group": 2,
        "level": 5,
        "name": "อาคันตุกะโลกันตร์",
        "hp_rate": 0,
        "atk_rate": 1000,
        "def_rate": 0,
        "aktBack_pro": 0,
        "douleAtk_pro": 0,
        "miss": 0,
        "criticalAtk_pro": 0,
        "add_damage_rate": 0
    },
    "116": {
        "skillid": [
            1002006,
            2002006,
            3002006
        ],
        "group": 2,
        "level": 6,
        "name": "อาคันตุกะโลกันตร์",
        "hp_rate": 0,
        "atk_rate": 1200,
        "def_rate": 0,
        "aktBack_pro": 0,
        "douleAtk_pro": 0,
        "miss": 0,
        "criticalAtk_pro": 0,
        "add_damage_rate": 0
    },
    "117": {
        "skillid": [
            1002007,
            2002007,
            3002007
        ],
        "group": 2,
        "level": 7,
        "name": "อาคันตุกะโลกันตร์",
        "hp_rate": 0,
        "atk_rate": 1400,
        "def_rate": 0,
        "aktBack_pro": 0,
        "douleAtk_pro": 0,
        "miss": 0,
        "criticalAtk_pro": 0,
        "add_damage_rate": 0
    },
    "118": {
        "skillid": [
            1002008,
            2002008,
            3002008
        ],
        "group": 2,
        "level": 8,
        "name": "อาคันตุกะโลกันตร์",
        "hp_rate": 0,
        "atk_rate": 1600,
        "def_rate": 0,
        "aktBack_pro": 0,
        "douleAtk_pro": 0,
        "miss": 0,
        "criticalAtk_pro": 0,
        "add_damage_rate": 0
    },
    "119": {
        "skillid": [
            1002009,
            2002009,
            3002009
        ],
        "group": 2,
        "level": 9,
        "name": "อาคันตุกะโลกันตร์",
        "hp_rate": 0,
        "atk_rate": 1800,
        "def_rate": 0,
        "aktBack_pro": 0,
        "douleAtk_pro": 0,
        "miss": 0,
        "criticalAtk_pro": 0,
        "add_damage_rate": 0
    },
    "120": {
        "skillid": [
            1002010,
            2002010,
            3002010
        ],
        "group": 2,
        "level": 10,
        "name": "อาคันตุกะโลกันตร์",
        "hp_rate": 0,
        "atk_rate": 2000,
        "def_rate": 0,
        "aktBack_pro": 0,
        "douleAtk_pro": 0,
        "miss": 0,
        "criticalAtk_pro": 0,
        "add_damage_rate": 0
    },
    "121": {
        "skillid": [
            1003001,
            2003001,
            3003001
        ],
        "group": 3,
        "level": 1,
        "name": "เคล็ดลับไร้แก่นสาร",
        "hp_rate": 0,
        "atk_rate": 0,
        "def_rate": 200,
        "aktBack_pro": 0,
        "douleAtk_pro": 0,
        "miss": 0,
        "criticalAtk_pro": 0,
        "add_damage_rate": 0
    },
    "122": {
        "skillid": [
            1003002,
            2003002,
            3003002
        ],
        "group": 3,
        "level": 2,
        "name": "เคล็ดลับไร้แก่นสาร",
        "hp_rate": 0,
        "atk_rate": 0,
        "def_rate": 400,
        "aktBack_pro": 0,
        "douleAtk_pro": 0,
        "miss": 0,
        "criticalAtk_pro": 0,
        "add_damage_rate": 0
    },
    "123": {
        "skillid": [
            1003003,
            2003003,
            3003003
        ],
        "group": 3,
        "level": 3,
        "name": "เคล็ดลับไร้แก่นสาร",
        "hp_rate": 0,
        "atk_rate": 0,
        "def_rate": 600,
        "aktBack_pro": 0,
        "douleAtk_pro": 0,
        "miss": 0,
        "criticalAtk_pro": 0,
        "add_damage_rate": 0
    },
    "124": {
        "skillid": [
            1003004,
            2003004,
            3003004
        ],
        "group": 3,
        "level": 4,
        "name": "เคล็ดลับไร้แก่นสาร",
        "hp_rate": 0,
        "atk_rate": 0,
        "def_rate": 800,
        "aktBack_pro": 0,
        "douleAtk_pro": 0,
        "miss": 0,
        "criticalAtk_pro": 0,
        "add_damage_rate": 0
    },
    "125": {
        "skillid": [
            1003005,
            2003005,
            3003005
        ],
        "group": 3,
        "level": 5,
        "name": "เคล็ดลับไร้แก่นสาร",
        "hp_rate": 0,
        "atk_rate": 0,
        "def_rate": 1000,
        "aktBack_pro": 0,
        "douleAtk_pro": 0,
        "miss": 0,
        "criticalAtk_pro": 0,
        "add_damage_rate": 0
    },
    "126": {
        "skillid": [
            1003006,
            2003006,
            3003006
        ],
        "group": 3,
        "level": 6,
        "name": "เคล็ดลับไร้แก่นสาร",
        "hp_rate": 0,
        "atk_rate": 0,
        "def_rate": 1200,
        "aktBack_pro": 0,
        "douleAtk_pro": 0,
        "miss": 0,
        "criticalAtk_pro": 0,
        "add_damage_rate": 0
    },
    "127": {
        "skillid": [
            1003007,
            2003007,
            3003007
        ],
        "group": 3,
        "level": 7,
        "name": "เคล็ดลับไร้แก่นสาร",
        "hp_rate": 0,
        "atk_rate": 0,
        "def_rate": 1400,
        "aktBack_pro": 0,
        "douleAtk_pro": 0,
        "miss": 0,
        "criticalAtk_pro": 0,
        "add_damage_rate": 0
    },
    "128": {
        "skillid": [
            1003008,
            2003008,
            3003008
        ],
        "group": 3,
        "level": 8,
        "name": "เคล็ดลับไร้แก่นสาร",
        "hp_rate": 0,
        "atk_rate": 0,
        "def_rate": 1600,
        "aktBack_pro": 0,
        "douleAtk_pro": 0,
        "miss": 0,
        "criticalAtk_pro": 0,
        "add_damage_rate": 0
    },
    "129": {
        "skillid": [
            1003009,
            2003009,
            3003009
        ],
        "group": 3,
        "level": 9,
        "name": "เคล็ดลับไร้แก่นสาร",
        "hp_rate": 0,
        "atk_rate": 0,
        "def_rate": 1800,
        "aktBack_pro": 0,
        "douleAtk_pro": 0,
        "miss": 0,
        "criticalAtk_pro": 0,
        "add_damage_rate": 0
    },
    "130": {
        "skillid": [
            1003010,
            2003010,
            3003010
        ],
        "group": 3,
        "level": 10,
        "name": "เคล็ดลับไร้แก่นสาร",
        "hp_rate": 0,
        "atk_rate": 0,
        "def_rate": 2000,
        "aktBack_pro": 0,
        "douleAtk_pro": 0,
        "miss": 0,
        "criticalAtk_pro": 0,
        "add_damage_rate": 0
    },
    "131": {
        "skillid": [
            1004001,
            2004001,
            3004001
        ],
        "group": 4,
        "level": 1,
        "name": "ไร้ทางต้าน",
        "hp_rate": 0,
        "atk_rate": 0,
        "def_rate": 0,
        "aktBack_pro": 500,
        "douleAtk_pro": 0,
        "miss": 0,
        "criticalAtk_pro": 0,
        "add_damage_rate": 0
    },
    "132": {
        "skillid": [
            1004002,
            2004002,
            3004002
        ],
        "group": 4,
        "level": 2,
        "name": "ไร้ทางต้าน",
        "hp_rate": 0,
        "atk_rate": 0,
        "def_rate": 0,
        "aktBack_pro": 1000,
        "douleAtk_pro": 0,
        "miss": 0,
        "criticalAtk_pro": 0,
        "add_damage_rate": 0
    },
    "133": {
        "skillid": [
            1004003,
            2004003,
            3004003
        ],
        "group": 4,
        "level": 3,
        "name": "ไร้ทางต้าน",
        "hp_rate": 0,
        "atk_rate": 0,
        "def_rate": 0,
        "aktBack_pro": 1500,
        "douleAtk_pro": 0,
        "miss": 0,
        "criticalAtk_pro": 0,
        "add_damage_rate": 0
    },
    "134": {
        "skillid": [
            1004004,
            2004004,
            3004004
        ],
        "group": 4,
        "level": 4,
        "name": "ไร้ทางต้าน",
        "hp_rate": 0,
        "atk_rate": 0,
        "def_rate": 0,
        "aktBack_pro": 2000,
        "douleAtk_pro": 0,
        "miss": 0,
        "criticalAtk_pro": 0,
        "add_damage_rate": 0
    },
    "135": {
        "skillid": [
            1004005,
            2004005,
            3004005
        ],
        "group": 4,
        "level": 5,
        "name": "ไร้ทางต้าน",
        "hp_rate": 0,
        "atk_rate": 0,
        "def_rate": 0,
        "aktBack_pro": 2500,
        "douleAtk_pro": 0,
        "miss": 0,
        "criticalAtk_pro": 0,
        "add_damage_rate": 0
    },
    "136": {
        "skillid": [
            1004006,
            2004006,
            3004006
        ],
        "group": 4,
        "level": 6,
        "name": "ไร้ทางต้าน",
        "hp_rate": 0,
        "atk_rate": 0,
        "def_rate": 0,
        "aktBack_pro": 3000,
        "douleAtk_pro": 0,
        "miss": 0,
        "criticalAtk_pro": 0,
        "add_damage_rate": 0
    },
    "137": {
        "skillid": [
            1004007,
            2004007,
            3004007
        ],
        "group": 4,
        "level": 7,
        "name": "ไร้ทางต้าน",
        "hp_rate": 0,
        "atk_rate": 0,
        "def_rate": 0,
        "aktBack_pro": 3500,
        "douleAtk_pro": 0,
        "miss": 0,
        "criticalAtk_pro": 0,
        "add_damage_rate": 0
    },
    "138": {
        "skillid": [
            1004008,
            2004008,
            3004008
        ],
        "group": 4,
        "level": 8,
        "name": "ไร้ทางต้าน",
        "hp_rate": 0,
        "atk_rate": 0,
        "def_rate": 0,
        "aktBack_pro": 4000,
        "douleAtk_pro": 0,
        "miss": 0,
        "criticalAtk_pro": 0,
        "add_damage_rate": 0
    },
    "139": {
        "skillid": [
            1004009,
            2004009,
            3004009
        ],
        "group": 4,
        "level": 9,
        "name": "ไร้ทางต้าน",
        "hp_rate": 0,
        "atk_rate": 0,
        "def_rate": 0,
        "aktBack_pro": 4500,
        "douleAtk_pro": 0,
        "miss": 0,
        "criticalAtk_pro": 0,
        "add_damage_rate": 0
    },
    "140": {
        "skillid": [
            1004010,
            2004010,
            3004010
        ],
        "group": 4,
        "level": 10,
        "name": "ไร้ทางต้าน",
        "hp_rate": 0,
        "atk_rate": 0,
        "def_rate": 0,
        "aktBack_pro": 5000,
        "douleAtk_pro": 0,
        "miss": 0,
        "criticalAtk_pro": 0,
        "add_damage_rate": 0
    },
    "141": {
        "skillid": [
            1005001,
            2005001,
            3005001
        ],
        "group": 5,
        "level": 1,
        "name": "ความเร่งรีบแห่งชะตา",
        "hp_rate": 0,
        "atk_rate": 0,
        "def_rate": 0,
        "aktBack_pro": 0,
        "douleAtk_pro": 500,
        "miss": 0,
        "criticalAtk_pro": 0,
        "add_damage_rate": 0
    },
    "142": {
        "skillid": [
            1005002,
            2005002,
            3005002
        ],
        "group": 5,
        "level": 2,
        "name": "ความเร่งรีบแห่งชะตา",
        "hp_rate": 0,
        "atk_rate": 0,
        "def_rate": 0,
        "aktBack_pro": 0,
        "douleAtk_pro": 1000,
        "miss": 0,
        "criticalAtk_pro": 0,
        "add_damage_rate": 0
    },
    "143": {
        "skillid": [
            1005003,
            2005003,
            3005003
        ],
        "group": 5,
        "level": 3,
        "name": "ความเร่งรีบแห่งชะตา",
        "hp_rate": 0,
        "atk_rate": 0,
        "def_rate": 0,
        "aktBack_pro": 0,
        "douleAtk_pro": 1500,
        "miss": 0,
        "criticalAtk_pro": 0,
        "add_damage_rate": 0
    },
    "144": {
        "skillid": [
            1005004,
            2005004,
            3005004
        ],
        "group": 5,
        "level": 4,
        "name": "ความเร่งรีบแห่งชะตา",
        "hp_rate": 0,
        "atk_rate": 0,
        "def_rate": 0,
        "aktBack_pro": 0,
        "douleAtk_pro": 2000,
        "miss": 0,
        "criticalAtk_pro": 0,
        "add_damage_rate": 0
    },
    "145": {
        "skillid": [
            1005005,
            2005005,
            3005005
        ],
        "group": 5,
        "level": 5,
        "name": "ความเร่งรีบแห่งชะตา",
        "hp_rate": 0,
        "atk_rate": 0,
        "def_rate": 0,
        "aktBack_pro": 0,
        "douleAtk_pro": 2500,
        "miss": 0,
        "criticalAtk_pro": 0,
        "add_damage_rate": 0
    },
    "146": {
        "skillid": [
            1005006,
            2005006,
            3005006
        ],
        "group": 5,
        "level": 6,
        "name": "ความเร่งรีบแห่งชะตา",
        "hp_rate": 0,
        "atk_rate": 0,
        "def_rate": 0,
        "aktBack_pro": 0,
        "douleAtk_pro": 3000,
        "miss": 0,
        "criticalAtk_pro": 0,
        "add_damage_rate": 0
    },
    "147": {
        "skillid": [
            1005007,
            2005007,
            3005007
        ],
        "group": 5,
        "level": 7,
        "name": "ความเร่งรีบแห่งชะตา",
        "hp_rate": 0,
        "atk_rate": 0,
        "def_rate": 0,
        "aktBack_pro": 0,
        "douleAtk_pro": 3500,
        "miss": 0,
        "criticalAtk_pro": 0,
        "add_damage_rate": 0
    },
    "148": {
        "skillid": [
            1005008,
            2005008,
            3005008
        ],
        "group": 5,
        "level": 8,
        "name": "ความเร่งรีบแห่งชะตา",
        "hp_rate": 0,
        "atk_rate": 0,
        "def_rate": 0,
        "aktBack_pro": 0,
        "douleAtk_pro": 4000,
        "miss": 0,
        "criticalAtk_pro": 0,
        "add_damage_rate": 0
    },
    "149": {
        "skillid": [
            1005009,
            2005009,
            3005009
        ],
        "group": 5,
        "level": 9,
        "name": "ความเร่งรีบแห่งชะตา",
        "hp_rate": 0,
        "atk_rate": 0,
        "def_rate": 0,
        "aktBack_pro": 0,
        "douleAtk_pro": 4500,
        "miss": 0,
        "criticalAtk_pro": 0,
        "add_damage_rate": 0
    },
    "150": {
        "skillid": [
            1005010,
            2005010,
            3005010
        ],
        "group": 5,
        "level": 10,
        "name": "ความเร่งรีบแห่งชะตา",
        "hp_rate": 0,
        "atk_rate": 0,
        "def_rate": 0,
        "aktBack_pro": 0,
        "douleAtk_pro": 5000,
        "miss": 0,
        "criticalAtk_pro": 0,
        "add_damage_rate": 0
    },
    "151": {
        "skillid": [
            1006001,
            2006001,
            3006001
        ],
        "group": 6,
        "level": 1,
        "name": "วายุอสนี",
        "hp_rate": 0,
        "atk_rate": 0,
        "def_rate": 0,
        "aktBack_pro": 0,
        "douleAtk_pro": 0,
        "miss": 500,
        "criticalAtk_pro": 0,
        "add_damage_rate": 0
    },
    "152": {
        "skillid": [
            1006002,
            2006002,
            3006002
        ],
        "group": 6,
        "level": 2,
        "name": "วายุอสนี",
        "hp_rate": 0,
        "atk_rate": 0,
        "def_rate": 0,
        "aktBack_pro": 0,
        "douleAtk_pro": 0,
        "miss": 1000,
        "criticalAtk_pro": 0,
        "add_damage_rate": 0
    },
    "153": {
        "skillid": [
            1006003,
            2006003,
            3006003
        ],
        "group": 6,
        "level": 3,
        "name": "วายุอสนี",
        "hp_rate": 0,
        "atk_rate": 0,
        "def_rate": 0,
        "aktBack_pro": 0,
        "douleAtk_pro": 0,
        "miss": 1500,
        "criticalAtk_pro": 0,
        "add_damage_rate": 0
    },
    "154": {
        "skillid": [
            1006004,
            2006004,
            3006004
        ],
        "group": 6,
        "level": 4,
        "name": "วายุอสนี",
        "hp_rate": 0,
        "atk_rate": 0,
        "def_rate": 0,
        "aktBack_pro": 0,
        "douleAtk_pro": 0,
        "miss": 2000,
        "criticalAtk_pro": 0,
        "add_damage_rate": 0
    },
    "155": {
        "skillid": [
            1006005,
            2006005,
            3006005
        ],
        "group": 6,
        "level": 5,
        "name": "วายุอสนี",
        "hp_rate": 0,
        "atk_rate": 0,
        "def_rate": 0,
        "aktBack_pro": 0,
        "douleAtk_pro": 0,
        "miss": 2500,
        "criticalAtk_pro": 0,
        "add_damage_rate": 0
    },
    "156": {
        "skillid": [
            1006006,
            2006006,
            3006006
        ],
        "group": 6,
        "level": 6,
        "name": "วายุอสนี",
        "hp_rate": 0,
        "atk_rate": 0,
        "def_rate": 0,
        "aktBack_pro": 0,
        "douleAtk_pro": 0,
        "miss": 3000,
        "criticalAtk_pro": 0,
        "add_damage_rate": 0
    },
    "157": {
        "skillid": [
            1006007,
            2006007,
            3006007
        ],
        "group": 6,
        "level": 7,
        "name": "วายุอสนี",
        "hp_rate": 0,
        "atk_rate": 0,
        "def_rate": 0,
        "aktBack_pro": 0,
        "douleAtk_pro": 0,
        "miss": 3500,
        "criticalAtk_pro": 0,
        "add_damage_rate": 0
    },
    "158": {
        "skillid": [
            1006008,
            2006008,
            3006008
        ],
        "group": 6,
        "level": 8,
        "name": "วายุอสนี",
        "hp_rate": 0,
        "atk_rate": 0,
        "def_rate": 0,
        "aktBack_pro": 0,
        "douleAtk_pro": 0,
        "miss": 4000,
        "criticalAtk_pro": 0,
        "add_damage_rate": 0
    },
    "159": {
        "skillid": [
            1006009,
            2006009,
            3006009
        ],
        "group": 6,
        "level": 9,
        "name": "วายุอสนี",
        "hp_rate": 0,
        "atk_rate": 0,
        "def_rate": 0,
        "aktBack_pro": 0,
        "douleAtk_pro": 0,
        "miss": 4500,
        "criticalAtk_pro": 0,
        "add_damage_rate": 0
    },
    "160": {
        "skillid": [
            1006010,
            2006010,
            3006010
        ],
        "group": 6,
        "level": 10,
        "name": "วายุอสนี",
        "hp_rate": 0,
        "atk_rate": 0,
        "def_rate": 0,
        "aktBack_pro": 0,
        "douleAtk_pro": 0,
        "miss": 5000,
        "criticalAtk_pro": 0,
        "add_damage_rate": 0
    },
    "161": {
        "skillid": [
            1007001,
            2007001,
            3007001
        ],
        "group": 7,
        "level": 1,
        "name": "ผู้ยืนเหนือวีรชน",
        "hp_rate": 0,
        "atk_rate": 0,
        "def_rate": 0,
        "aktBack_pro": 0,
        "douleAtk_pro": 0,
        "miss": 0,
        "criticalAtk_pro": 500,
        "add_damage_rate": 0
    },
    "162": {
        "skillid": [
            1007002,
            2007002,
            3007002
        ],
        "group": 7,
        "level": 2,
        "name": "ผู้ยืนเหนือวีรชน",
        "hp_rate": 0,
        "atk_rate": 0,
        "def_rate": 0,
        "aktBack_pro": 0,
        "douleAtk_pro": 0,
        "miss": 0,
        "criticalAtk_pro": 1000,
        "add_damage_rate": 0
    },
    "163": {
        "skillid": [
            1007003,
            2007003,
            3007003
        ],
        "group": 7,
        "level": 3,
        "name": "ผู้ยืนเหนือวีรชน",
        "hp_rate": 0,
        "atk_rate": 0,
        "def_rate": 0,
        "aktBack_pro": 0,
        "douleAtk_pro": 0,
        "miss": 0,
        "criticalAtk_pro": 1500,
        "add_damage_rate": 0
    },
    "164": {
        "skillid": [
            1007004,
            2007004,
            3007004
        ],
        "group": 7,
        "level": 4,
        "name": "ผู้ยืนเหนือวีรชน",
        "hp_rate": 0,
        "atk_rate": 0,
        "def_rate": 0,
        "aktBack_pro": 0,
        "douleAtk_pro": 0,
        "miss": 0,
        "criticalAtk_pro": 2000,
        "add_damage_rate": 0
    },
    "165": {
        "skillid": [
            1007005,
            2007005,
            3007005
        ],
        "group": 7,
        "level": 5,
        "name": "ผู้ยืนเหนือวีรชน",
        "hp_rate": 0,
        "atk_rate": 0,
        "def_rate": 0,
        "aktBack_pro": 0,
        "douleAtk_pro": 0,
        "miss": 0,
        "criticalAtk_pro": 2500,
        "add_damage_rate": 0
    },
    "166": {
        "skillid": [
            1007006,
            2007006,
            3007006
        ],
        "group": 7,
        "level": 6,
        "name": "ผู้ยืนเหนือวีรชน",
        "hp_rate": 0,
        "atk_rate": 0,
        "def_rate": 0,
        "aktBack_pro": 0,
        "douleAtk_pro": 0,
        "miss": 0,
        "criticalAtk_pro": 3000,
        "add_damage_rate": 0
    },
    "167": {
        "skillid": [
            1007007,
            2007007,
            3007007
        ],
        "group": 7,
        "level": 7,
        "name": "ผู้ยืนเหนือวีรชน",
        "hp_rate": 0,
        "atk_rate": 0,
        "def_rate": 0,
        "aktBack_pro": 0,
        "douleAtk_pro": 0,
        "miss": 0,
        "criticalAtk_pro": 3500,
        "add_damage_rate": 0
    },
    "168": {
        "skillid": [
            1007008,
            2007008,
            3007008
        ],
        "group": 7,
        "level": 8,
        "name": "ผู้ยืนเหนือวีรชน",
        "hp_rate": 0,
        "atk_rate": 0,
        "def_rate": 0,
        "aktBack_pro": 0,
        "douleAtk_pro": 0,
        "miss": 0,
        "criticalAtk_pro": 4000,
        "add_damage_rate": 0
    },
    "169": {
        "skillid": [
            1007009,
            2007009,
            3007009
        ],
        "group": 7,
        "level": 9,
        "name": "ผู้ยืนเหนือวีรชน",
        "hp_rate": 0,
        "atk_rate": 0,
        "def_rate": 0,
        "aktBack_pro": 0,
        "douleAtk_pro": 0,
        "miss": 0,
        "criticalAtk_pro": 4500,
        "add_damage_rate": 0
    },
    "170": {
        "skillid": [
            1007010,
            2007010,
            3007010
        ],
        "group": 7,
        "level": 10,
        "name": "ผู้ยืนเหนือวีรชน",
        "hp_rate": 0,
        "atk_rate": 0,
        "def_rate": 0,
        "aktBack_pro": 0,
        "douleAtk_pro": 0,
        "miss": 0,
        "criticalAtk_pro": 5000,
        "add_damage_rate": 0
    },
    "171": {
        "skillid": [
            1008001,
            2008001,
            3008001
        ],
        "group": 8,
        "level": 1,
        "name": "อสนีประกายเพลิง",
        "hp_rate": 0,
        "atk_rate": 0,
        "def_rate": 0,
        "aktBack_pro": 0,
        "douleAtk_pro": 0,
        "miss": 0,
        "criticalAtk_pro": 0,
        "add_damage_rate": 200
    },
    "172": {
        "skillid": [
            1008002,
            2008002,
            3008002
        ],
        "group": 8,
        "level": 2,
        "name": "อสนีประกายเพลิง",
        "hp_rate": 0,
        "atk_rate": 0,
        "def_rate": 0,
        "aktBack_pro": 0,
        "douleAtk_pro": 0,
        "miss": 0,
        "criticalAtk_pro": 0,
        "add_damage_rate": 400
    },
    "173": {
        "skillid": [
            1008003,
            2008003,
            3008003
        ],
        "group": 8,
        "level": 3,
        "name": "อสนีประกายเพลิง",
        "hp_rate": 0,
        "atk_rate": 0,
        "def_rate": 0,
        "aktBack_pro": 0,
        "douleAtk_pro": 0,
        "miss": 0,
        "criticalAtk_pro": 0,
        "add_damage_rate": 600
    },
    "174": {
        "skillid": [
            1008004,
            2008004,
            3008004
        ],
        "group": 8,
        "level": 4,
        "name": "อสนีประกายเพลิง",
        "hp_rate": 0,
        "atk_rate": 0,
        "def_rate": 0,
        "aktBack_pro": 0,
        "douleAtk_pro": 0,
        "miss": 0,
        "criticalAtk_pro": 0,
        "add_damage_rate": 800
    },
    "175": {
        "skillid": [
            1008005,
            2008005,
            3008005
        ],
        "group": 8,
        "level": 5,
        "name": "อสนีประกายเพลิง",
        "hp_rate": 0,
        "atk_rate": 0,
        "def_rate": 0,
        "aktBack_pro": 0,
        "douleAtk_pro": 0,
        "miss": 0,
        "criticalAtk_pro": 0,
        "add_damage_rate": 1000
    },
    "176": {
        "skillid": [
            1008006,
            2008006,
            3008006
        ],
        "group": 8,
        "level": 6,
        "name": "อสนีประกายเพลิง",
        "hp_rate": 0,
        "atk_rate": 0,
        "def_rate": 0,
        "aktBack_pro": 0,
        "douleAtk_pro": 0,
        "miss": 0,
        "criticalAtk_pro": 0,
        "add_damage_rate": 1200
    },
    "177": {
        "skillid": [
            1008007,
            2008007,
            3008007
        ],
        "group": 8,
        "level": 7,
        "name": "อสนีประกายเพลิง",
        "hp_rate": 0,
        "atk_rate": 0,
        "def_rate": 0,
        "aktBack_pro": 0,
        "douleAtk_pro": 0,
        "miss": 0,
        "criticalAtk_pro": 0,
        "add_damage_rate": 1400
    },
    "178": {
        "skillid": [
            1008008,
            2008008,
            3008008
        ],
        "group": 8,
        "level": 8,
        "name": "อสนีประกายเพลิง",
        "hp_rate": 0,
        "atk_rate": 0,
        "def_rate": 0,
        "aktBack_pro": 0,
        "douleAtk_pro": 0,
        "miss": 0,
        "criticalAtk_pro": 0,
        "add_damage_rate": 1600
    },
    "179": {
        "skillid": [
            1008009,
            2008009,
            3008009
        ],
        "group": 8,
        "level": 9,
        "name": "อสนีประกายเพลิง",
        "hp_rate": 0,
        "atk_rate": 0,
        "def_rate": 0,
        "aktBack_pro": 0,
        "douleAtk_pro": 0,
        "miss": 0,
        "criticalAtk_pro": 0,
        "add_damage_rate": 1800
    },
    "180": {
        "skillid": [
            1008010,
            2008010,
            3008010
        ],
        "group": 8,
        "level": 10,
        "name": "อสนีประกายเพลิง",
        "hp_rate": 0,
        "atk_rate": 0,
        "def_rate": 0,
        "aktBack_pro": 0,
        "douleAtk_pro": 0,
        "miss": 0,
        "criticalAtk_pro": 0,
        "add_damage_rate": 2000
    },
    "181": {
        "skillid": [
            1009001,
            2009001,
            3009001
        ],
        "group": 9,
        "level": 1,
        "name": "หนึ่งเส้นผมต่อพันชะตา",
        "hp_rate": 500,
        "atk_rate": 0,
        "def_rate": 0,
        "aktBack_pro": 0,
        "douleAtk_pro": 0,
        "miss": 0,
        "criticalAtk_pro": 0,
        "add_damage_rate": 0
    },
    "182": {
        "skillid": [
            1009002,
            2009002,
            3009002
        ],
        "group": 9,
        "level": 2,
        "name": "หนึ่งเส้นผมต่อพันชะตา",
        "hp_rate": 1000,
        "atk_rate": 0,
        "def_rate": 0,
        "aktBack_pro": 0,
        "douleAtk_pro": 0,
        "miss": 0,
        "criticalAtk_pro": 0,
        "add_damage_rate": 0
    },
    "183": {
        "skillid": [
            1009003,
            2009003,
            3009003
        ],
        "group": 9,
        "level": 3,
        "name": "หนึ่งเส้นผมต่อพันชะตา",
        "hp_rate": 1500,
        "atk_rate": 0,
        "def_rate": 0,
        "aktBack_pro": 0,
        "douleAtk_pro": 0,
        "miss": 0,
        "criticalAtk_pro": 0,
        "add_damage_rate": 0
    },
    "184": {
        "skillid": [
            1009004,
            2009004,
            3009004
        ],
        "group": 9,
        "level": 4,
        "name": "หนึ่งเส้นผมต่อพันชะตา",
        "hp_rate": 2000,
        "atk_rate": 0,
        "def_rate": 0,
        "aktBack_pro": 0,
        "douleAtk_pro": 0,
        "miss": 0,
        "criticalAtk_pro": 0,
        "add_damage_rate": 0
    },
    "185": {
        "skillid": [
            1009005,
            2009005,
            3009005
        ],
        "group": 9,
        "level": 5,
        "name": "หนึ่งเส้นผมต่อพันชะตา",
        "hp_rate": 2500,
        "atk_rate": 0,
        "def_rate": 0,
        "aktBack_pro": 0,
        "douleAtk_pro": 0,
        "miss": 0,
        "criticalAtk_pro": 0,
        "add_damage_rate": 0
    },
    "186": {
        "skillid": [
            1009006,
            2009006,
            3009006
        ],
        "group": 9,
        "level": 6,
        "name": "หนึ่งเส้นผมต่อพันชะตา",
        "hp_rate": 3000,
        "atk_rate": 0,
        "def_rate": 0,
        "aktBack_pro": 0,
        "douleAtk_pro": 0,
        "miss": 0,
        "criticalAtk_pro": 0,
        "add_damage_rate": 0
    },
    "187": {
        "skillid": [
            1009007,
            2009007,
            3009007
        ],
        "group": 9,
        "level": 7,
        "name": "หนึ่งเส้นผมต่อพันชะตา",
        "hp_rate": 3500,
        "atk_rate": 0,
        "def_rate": 0,
        "aktBack_pro": 0,
        "douleAtk_pro": 0,
        "miss": 0,
        "criticalAtk_pro": 0,
        "add_damage_rate": 0
    },
    "188": {
        "skillid": [
            1009008,
            2009008,
            3009008
        ],
        "group": 9,
        "level": 8,
        "name": "หนึ่งเส้นผมต่อพันชะตา",
        "hp_rate": 4000,
        "atk_rate": 0,
        "def_rate": 0,
        "aktBack_pro": 0,
        "douleAtk_pro": 0,
        "miss": 0,
        "criticalAtk_pro": 0,
        "add_damage_rate": 0
    },
    "189": {
        "skillid": [
            1009009,
            2009009,
            3009009
        ],
        "group": 9,
        "level": 9,
        "name": "หนึ่งเส้นผมต่อพันชะตา",
        "hp_rate": 4500,
        "atk_rate": 0,
        "def_rate": 0,
        "aktBack_pro": 0,
        "douleAtk_pro": 0,
        "miss": 0,
        "criticalAtk_pro": 0,
        "add_damage_rate": 0
    },
    "190": {
        "skillid": [
            1009010,
            2009010,
            3009010
        ],
        "group": 9,
        "level": 10,
        "name": "หนึ่งเส้นผมต่อพันชะตา",
        "hp_rate": 5000,
        "atk_rate": 0,
        "def_rate": 0,
        "aktBack_pro": 0,
        "douleAtk_pro": 0,
        "miss": 0,
        "criticalAtk_pro": 0,
        "add_damage_rate": 0
    },
    "191": {
        "skillid": [
            1010001,
            2010001,
            3010001
        ],
        "group": 10,
        "level": 1,
        "name": "แสงทอทั่วพิภพ",
        "hp_rate": 0,
        "atk_rate": 200,
        "def_rate": 0,
        "aktBack_pro": 0,
        "douleAtk_pro": 0,
        "miss": 0,
        "criticalAtk_pro": 0,
        "add_damage_rate": 0
    },
    "192": {
        "skillid": [
            1010002,
            2010002,
            3010002
        ],
        "group": 10,
        "level": 2,
        "name": "แสงทอทั่วพิภพ",
        "hp_rate": 0,
        "atk_rate": 400,
        "def_rate": 0,
        "aktBack_pro": 0,
        "douleAtk_pro": 0,
        "miss": 0,
        "criticalAtk_pro": 0,
        "add_damage_rate": 0
    },
    "193": {
        "skillid": [
            1010003,
            2010003,
            3010003
        ],
        "group": 10,
        "level": 3,
        "name": "แสงทอทั่วพิภพ",
        "hp_rate": 0,
        "atk_rate": 600,
        "def_rate": 0,
        "aktBack_pro": 0,
        "douleAtk_pro": 0,
        "miss": 0,
        "criticalAtk_pro": 0,
        "add_damage_rate": 0
    },
    "194": {
        "skillid": [
            1010004,
            2010004,
            3010004
        ],
        "group": 10,
        "level": 4,
        "name": "แสงทอทั่วพิภพ",
        "hp_rate": 0,
        "atk_rate": 800,
        "def_rate": 0,
        "aktBack_pro": 0,
        "douleAtk_pro": 0,
        "miss": 0,
        "criticalAtk_pro": 0,
        "add_damage_rate": 0
    },
    "195": {
        "skillid": [
            1010005,
            2010005,
            3010005
        ],
        "group": 10,
        "level": 5,
        "name": "แสงทอทั่วพิภพ",
        "hp_rate": 0,
        "atk_rate": 1000,
        "def_rate": 0,
        "aktBack_pro": 0,
        "douleAtk_pro": 0,
        "miss": 0,
        "criticalAtk_pro": 0,
        "add_damage_rate": 0
    },
    "196": {
        "skillid": [
            1010006,
            2010006,
            3010006
        ],
        "group": 10,
        "level": 6,
        "name": "แสงทอทั่วพิภพ",
        "hp_rate": 0,
        "atk_rate": 1200,
        "def_rate": 0,
        "aktBack_pro": 0,
        "douleAtk_pro": 0,
        "miss": 0,
        "criticalAtk_pro": 0,
        "add_damage_rate": 0
    },
    "197": {
        "skillid": [
            1010007,
            2010007,
            3010007
        ],
        "group": 10,
        "level": 7,
        "name": "แสงทอทั่วพิภพ",
        "hp_rate": 0,
        "atk_rate": 1400,
        "def_rate": 0,
        "aktBack_pro": 0,
        "douleAtk_pro": 0,
        "miss": 0,
        "criticalAtk_pro": 0,
        "add_damage_rate": 0
    },
    "198": {
        "skillid": [
            1010008,
            2010008,
            3010008
        ],
        "group": 10,
        "level": 8,
        "name": "แสงทอทั่วพิภพ",
        "hp_rate": 0,
        "atk_rate": 1600,
        "def_rate": 0,
        "aktBack_pro": 0,
        "douleAtk_pro": 0,
        "miss": 0,
        "criticalAtk_pro": 0,
        "add_damage_rate": 0
    },
    "199": {
        "skillid": [
            1010009,
            2010009,
            3010009
        ],
        "group": 10,
        "level": 9,
        "name": "แสงทอทั่วพิภพ",
        "hp_rate": 0,
        "atk_rate": 1800,
        "def_rate": 0,
        "aktBack_pro": 0,
        "douleAtk_pro": 0,
        "miss": 0,
        "criticalAtk_pro": 0,
        "add_damage_rate": 0
    },
    "200": {
        "skillid": [
            1010010,
            2010010,
            3010010
        ],
        "group": 10,
        "level": 10,
        "name": "แสงทอทั่วพิภพ",
        "hp_rate": 0,
        "atk_rate": 2000,
        "def_rate": 0,
        "aktBack_pro": 0,
        "douleAtk_pro": 0,
        "miss": 0,
        "criticalAtk_pro": 0,
        "add_damage_rate": 0
    }
}