{
    "101": {
        "strKey": "month_card",
        "name": "บัตรรายเดือน",
        "timetype": 1,
        "time": 30,
        "privilege": [
            1,
            2,
            3,
            4,
            5,
            6,
            7,
            8,
            9
        ]
    },
    "102": {
        "strKey": "fund_level",
        "name": "กองทุนเลเวล",
        "timetype": 0,
        "time": 0,
        "privilege": []
    },
    "103": {
        "strKey": "fund_ebox",
        "name": "กองทุนตีบวก",
        "timetype": 0,
        "time": 0,
        "privilege": []
    }
}