{
    "2001": {
        "name": "ผ่านการผจญภัย 1-1",
        "type": 1,
        "val": 1,
        "val2": 0
    },
    "2002": {
        "name": "ผ่านการผจญภัย 1-2",
        "type": 1,
        "val": 2,
        "val2": 0
    },
    "2003": {
        "name": "ผ่านการผจญภัย 1-4",
        "type": 1,
        "val": 4,
        "val2": 0
    },
    "2004": {
        "name": "ผ่านการผจญภัย 1-6",
        "type": 1,
        "val": 6,
        "val2": 0
    },
    "2005": {
        "name": "ผ่านการผจญภัย 1-8",
        "type": 1,
        "val": 8,
        "val2": 0
    },
    "2006": {
        "name": "ผ่านการผจญภัย 1-10",
        "type": 1,
        "val": 10,
        "val2": 0
    },
    "2007": {
        "name": "สร้างอุปกรณ์ 3 ครั้ง",
        "type": 2,
        "val": 3,
        "val2": 0
    },
    "2008": {
        "name": "สร้างอุปกรณ์ 5 ครั้ง",
        "type": 2,
        "val": 5,
        "val2": 0
    },
    "2009": {
        "name": "สร้างอุปกรณ์ 10 ครั้ง",
        "type": 2,
        "val": 10,
        "val2": 0
    },
    "2010": {
        "name": "สร้างอุปกรณ์สะสม 3 ครั้ง",
        "type": 3,
        "val": 3,
        "val2": 0
    },
    "2011": {
        "name": "เปิดกล่องสมบัติสกิล 3 ครั้ง",
        "type": 4,
        "val": 3,
        "val2": 0
    },
    "2012": {
        "name": "เปิดกล่องสมบัติสกิลสะสม 3 ครั้ง",
        "type": 5,
        "val": 3,
        "val2": 0
    },
    "2013": {
        "name": "เสริมแกร่งอุปกรณ์ 1 ครั้ง",
        "type": 6,
        "val": 1,
        "val2": 0
    },
    "2014": {
        "name": "เสริมแกร่งอุปกรณ์สะสม 3 ครั้ง",
        "type": 7,
        "val": 3,
        "val2": 0
    },
    "2015": {
        "name": "ผ่านดันเจี้ยนชั้นยอด 1 ชั้น",
        "type": 8,
        "val": 10001,
        "val2": 0
    },
    "2016": {
        "name": "รับรางวัลสะสม 1 ครั้ง",
        "type": 9,
        "val": 1,
        "val2": 0
    },
    "2017": {
        "name": "รับรางวัล AFK ด่วน 1 ครั้ง",
        "type": 10,
        "val": 1,
        "val2": 0
    },
    "2018": {
        "name": "อัปเกรดฮีโร่ 3 ครั้ง",
        "type": 11,
        "val": 3,
        "val2": 0
    },
    "2019": {
        "name": "ท้าทายด่านหลัก 3 ครั้ง",
        "type": 12,
        "val": 3,
        "val2": 0
    },
    "2020": {
        "name": "อัปเกรดสกิล 3 ครั้ง",
        "type": 13,
        "val": 3,
        "val2": 0
    },
    "2021": {
        "name": "โรงตีเหล็กถึงเลเวล 2",
        "type": 14,
        "val": 2,
        "val2": 0
    },
    "2022": {
        "name": "ได้รับ 100 เหรียญทองจากการขายอุปกรณ์",
        "type": 15,
        "val": 100,
        "val2": 1001
    },
    "2023": {
        "name": "ท้าทายโคลอสเซียม 3 ครั้ง",
        "type": 16,
        "val": 3,
        "val2": 0
    },
    "2024": {
        "name": "อัปเกรดเหรียญตรา 1 ครั้ง",
        "type": 17,
        "val": 1,
        "val2": 0
    },
    "2025": {
        "name": "ตัวละครหลักอัปเกรดถึงเลเวล 3",
        "type": 18,
        "val": 3,
        "val2": 1
    },
    "2026": {
        "name": "ผู้กล้าแห่งหอกอัปเกรดถึงเลเวล 10",
        "type": 18,
        "val": 10,
        "val2": 2
    },
    "2027": {
        "name": "นักเวทอัปเกรดถึงเลเวล 20",
        "type": 18,
        "val": 20,
        "val2": 3
    },
    "2028": {
        "name": "รับสวัสดิการรายวันจากร้านค้า 3 ครั้ง",
        "type": 19,
        "val": 3,
        "val2": [
            4,
            5,
            6
        ]
    },
    "2029": {
        "name": "ทอยลูกเต๋าในโหมดล่าสมบัติ 3 ครั้ง",
        "type": 20,
        "val": 3,
        "val2": 0
    },
    "2030": {
        "name": "อัปเกรดกระสุนในโหมดล่าสมบัติ 3 ครั้ง",
        "type": 21,
        "val": 3,
        "val2": 0
    },
    "2031": {
        "name": "ทำความเสียหายแก่เรือโจรสลัด 20 แต้มขึ้นไปในโหมดล่าสมบัติ",
        "type": 22,
        "val": 20,
        "val2": 0
    },
    "2032": {
        "name": "ปลดล็อกช่องสกิลสะสม 1 ช่อง",
        "type": 23,
        "val": 1,
        "val2": 0
    },
    "2033": {
        "name": "สวมใส่ 1 สกิล",
        "type": 24,
        "val": 1,
        "val2": 0
    },
    "2034": {
        "name": "ท้าทายโคลอสเซียม 1 ครั้ง",
        "type": 16,
        "val": 1,
        "val2": 0
    },
    "2035": {
        "name": "โรงตีเหล็กถึงเลเวล 3",
        "type": 14,
        "val": 3,
        "val2": 0
    },
    "2036": {
        "name": "โรงตีเหล็กถึงเลเวล 4",
        "type": 14,
        "val": 4,
        "val2": 0
    },
    "2037": {
        "name": "โรงตีเหล็กถึงเลเวล 5",
        "type": 14,
        "val": 5,
        "val2": 0
    },
    "2038": {
        "name": "ขายอุปกรณ์ 5 ชิ้น",
        "type": 26,
        "val": 5,
        "val2": 1
    },
    "2039": {
        "name": "เลื่อนขั้นทหารรับจ้างเหล็กดำ",
        "type": 27,
        "val": 2,
        "val2": 0
    },
    "2040": {
        "name": "เลื่อนขั้นทหารรับจ้างทองแดง",
        "type": 27,
        "val": 3,
        "val2": 0
    },
    "2041": {
        "name": "เลื่อนขั้นทหารรับจ้างเงิน",
        "type": 27,
        "val": 4,
        "val2": 0
    },
    "2042": {
        "name": "ทอยลูกเต๋าในโหมดล่าสมบัติ 1 ครั้ง",
        "type": 20,
        "val": 1,
        "val2": 0
    },
    "2043": {
        "name": "ผ่านดันเจี้ยนชั้นยอด 2 ชั้น",
        "type": 8,
        "val": 10002,
        "val2": 0
    },
    "2044": {
        "name": "โรงตีเหล็กถึงเลเวล 6",
        "type": 14,
        "val": 6,
        "val2": 0
    },
    "2045": {
        "name": "ตัวละครหลักเลเวล 50",
        "type": 18,
        "val": 50,
        "val2": 1
    },
    "2046": {
        "name": "ขายอุปกรณ์ 10 ชิ้น",
        "type": 26,
        "val": 10,
        "val2": 1
    },
    "3001": {
        "name": "สร้างอุปกรณ์ 100 ครั้ง",
        "type": 2,
        "val": 100,
        "val2": 0
    },
    "3002": {
        "name": "เสริมแกร่งอุปกรณ์ 1 ครั้ง",
        "type": 6,
        "val": 1,
        "val2": 0
    },
    "3003": {
        "name": "รับรางวัลสะสม 1 ครั้ง",
        "type": 9,
        "val": 1,
        "val2": 0
    },
    "3004": {
        "name": "รับรางวัล AFK ด่วน 1 ครั้ง",
        "type": 10,
        "val": 1,
        "val2": 0
    },
    "3005": {
        "name": "อัปเกรดฮีโร่ 1 ครั้ง",
        "type": 11,
        "val": 1,
        "val2": 0
    },
    "3006": {
        "name": "ท้าทายด่านผจญภัย 1 ครั้ง",
        "type": 12,
        "val": 1,
        "val2": 0
    },
    "3007": {
        "name": "ท้าทายโคลอสเซียม 3 ครั้ง",
        "type": 16,
        "val": 3,
        "val2": 0
    },
    "3008": {
        "name": "อัปเกรดเหรียญตรา 1 ครั้ง",
        "type": 17,
        "val": 1,
        "val2": 0
    },
    "3009": {
        "name": "รับสวัสดิการรายวันจากร้านค้า 3 ครั้ง",
        "type": 19,
        "val": 3,
        "val2": [
            4,
            5,
            6
        ]
    },
    "3010": {
        "name": "ทอยลูกเต๋าในโหมดล่าสมบัติ 3 ครั้ง",
        "type": 20,
        "val": 3,
        "val2": 0
    },
    "3011": {
        "name": "ท้าทายดันเจี้ยนชั้นยอด 1 ครั้ง",
        "type": 25,
        "val": 1,
        "val2": 0
    },
    "3012": {
        "name": "ตัวละครหลักอัปเกรดถึงเลเวล 20",
        "type": 18,
        "val": 20,
        "val2": 1
    },
    "3013": {
        "name": "ตัวละครหลักอัปเกรดถึงเลเวล 25",
        "type": 18,
        "val": 25,
        "val2": 1
    },
    "3014": {
        "name": "ตัวละครหลักอัปเกรดถึงเลเวล 30",
        "type": 18,
        "val": 30,
        "val2": 1
    },
    "3015": {
        "name": "ตัวละครหลักอัปเกรดถึงเลเวล 35",
        "type": 18,
        "val": 35,
        "val2": 1
    },
    "3016": {
        "name": "ตัวละครหลักเลเวล 40",
        "type": 18,
        "val": 40,
        "val2": 1
    },
    "3017": {
        "name": "ตัวละครหลักเลเวล 60",
        "type": 18,
        "val": 60,
        "val2": 1
    },
    "3018": {
        "name": "ตัวละครหลักเลเวล 80",
        "type": 18,
        "val": 80,
        "val2": 1
    },
    "3019": {
        "name": "ตัวละครหลักเลเวล 100",
        "type": 18,
        "val": 100,
        "val2": 1
    },
    "3020": {
        "name": "ตัวละครหลักเลเวล 110",
        "type": 18,
        "val": 110,
        "val2": 1
    },
    "3021": {
        "name": "ตัวละครหลักเลเวล 120",
        "type": 18,
        "val": 120,
        "val2": 1
    },
    "3022": {
        "name": "ตัวละครหลักเลเวล 130",
        "type": 18,
        "val": 130,
        "val2": 1
    },
    "3023": {
        "name": "ตัวละครหลักเลเวล 140",
        "type": 18,
        "val": 140,
        "val2": 1
    },
    "3024": {
        "name": "ตัวละครหลักเลเวล 150",
        "type": 18,
        "val": 150,
        "val2": 1
    },
    "3025": {
        "name": "ตัวละครหลักเลเวล 160",
        "type": 18,
        "val": 160,
        "val2": 1
    },
    "3026": {
        "name": "ตัวละครหลักเลเวล 170",
        "type": 18,
        "val": 170,
        "val2": 1
    },
    "3027": {
        "name": "ตัวละครหลักเลเวล 180",
        "type": 18,
        "val": 180,
        "val2": 1
    },
    "3028": {
        "name": "ตัวละครหลักเลเวล 185",
        "type": 18,
        "val": 185,
        "val2": 1
    },
    "3029": {
        "name": "ตัวละครหลักเลเวล 190",
        "type": 18,
        "val": 190,
        "val2": 1
    },
    "3030": {
        "name": "ตัวละครหลักเลเวล 195",
        "type": 18,
        "val": 195,
        "val2": 1
    },
    "3031": {
        "name": "ตัวละครหลักเลเวล 200",
        "type": 18,
        "val": 200,
        "val2": 1
    },
    "3032": {
        "name": "ตัวละครหลักเลเวล 20",
        "type": 18,
        "val": 20,
        "val2": 1
    },
    "3033": {
        "name": "ท้าทายห้วงอเวจี 1 ครั้ง",
        "type": 29,
        "val": 1,
        "val2": 0
    },
    "4001": {
        "name": "ผ่านการผจญภัย 2-3",
        "type": 1,
        "val": 13,
        "val2": 0
    },
    "4002": {
        "name": "ผ่านการผจญภัย 2-6",
        "type": 1,
        "val": 16,
        "val2": 0
    },
    "4003": {
        "name": "ผ่านการผจญภัย 2-10",
        "type": 1,
        "val": 20,
        "val2": 0
    },
    "4004": {
        "name": "ผ่านการผจญภัย 3-3",
        "type": 1,
        "val": 23,
        "val2": 0
    },
    "4005": {
        "name": "ผ่านการผจญภัย 3-6",
        "type": 1,
        "val": 26,
        "val2": 0
    },
    "4006": {
        "name": "ผ่านการผจญภัย 3-10",
        "type": 1,
        "val": 30,
        "val2": 0
    },
    "4007": {
        "name": "ผ่านการผจญภัย 4-3",
        "type": 1,
        "val": 33,
        "val2": 0
    },
    "4008": {
        "name": "ผ่านการผจญภัย 4-6",
        "type": 1,
        "val": 36,
        "val2": 0
    },
    "4009": {
        "name": "ผ่านการผจญภัย 4-10",
        "type": 1,
        "val": 40,
        "val2": 0
    },
    "4010": {
        "name": "ผ่านการผจญภัย 5-3",
        "type": 1,
        "val": 43,
        "val2": 0
    },
    "4011": {
        "name": "ผ่านการผจญภัย 5-6",
        "type": 1,
        "val": 46,
        "val2": 0
    },
    "4012": {
        "name": "ผ่านการผจญภัย 5-10",
        "type": 1,
        "val": 50,
        "val2": 0
    },
    "4013": {
        "name": "ผ่านการผจญภัย 6-3",
        "type": 1,
        "val": 53,
        "val2": 0
    },
    "4014": {
        "name": "ผ่านการผจญภัย 6-6",
        "type": 1,
        "val": 56,
        "val2": 0
    },
    "4015": {
        "name": "ผ่านการผจญภัย 6-10",
        "type": 1,
        "val": 60,
        "val2": 0
    },
    "4016": {
        "name": "ผ่านการผจญภัย 7-3",
        "type": 1,
        "val": 63,
        "val2": 0
    },
    "4017": {
        "name": "ผ่านการผจญภัย 7-6",
        "type": 1,
        "val": 66,
        "val2": 0
    },
    "4018": {
        "name": "ผ่านการผจญภัย 7-10",
        "type": 1,
        "val": 70,
        "val2": 0
    },
    "4019": {
        "name": "ผ่านการผจญภัย 8-5",
        "type": 1,
        "val": 75,
        "val2": 0
    },
    "4020": {
        "name": "ผ่านการผจญภัย 9-10",
        "type": 1,
        "val": 90,
        "val2": 0
    },
    "4021": {
        "name": "ผ่านการผจญภัย 12-10",
        "type": 1,
        "val": 120,
        "val2": 0
    },
    "4022": {
        "name": "ผ่านการผจญภัย 15-10",
        "type": 1,
        "val": 150,
        "val2": 0
    },
    "4023": {
        "name": "ผ่านการผจญภัย 18-10",
        "type": 1,
        "val": 180,
        "val2": 0
    },
    "4024": {
        "name": "ผ่านการผจญภัย 21-10",
        "type": 1,
        "val": 210,
        "val2": 0
    },
    "4025": {
        "name": "ผ่านการผจญภัย 24-10",
        "type": 1,
        "val": 240,
        "val2": 0
    },
    "4026": {
        "name": "ผ่านการผจญภัย 27-10",
        "type": 1,
        "val": 270,
        "val2": 0
    },
    "4027": {
        "name": "ผ่านการผจญภัย 30-10",
        "type": 1,
        "val": 300,
        "val2": 0
    },
    "4028": {
        "name": "ผ่านการผจญภัย 33-10",
        "type": 1,
        "val": 330,
        "val2": 0
    },
    "4029": {
        "name": "ผ่านการผจญภัย 36-10",
        "type": 1,
        "val": 360,
        "val2": 0
    },
    "4030": {
        "name": "ผ่านการผจญภัย 39-10",
        "type": 1,
        "val": 390,
        "val2": 0
    },
    "4031": {
        "name": "ผ่านการผจญภัย 42-10",
        "type": 1,
        "val": 420,
        "val2": 0
    },
    "4032": {
        "name": "ผ่านการผจญภัย 45-10",
        "type": 1,
        "val": 450,
        "val2": 0
    },
    "4033": {
        "name": "ผ่านการผจญภัย 48-10",
        "type": 1,
        "val": 480,
        "val2": 0
    },
    "4034": {
        "name": "ผ่านการผจญภัย 51-10",
        "type": 1,
        "val": 510,
        "val2": 0
    },
    "4035": {
        "name": "ผ่านการผจญภัย 2-10",
        "type": 1,
        "val": 20,
        "val2": 0
    },
    "4036": {
        "name": "ผ่านการผจญภัย 4-10",
        "type": 1,
        "val": 40,
        "val2": 0
    },
    "5001": {
        "name": "ผ่านดันเจี้ยนชั้นยอด 5 ชั้น",
        "type": 8,
        "val": 10005,
        "val2": 0
    },
    "5002": {
        "name": "ผ่านดันเจี้ยนชั้นยอด 30 ชั้น",
        "type": 8,
        "val": 10030,
        "val2": 0
    },
    "5003": {
        "name": "ผ่านดันเจี้ยนชั้นยอด 40 ชั้น",
        "type": 8,
        "val": 10040,
        "val2": 0
    },
    "5004": {
        "name": "ผ่านดันเจี้ยนชั้นยอด 50 ชั้น",
        "type": 8,
        "val": 10050,
        "val2": 0
    },
    "5005": {
        "name": "ผ่านดันเจี้ยนชั้นยอด 60 ชั้น",
        "type": 8,
        "val": 10060,
        "val2": 0
    },
    "5006": {
        "name": "ผ่านดันเจี้ยนชั้นยอด 70 ชั้น",
        "type": 8,
        "val": 10070,
        "val2": 0
    },
    "5007": {
        "name": "ผ่านดันเจี้ยนชั้นยอด 80 ชั้น",
        "type": 8,
        "val": 10080,
        "val2": 0
    },
    "5101": {
        "name": "โรงตีเหล็กถึงเลเวล 6",
        "type": 14,
        "val": 6,
        "val2": 0
    },
    "5102": {
        "name": "โรงตีเหล็กถึงเลเวล 8",
        "type": 14,
        "val": 8,
        "val2": 0
    },
    "5103": {
        "name": "โรงตีเหล็กถึงเลเวล 10",
        "type": 14,
        "val": 10,
        "val2": 0
    },
    "5104": {
        "name": "โรงตีเหล็กถึงเลเวล 12",
        "type": 14,
        "val": 12,
        "val2": 0
    },
    "5105": {
        "name": "โรงตีเหล็กถึงเลเวล 14",
        "type": 14,
        "val": 14,
        "val2": 0
    },
    "5106": {
        "name": "โรงตีเหล็กถึงเลเวล 16",
        "type": 14,
        "val": 16,
        "val2": 0
    },
    "5107": {
        "name": "โรงตีเหล็กถึงเลเวล 18",
        "type": 14,
        "val": 18,
        "val2": 0
    },
    "5108": {
        "name": "โรงตีเหล็กถึงเลเวล 20",
        "type": 14,
        "val": 20,
        "val2": 0
    },
    "5201": {
        "name": "ท้าทายโคลอสเซียม 10 ครั้ง",
        "type": 16,
        "val": 10,
        "val2": 0
    },
    "5202": {
        "name": "สร้างอุปกรณ์ 100 ครั้ง",
        "type": 2,
        "val": 100,
        "val2": 0
    },
    "5301": {
        "name": "สร้างอุปกรณ์ 1 ครั้ง",
        "type": 2,
        "val": 1,
        "val2": 0
    },
    "5302": {
        "name": "สร้างอุปกรณ์ 2 ครั้ง",
        "type": 2,
        "val": 2,
        "val2": 0
    },
    "5303": {
        "name": "สร้างอุปกรณ์ 3 ครั้ง",
        "type": 2,
        "val": 3,
        "val2": 0
    },
    "5304": {
        "name": "สร้างอุปกรณ์ 4 ครั้ง",
        "type": 2,
        "val": 4,
        "val2": 0
    },
    "5305": {
        "name": "สร้างอุปกรณ์ 5 ครั้ง",
        "type": 2,
        "val": 5,
        "val2": 0
    },
    "6001": {
        "name": "สร้างอุปกรณ์ 30 ครั้ง",
        "type": 2,
        "val": 30,
        "val2": 0
    },
    "6002": {
        "name": "สร้างอุปกรณ์ 188 ครั้ง",
        "type": 2,
        "val": 188,
        "val2": 0
    },
    "6003": {
        "name": "สร้างอุปกรณ์ 500 ครั้ง",
        "type": 2,
        "val": 500,
        "val2": 0
    },
    "6004": {
        "name": "สร้างอุปกรณ์ 999 ครั้ง",
        "type": 2,
        "val": 999,
        "val2": 0
    },
    "6101": {
        "name": "ทหารรับจ้างเหล็กดำ",
        "type": 27,
        "val": 2,
        "val2": 0
    },
    "6102": {
        "name": "ทหารรับจ้างทองแดง",
        "type": 27,
        "val": 3,
        "val2": 0
    },
    "6103": {
        "name": "ทหารรับจ้างเงิน",
        "type": 27,
        "val": 4,
        "val2": 0
    },
    "6104": {
        "name": "ทหารรับจ้างทอง",
        "type": 27,
        "val": 5,
        "val2": 0
    },
    "6105": {
        "name": "ทหารรับจ้างแพลทินัม",
        "type": 27,
        "val": 6,
        "val2": 0
    },
    "6106": {
        "name": "ทหารรับจ้างไดมอนด์",
        "type": 27,
        "val": 7,
        "val2": 0
    },
    "6107": {
        "name": "ทหารรับจ้างมาสเตอร์",
        "type": 27,
        "val": 8,
        "val2": 0
    },
    "6108": {
        "name": "ทหารรับจ้างในตำนาน",
        "type": 27,
        "val": 9,
        "val2": 0
    },
    "6109": {
        "name": "ทหารรับจ้างมิราเคิล",
        "type": 27,
        "val": 10,
        "val2": 0
    },
    "6110": {
        "name": "ทหารรับจ้างดวงดาว",
        "type": 27,
        "val": 11,
        "val2": 0
    },
    "6111": {
        "name": "ราชาทหารรับจ้าง",
        "type": 27,
        "val": 12,
        "val2": 0
    },
    "6112": {
        "name": "จักรพรรดิทหารรับจ้าง",
        "type": 27,
        "val": 13,
        "val2": 0
    },
    "6113": {
        "name": "มหาจักรพรรดิทหารรับจ้าง",
        "type": 27,
        "val": 14,
        "val2": 0
    },
    "6114": {
        "name": "เทพทหารรับจ้าง",
        "type": 27,
        "val": 15,
        "val2": 0
    },
    "6115": {
        "name": "ราชาเทพทหารรับจ้าง",
        "type": 27,
        "val": 16,
        "val2": 0
    },
    "6116": {
        "name": "จักรพรรดิเทพทหารรับจ้าง",
        "type": 27,
        "val": 17,
        "val2": 0
    },
    "6200": {
        "name": "ตัวละครหลักเลเวล 75",
        "type": 18,
        "val": 75,
        "val2": 1
    },
    "6201": {
        "name": "ตัวละครหลักเลเวล 95",
        "type": 18,
        "val": 95,
        "val2": 1
    },
    "6202": {
        "name": "ตัวละครหลักเลเวล 105",
        "type": 18,
        "val": 105,
        "val2": 1
    },
    "6203": {
        "name": "ตัวละครหลักเลเวล 115",
        "type": 18,
        "val": 115,
        "val2": 1
    },
    "6204": {
        "name": "ตัวละครหลักเลเวล 125",
        "type": 18,
        "val": 125,
        "val2": 1
    },
    "6205": {
        "name": "ตัวละครหลักเลเวล 135",
        "type": 18,
        "val": 135,
        "val2": 1
    },
    "6206": {
        "name": "ตัวละครหลักเลเวล 145",
        "type": 18,
        "val": 145,
        "val2": 1
    },
    "6207": {
        "name": "ตัวละครหลักเลเวล 155",
        "type": 18,
        "val": 155,
        "val2": 1
    },
    "6208": {
        "name": "ตัวละครหลักเลเวล 165",
        "type": 18,
        "val": 165,
        "val2": 1
    },
    "6209": {
        "name": "ตัวละครหลักเลเวล 175",
        "type": 18,
        "val": 175,
        "val2": 1
    },
    "6210": {
        "name": "ตัวละครหลักเลเวล 183",
        "type": 18,
        "val": 183,
        "val2": 1
    },
    "6211": {
        "name": "ตัวละครหลักเลเวล 188",
        "type": 18,
        "val": 188,
        "val2": 1
    },
    "6212": {
        "name": "ตัวละครหลักเลเวล 193",
        "type": 18,
        "val": 193,
        "val2": 1
    },
    "6213": {
        "name": "ตัวละครหลักเลเวล 198",
        "type": 18,
        "val": 198,
        "val2": 1
    },
    "6301": {
        "name": "ทหารรับจ้างล่าสมบัติ 5 ครั้ง",
        "type": 33,
        "val": 5,
        "val2": 0
    },
    "6311": {
        "name": "กินผลไม้ 1 ครั้ง",
        "type": 30,
        "val": 1,
        "val2": 0
    },
    "6321": {
        "name": "อัปเกรดออร่า 1 ครั้ง",
        "type": 28,
        "val": 1,
        "val2": 0
    },
    "6331": {
        "name": "จับอสูรต่างมิติ 1 ครั้ง",
        "type": 34,
        "val": 1,
        "val2": 0
    },
    "6341": {
        "name": "ท้าทายศึกชิงเจ้ายุทธภพ 1 ครั้ง",
        "type": 32,
        "val": 1,
        "val2": 0
    },
    "7001": {
        "name": "สร้างอุปกรณ์ 1000 ครั้ง",
        "type": 2,
        "val": 1000,
        "val2": 0
    },
    "7002": {
        "name": "สร้างอุปกรณ์ 2000 ครั้ง",
        "type": 2,
        "val": 2000,
        "val2": 0
    },
    "7003": {
        "name": "สร้างอุปกรณ์ 3000 ครั้ง",
        "type": 2,
        "val": 3000,
        "val2": 0
    },
    "7004": {
        "name": "สร้างอุปกรณ์ 4000 ครั้ง",
        "type": 2,
        "val": 4000,
        "val2": 0
    },
    "7005": {
        "name": "สร้างอุปกรณ์ 6000 ครั้ง",
        "type": 2,
        "val": 6000,
        "val2": 0
    },
    "7006": {
        "name": "สร้างอุปกรณ์ 8000 ครั้ง",
        "type": 2,
        "val": 8000,
        "val2": 0
    },
    "7007": {
        "name": "สร้างอุปกรณ์ 10000 ครั้ง",
        "type": 2,
        "val": 10000,
        "val2": 0
    },
    "7008": {
        "name": "โรงตีเหล็กถึงเลเวล 6",
        "type": 14,
        "val": 6,
        "val2": 0
    },
    "7009": {
        "name": "โรงตีเหล็กถึงเลเวล 7",
        "type": 14,
        "val": 7,
        "val2": 0
    },
    "7010": {
        "name": "โรงตีเหล็กถึงเลเวล 9",
        "type": 14,
        "val": 9,
        "val2": 0
    },
    "7011": {
        "name": "โรงตีเหล็กถึงเลเวล 10",
        "type": 14,
        "val": 10,
        "val2": 0
    },
    "7012": {
        "name": "โรงตีเหล็กถึงเลเวล 15",
        "type": 14,
        "val": 15,
        "val2": 0
    },
    "7013": {
        "name": "เลื่อนขั้นทหารรับจ้างทอง",
        "type": 27,
        "val": 5,
        "val2": 0
    },
    "7014": {
        "name": "เลื่อนขั้นทหารรับจ้างไดมอนด์",
        "type": 27,
        "val": 7,
        "val2": 0
    },
    "7015": {
        "name": "เลื่อนขั้นทหารรับจ้างมาสเตอร์",
        "type": 27,
        "val": 8,
        "val2": 0
    },
    "7016": {
        "name": "เลื่อนขั้นทหารรับจ้างในตำนาน",
        "type": 27,
        "val": 9,
        "val2": 0
    },
    "7017": {
        "name": "ท้าทายโคลอสเซียม 10 ครั้ง",
        "type": 16,
        "val": 10,
        "val2": 0
    },
    "7018": {
        "name": "ท้าทายโคลอสเซียม 20 ครั้ง",
        "type": 16,
        "val": 20,
        "val2": 0
    },
    "7019": {
        "name": "ท้าทายโคลอสเซียม 30 ครั้ง",
        "type": 16,
        "val": 30,
        "val2": 0
    },
    "7020": {
        "name": "ท้าทายโคลอสเซียม 50 ครั้ง",
        "type": 16,
        "val": 50,
        "val2": 0
    },
    "7021": {
        "name": "ท้าทายโคลอสเซียม 70 ครั้ง",
        "type": 16,
        "val": 70,
        "val2": 0
    },
    "7022": {
        "name": "ท้าทายโคลอสเซียม 100 ครั้ง",
        "type": 16,
        "val": 100,
        "val2": 0
    },
    "7023": {
        "name": "เสริมแกร่งอุปกรณ์สะสม 10 ครั้ง",
        "type": 7,
        "val": 10,
        "val2": 0
    },
    "7024": {
        "name": "เสริมแกร่งอุปกรณ์สะสม 30 ครั้ง",
        "type": 7,
        "val": 30,
        "val2": 0
    },
    "7025": {
        "name": "เสริมแกร่งอุปกรณ์สะสม 50 ครั้ง",
        "type": 7,
        "val": 50,
        "val2": 0
    },
    "7026": {
        "name": "เสริมแกร่งอุปกรณ์สะสม 70 ครั้ง",
        "type": 7,
        "val": 70,
        "val2": 0
    },
    "7027": {
        "name": "เสริมแกร่งอุปกรณ์สะสม 90 ครั้ง",
        "type": 7,
        "val": 90,
        "val2": 0
    },
    "7028": {
        "name": "เสริมแกร่งอุปกรณ์สะสม 120 ครั้ง",
        "type": 7,
        "val": 120,
        "val2": 0
    },
    "7029": {
        "name": "อัปเกรดเหรียญตรา 10 ครั้ง",
        "type": 17,
        "val": 10,
        "val2": 0
    },
    "7030": {
        "name": "อัปเกรดเหรียญตรา 20 ครั้ง",
        "type": 17,
        "val": 20,
        "val2": 0
    },
    "7031": {
        "name": "อัปเกรดเหรียญตรา 30 ครั้ง",
        "type": 17,
        "val": 30,
        "val2": 0
    },
    "7032": {
        "name": "อัปเกรดเหรียญตรา 40 ครั้ง",
        "type": 17,
        "val": 40,
        "val2": 0
    },
    "7033": {
        "name": "อัปเกรดเหรียญตรา 60 ครั้ง",
        "type": 17,
        "val": 60,
        "val2": 0
    },
    "7034": {
        "name": "อัปเกรดเหรียญตรา 80 ครั้ง",
        "type": 17,
        "val": 80,
        "val2": 0
    },
    "7035": {
        "name": "ทอยลูกเต๋าในโหมดล่าสมบัติ 5 ครั้ง",
        "type": 20,
        "val": 5,
        "val2": 0
    },
    "7036": {
        "name": "ทอยลูกเต๋าในโหมดล่าสมบัติ 10 ครั้ง",
        "type": 20,
        "val": 10,
        "val2": 0
    },
    "7037": {
        "name": "ทอยลูกเต๋าในโหมดล่าสมบัติ 20 ครั้ง",
        "type": 20,
        "val": 20,
        "val2": 0
    },
    "7038": {
        "name": "ทอยลูกเต๋าในโหมดล่าสมบัติ 30 ครั้ง",
        "type": 20,
        "val": 30,
        "val2": 0
    },
    "7039": {
        "name": "อัปเกรดกระสุนในโหมดล่าสมบัติ 5 ครั้ง",
        "type": 21,
        "val": 5,
        "val2": 0
    },
    "7040": {
        "name": "อัปเกรดกระสุนในโหมดล่าสมบัติ 10 ครั้ง",
        "type": 21,
        "val": 10,
        "val2": 0
    },
    "7041": {
        "name": "อัปเกรดกระสุนในโหมดล่าสมบัติ 20 ครั้ง",
        "type": 21,
        "val": 20,
        "val2": 0
    },
    "7042": {
        "name": "อัปเกรดกระสุนในโหมดล่าสมบัติ 30 ครั้ง",
        "type": 21,
        "val": 30,
        "val2": 0
    },
    "7043": {
        "name": "จับอสูรต่างมิติ 10 ครั้ง",
        "type": 34,
        "val": 10,
        "val2": 0
    },
    "7044": {
        "name": "จับอสูรต่างมิติ 50 ครั้ง",
        "type": 34,
        "val": 50,
        "val2": 0
    },
    "7045": {
        "name": "จับอสูรต่างมิติ 100 ครั้ง",
        "type": 34,
        "val": 100,
        "val2": 0
    },
    "7046": {
        "name": "ผ่านห้วงอเวจี 10 ชั้น",
        "type": 37,
        "val": 10,
        "val2": 0
    },
    "7047": {
        "name": "ผ่านห้วงอเวจี 20 ชั้น",
        "type": 37,
        "val": 20,
        "val2": 0
    },
    "7048": {
        "name": "ผ่านห้วงอเวจี 30 ชั้น",
        "type": 37,
        "val": 30,
        "val2": 0
    },
    "7049": {
        "name": "กินผลไม้ชนิดใดก็ได้ 50 ครั้ง",
        "type": 30,
        "val": 50,
        "val2": 0
    },
    "7050": {
        "name": "กินผลไม้ชนิดใดก็ได้ 100 ครั้ง",
        "type": 30,
        "val": 100,
        "val2": 0
    },
    "7051": {
        "name": "ออร่าถึงเลเวล 30",
        "type": 40,
        "val": 30,
        "val2": 0
    },
    "7052": {
        "name": "ทำความเสียหายแก่มังกรนรกถึง 50,000,000",
        "type": 39,
        "val": 50000000,
        "val2": 0
    },
    "7053": {
        "name": "ปลดล็อกทหารรับจ้างสามคน",
        "type": 38,
        "val": 3,
        "val2": 0
    }
}