{
    "1": {
        "name": "ขั้น 20",
        "cost": "20",
        "drop": [
            4101
        ],
        "exp": 0
    },
    "2": {
        "name": "ขั้น 40",
        "cost": "40",
        "drop": [
            4102
        ],
        "exp": 0
    },
    "3": {
        "name": "ขั้น 60",
        "cost": "60",
        "drop": [
            4103
        ],
        "exp": 0
    },
    "4": {
        "name": "ขั้น 80",
        "cost": "80",
        "drop": [
            4104
        ],
        "exp": 0
    },
    "5": {
        "name": "ขั้น 100",
        "cost": "100",
        "drop": [
            4105
        ],
        "exp": 0
    }
}