{
    "1": {
        "type": 1,
        "name": "สวมใส่อุปกรณ์คุณภาพสูง",
        "sysId": 1004,
        "iconRes": "img_zbxtb"
    },
    "2": {
        "type": 1,
        "name": "อัปเกรดเหรียญตรา",
        "sysId": 1021,
        "iconRes": "img_xunzstb"
    },
    "3": {
        "type": 1,
        "name": "เสริมแกร่งชิ้นส่วนอุปกรณ์",
        "sysId": 2003,
        "iconRes": "img_qhxtb"
    },
    "4": {
        "type": 1,
        "name": "รับอสูรต่างมิติ",
        "sysId": 1042,
        "iconRes": "img_yishoutub"
    }
}