{
  "5001": {
    "name": "อัจฉริยะการต่อสู้",
    "resid": 40000,
    "quality": 1,
    "time": 43000,
    "offsetX": 0,
    "offsetY": 50,
    "scale": 10000,
    "source": "รางวัลอันดับรายวันในลานประลองยอดฝีมือ",
    "hp_rate": 200,
    "atk_rate": 200,
    "def_rate": 200
  },
  "5002": {
    "name": "ปรมาจารย์การต่อสู้",
    "resid": 40001,
    "quality": 1,
    "time": 43000,
    "offsetX": 0,
    "offsetY": 50,
    "scale": 10000,
    "source": "รางวัลอันดับรายวันในลานประลองยอดฝีมือ",
    "hp_rate": 400,
    "atk_rate": 400,
    "def_rate": 400
  },
  "5003": {
    "name": "วีรบุรุษการต่อสู้",
    "resid": 40002,
    "quality": 1,
    "time": 43000,
    "offsetX": 0,
    "offsetY": 50,
    "scale": 10000,
    "source": "รางวัลอันดับรายวันในลานประลองยอดฝีมือ",
    "hp_rate": 600,
    "atk_rate": 600,
    "def_rate": 600
  }
}