{"1":{"drop":[8801]},"2":{"drop":[8802]},"3":{"drop":[8803]},"4":{"drop":[8804]},"5":{"drop":[8805]},"6":{"drop":[8806]},"7":{"drop":[8807]},"8":{"drop":[8808]},"9":{"drop":[8809]},"10":{"drop":[8810]},"11":{"drop":[8811]},"12":{"drop":[8812]},"13":{"drop":[8813]},"14":{"drop":[8814]},"15":{"drop":[8815]},"16":{"drop":[8816]},"17":{"drop":[8817]},"18":{"drop":[8818]},"19":{"drop":[8819]},"20":{"drop":[8820]},"21":{"drop":[8821]},"22":{"drop":[8822]},"23":{"drop":[8823]},"24":{"drop":[8824]},"25":{"drop":[8825]},"26":{"drop":[8826]},"27":{"drop":[8827]},"28":{"drop":[8828]}}