{
    "1": {
        "grade": 0,
        "name": "ตัวละครสามารถสวมใส่การ์ดต่อสู้ได้ 1 ใบ, สามารถท้าทายกลุ่มเหล็กดำได้"
    },
    "2": {
        "grade": 1,
        "name": "สามารถท้าทายกลุ่มทองแดงได้, เพิ่มคุณสมบัติตัวละครทั้งหมด: โบนัส HP 1%, โบนัสโจมตี 1%, โบนัสป้องกัน 1%"
    },
    "3": {
        "grade": 2,
        "name": "ตัวละครสามารถสวมใส่การ์ดต่อสู้ได้ 2 ใบ, สามารถท้าทายกลุ่มเงินได้, เพิ่มคุณสมบัติตัวละครทั้งหมด: โบนัส HP 3%, โบนัสโจมตี 3%, โบนัสป้องกัน 3%"
    },
    "4": {
        "grade": 3,
        "name": "ตัวละครสามารถสวมใส่การ์ดต่อสู้ได้ 3 ใบ, สามารถท้าทายกลุ่มทองได้, เพิ่มคุณสมบัติตัวละครทั้งหมด: โบนัส HP 6%, โบนัสโจมตี 6%, โบนัสป้องกัน 6%"
    },
    "5": {
        "grade": 4,
        "name": "สามารถท้าทายกลุ่มแพลทินัมได้, เพิ่มคุณสมบัติตัวละครทั้งหมด: โบนัส HP 10%, โบนัสโจมตี 10%, โบนัสป้องกัน 10%"
    },
    "6": {
        "grade": 5,
        "name": "สามารถท้าทายกลุ่มเพชรได้, เพิ่มคุณสมบัติตัวละครทั้งหมด: โบนัส HP 15%, โบนัสโจมตี 15%, โบนัสป้องกัน 15%"
    },
    "7": {
        "grade": 6,
        "name": "สามารถท้าทายกลุ่มมาสเตอร์ได้, เพิ่มคุณสมบัติตัวละครทั้งหมด: โบนัส HP 25%, โบนัสโจมตี 25%, โบนัสป้องกัน 25%"
    },
    "8": {
        "grade": 7,
        "name": "สามารถท้าทายกลุ่มปรมาจารย์ได้, เพิ่มคุณสมบัติตัวละครทั้งหมด: โบนัส HP 40%, โบนัสโจมตี 40%, โบนัสป้องกัน 40%"
    },
    "9": {
        "grade": 8,
        "name": "สามารถท้าทายกลุ่มราชาได้, เพิ่มคุณสมบัติตัวละครทั้งหมด: โบนัส HP 60%, โบนัสโจมตี 60%, โบนัสป้องกัน 60%"
    }
}