{
    "1": {
        "nextid": 2,
        "grade": 0,
        "lv": 0,
        "icon": "img_ht",
        "name": "เหล็กดำ",
        "winexp": 10,
        "loseexp": 1,
        "expprob": 5,
        "needexp": 30,
        "cardslot": 1,
        "award": [
            13201
        ],
        "drop": [
            13101
        ],
        "drop2": [
            13001
        ],
        "monster": [
            [
                [
                    80001,
                    80002,
                    80003
                ],
                [
                    80004,
                    80005,
                    80006
                ],
                [
                    80007,
                    80008,
                    80009
                ],
                [
                    80010,
                    80011,
                    80012
                ],
                [
                    80013,
                    80014,
                    80015
                ],
                [
                    80016,
                    80017,
                    80018
                ]
            ],
            [
                [
                    80101,
                    80102,
                    80103
                ],
                [
                    80104,
                    80105,
                    80106
                ],
                [
                    80107,
                    80108,
                    80109
                ],
                [
                    80110,
                    80111,
                    80112
                ],
                [
                    80113,
                    80114,
                    80115
                ],
                [
                    80116,
                    80117,
                    80118
                ]
            ],
            [
                [
                    80201,
                    80202,
                    80203
                ],
                [
                    80204,
                    80205,
                    80206
                ],
                [
                    80207,
                    80208,
                    80209
                ],
                [
                    80210,
                    80211,
                    80212
                ],
                [
                    80213,
                    80214,
                    80215
                ],
                [
                    80216,
                    80217,
                    80218
                ]
            ]
        ],
        "hp": 0,
        "atk": 0,
        "def": 0,
        "atkspeed": 0,
        "aktBack_pro": 0,
        "douleAtk_pro": 0,
        "miss": 0,
        "criticalAtk_pro": 0,
        "dec_atkBack_pro": 0,
        "dec_doubleAtk_pro": 0,
        "dec_miss": 0,
        "dec_criticalAtk_pro": 0,
        "add_askill_pro": 0,
        "add_apskill_pro": 0,
        "add_askill_dam": 0,
        "add_apskill_dam": 0,
        "add_hp_per": 0,
        "hp_rate": 0,
        "atk_rate": 0,
        "def_rate": 0,
        "add_damage_rate": 0,
        "dec_damage_rate": 0,
        "xianshi": 0
    },
    "2": {
        "nextid": 3,
        "grade": 0,
        "lv": 1,
        "icon": "img_ht",
        "name": "เหล็กดำ 1 ดาว",
        "winexp": 10,
        "loseexp": 1,
        "expprob": 5,
        "needexp": 60,
        "cardslot": 1,
        "award": [
            13202
        ],
        "drop": [
            13102
        ],
        "drop2": [
            13001
        ],
        "monster": [
            [
                [
                    80001,
                    80002,
                    80003
                ],
                [
                    80004,
                    80005,
                    80006
                ],
                [
                    80007,
                    80008,
                    80009
                ],
                [
                    80010,
                    80011,
                    80012
                ],
                [
                    80013,
                    80014,
                    80015
                ],
                [
                    80016,
                    80017,
                    80018
                ]
            ],
            [
                [
                    80101,
                    80102,
                    80103
                ],
                [
                    80104,
                    80105,
                    80106
                ],
                [
                    80107,
                    80108,
                    80109
                ],
                [
                    80110,
                    80111,
                    80112
                ],
                [
                    80113,
                    80114,
                    80115
                ],
                [
                    80116,
                    80117,
                    80118
                ]
            ],
            [
                [
                    80201,
                    80202,
                    80203
                ],
                [
                    80204,
                    80205,
                    80206
                ],
                [
                    80207,
                    80208,
                    80209
                ],
                [
                    80210,
                    80211,
                    80212
                ],
                [
                    80213,
                    80214,
                    80215
                ],
                [
                    80216,
                    80217,
                    80218
                ]
            ]
        ],
        "hp": 0,
        "atk": 0,
        "def": 0,
        "atkspeed": 0,
        "aktBack_pro": 0,
        "douleAtk_pro": 0,
        "miss": 0,
        "criticalAtk_pro": 300,
        "dec_atkBack_pro": 0,
        "dec_doubleAtk_pro": 0,
        "dec_miss": 0,
        "dec_criticalAtk_pro": 0,
        "add_askill_pro": 0,
        "add_apskill_pro": 0,
        "add_askill_dam": 0,
        "add_apskill_dam": 0,
        "add_hp_per": 0,
        "hp_rate": 0,
        "atk_rate": 0,
        "def_rate": 0,
        "add_damage_rate": 0,
        "dec_damage_rate": 0,
        "xianshi": 19
    },
    "3": {
        "nextid": 4,
        "grade": 0,
        "lv": 2,
        "icon": "img_ht",
        "name": "เหล็กดำ 2 ดาว",
        "winexp": 10,
        "loseexp": 1,
        "expprob": 5,
        "needexp": 100,
        "cardslot": 1,
        "award": [
            13203
        ],
        "drop": [
            13103
        ],
        "drop2": [
            13001
        ],
        "monster": [
            [
                [
                    80001,
                    80002,
                    80003
                ],
                [
                    80004,
                    80005,
                    80006
                ],
                [
                    80007,
                    80008,
                    80009
                ],
                [
                    80010,
                    80011,
                    80012
                ],
                [
                    80013,
                    80014,
                    80015
                ],
                [
                    80016,
                    80017,
                    80018
                ]
            ],
            [
                [
                    80101,
                    80102,
                    80103
                ],
                [
                    80104,
                    80105,
                    80106
                ],
                [
                    80107,
                    80108,
                    80109
                ],
                [
                    80110,
                    80111,
                    80112
                ],
                [
                    80113,
                    80114,
                    80115
                ],
                [
                    80116,
                    80117,
                    80118
                ]
            ],
            [
                [
                    80201,
                    80202,
                    80203
                ],
                [
                    80204,
                    80205,
                    80206
                ],
                [
                    80207,
                    80208,
                    80209
                ],
                [
                    80210,
                    80211,
                    80212
                ],
                [
                    80213,
                    80214,
                    80215
                ],
                [
                    80216,
                    80217,
                    80218
                ]
            ]
        ],
        "hp": 0,
        "atk": 0,
        "def": 0,
        "atkspeed": 0,
        "aktBack_pro": 0,
        "douleAtk_pro": 0,
        "miss": 0,
        "criticalAtk_pro": 300,
        "dec_atkBack_pro": 0,
        "dec_doubleAtk_pro": 0,
        "dec_miss": 300,
        "dec_criticalAtk_pro": 0,
        "add_askill_pro": 0,
        "add_apskill_pro": 0,
        "add_askill_dam": 0,
        "add_apskill_dam": 0,
        "add_hp_per": 0,
        "hp_rate": 0,
        "atk_rate": 0,
        "def_rate": 0,
        "add_damage_rate": 0,
        "dec_damage_rate": 0,
        "xianshi": 18
    },
    "4": {
        "nextid": 5,
        "grade": 0,
        "lv": 3,
        "icon": "img_ht",
        "name": "เหล็กดำ 3 ดาว",
        "winexp": 10,
        "loseexp": 1,
        "expprob": 5,
        "needexp": 150,
        "cardslot": 1,
        "award": [
            13204
        ],
        "drop": [
            13104
        ],
        "drop2": [
            13001
        ],
        "monster": [
            [
                [
                    80001,
                    80002,
                    80003
                ],
                [
                    80004,
                    80005,
                    80006
                ],
                [
                    80007,
                    80008,
                    80009
                ],
                [
                    80010,
                    80011,
                    80012
                ],
                [
                    80013,
                    80014,
                    80015
                ],
                [
                    80016,
                    80017,
                    80018
                ]
            ],
            [
                [
                    80101,
                    80102,
                    80103
                ],
                [
                    80104,
                    80105,
                    80106
                ],
                [
                    80107,
                    80108,
                    80109
                ],
                [
                    80110,
                    80111,
                    80112
                ],
                [
                    80113,
                    80114,
                    80115
                ],
                [
                    80116,
                    80117,
                    80118
                ]
            ],
            [
                [
                    80201,
                    80202,
                    80203
                ],
                [
                    80204,
                    80205,
                    80206
                ],
                [
                    80207,
                    80208,
                    80209
                ],
                [
                    80210,
                    80211,
                    80212
                ],
                [
                    80213,
                    80214,
                    80215
                ],
                [
                    80216,
                    80217,
                    80218
                ]
            ]
        ],
        "hp": 0,
        "atk": 0,
        "def": 0,
        "atkspeed": 0,
        "aktBack_pro": 0,
        "douleAtk_pro": 0,
        "miss": 0,
        "criticalAtk_pro": 300,
        "dec_atkBack_pro": 0,
        "dec_doubleAtk_pro": 0,
        "dec_miss": 300,
        "dec_criticalAtk_pro": 0,
        "add_askill_pro": 0,
        "add_apskill_pro": 0,
        "add_askill_dam": 300,
        "add_apskill_dam": 0,
        "add_hp_per": 0,
        "hp_rate": 0,
        "atk_rate": 0,
        "def_rate": 0,
        "add_damage_rate": 0,
        "dec_damage_rate": 0,
        "xianshi": 28
    },
    "5": {
        "nextid": 6,
        "grade": 1,
        "lv": 1,
        "icon": "img_qt",
        "name": "ทองแดง 1 ดาว",
        "winexp": 20,
        "loseexp": 2,
        "expprob": 5,
        "needexp": 200,
        "cardslot": 1,
        "award": [
            13205
        ],
        "drop": [
            13105
        ],
        "drop2": [
            13001
        ],
        "monster": [
            [
                [
                    80301,
                    80302,
                    80303
                ],
                [
                    80304,
                    80305,
                    80306
                ],
                [
                    80307,
                    80308,
                    80309
                ],
                [
                    80310,
                    80311,
                    80312
                ],
                [
                    80313,
                    80314,
                    80315
                ],
                [
                    80316,
                    80317,
                    80318
                ]
            ],
            [
                [
                    80401,
                    80402,
                    80403
                ],
                [
                    80404,
                    80405,
                    80406
                ],
                [
                    80407,
                    80408,
                    80409
                ],
                [
                    80410,
                    80411,
                    80412
                ],
                [
                    80413,
                    80414,
                    80415
                ],
                [
                    80416,
                    80417,
                    80418
                ]
            ],
            [
                [
                    80501,
                    80502,
                    80503
                ],
                [
                    80504,
                    80505,
                    80506
                ],
                [
                    80507,
                    80508,
                    80509
                ],
                [
                    80510,
                    80511,
                    80512
                ],
                [
                    80513,
                    80514,
                    80515
                ],
                [
                    80516,
                    80517,
                    80518
                ]
            ]
        ],
        "hp": 0,
        "atk": 0,
        "def": 0,
        "atkspeed": 0,
        "aktBack_pro": 0,
        "douleAtk_pro": 300,
        "miss": 0,
        "criticalAtk_pro": 300,
        "dec_atkBack_pro": 0,
        "dec_doubleAtk_pro": 0,
        "dec_miss": 300,
        "dec_criticalAtk_pro": 0,
        "add_askill_pro": 0,
        "add_apskill_pro": 0,
        "add_askill_dam": 300,
        "add_apskill_dam": 0,
        "add_hp_per": 0,
        "hp_rate": 100,
        "atk_rate": 100,
        "def_rate": 100,
        "add_damage_rate": 0,
        "dec_damage_rate": 0,
        "xianshi": 14
    },
    "6": {
        "nextid": 7,
        "grade": 1,
        "lv": 2,
        "icon": "img_qt",
        "name": "ทองแดง 2 ดาว",
        "winexp": 20,
        "loseexp": 2,
        "expprob": 5,
        "needexp": 250,
        "cardslot": 1,
        "award": [
            13206
        ],
        "drop": [
            13106
        ],
        "drop2": [
            13001
        ],
        "monster": [
            [
                [
                    80301,
                    80302,
                    80303
                ],
                [
                    80304,
                    80305,
                    80306
                ],
                [
                    80307,
                    80308,
                    80309
                ],
                [
                    80310,
                    80311,
                    80312
                ],
                [
                    80313,
                    80314,
                    80315
                ],
                [
                    80316,
                    80317,
                    80318
                ]
            ],
            [
                [
                    80401,
                    80402,
                    80403
                ],
                [
                    80404,
                    80405,
                    80406
                ],
                [
                    80407,
                    80408,
                    80409
                ],
                [
                    80410,
                    80411,
                    80412
                ],
                [
                    80413,
                    80414,
                    80415
                ],
                [
                    80416,
                    80417,
                    80418
                ]
            ],
            [
                [
                    80501,
                    80502,
                    80503
                ],
                [
                    80504,
                    80505,
                    80506
                ],
                [
                    80507,
                    80508,
                    80509
                ],
                [
                    80510,
                    80511,
                    80512
                ],
                [
                    80513,
                    80514,
                    80515
                ],
                [
                    80516,
                    80517,
                    80518
                ]
            ]
        ],
        "hp": 0,
        "atk": 0,
        "def": 0,
        "atkspeed": 0,
        "aktBack_pro": 0,
        "douleAtk_pro": 300,
        "miss": 0,
        "criticalAtk_pro": 300,
        "dec_atkBack_pro": 0,
        "dec_doubleAtk_pro": 0,
        "dec_miss": 300,
        "dec_criticalAtk_pro": 300,
        "add_askill_pro": 0,
        "add_apskill_pro": 0,
        "add_askill_dam": 300,
        "add_apskill_dam": 0,
        "add_hp_per": 0,
        "hp_rate": 100,
        "atk_rate": 100,
        "def_rate": 100,
        "add_damage_rate": 0,
        "dec_damage_rate": 0,
        "xianshi": 20
    },
    "7": {
        "nextid": 8,
        "grade": 1,
        "lv": 3,
        "icon": "img_qt",
        "name": "ทองแดง 3 ดาว",
        "winexp": 20,
        "loseexp": 2,
        "expprob": 5,
        "needexp": 300,
        "cardslot": 1,
        "award": [
            13207
        ],
        "drop": [
            13107
        ],
        "drop2": [
            13001
        ],
        "monster": [
            [
                [
                    80301,
                    80302,
                    80303
                ],
                [
                    80304,
                    80305,
                    80306
                ],
                [
                    80307,
                    80308,
                    80309
                ],
                [
                    80310,
                    80311,
                    80312
                ],
                [
                    80313,
                    80314,
                    80315
                ],
                [
                    80316,
                    80317,
                    80318
                ]
            ],
            [
                [
                    80401,
                    80402,
                    80403
                ],
                [
                    80404,
                    80405,
                    80406
                ],
                [
                    80407,
                    80408,
                    80409
                ],
                [
                    80410,
                    80411,
                    80412
                ],
                [
                    80413,
                    80414,
                    80415
                ],
                [
                    80416,
                    80417,
                    80418
                ]
            ],
            [
                [
                    80501,
                    80502,
                    80503
                ],
                [
                    80504,
                    80505,
                    80506
                ],
                [
                    80507,
                    80508,
                    80509
                ],
                [
                    80510,
                    80511,
                    80512
                ],
                [
                    80513,
                    80514,
                    80515
                ],
                [
                    80516,
                    80517,
                    80518
                ]
            ]
        ],
        "hp": 0,
        "atk": 0,
        "def": 0,
        "atkspeed": 0,
        "aktBack_pro": 0,
        "douleAtk_pro": 300,
        "miss": 0,
        "criticalAtk_pro": 300,
        "dec_atkBack_pro": 0,
        "dec_doubleAtk_pro": 0,
        "dec_miss": 300,
        "dec_criticalAtk_pro": 300,
        "add_askill_pro": 0,
        "add_apskill_pro": 0,
        "add_askill_dam": 300,
        "add_apskill_dam": 300,
        "add_hp_per": 0,
        "hp_rate": 100,
        "atk_rate": 100,
        "def_rate": 100,
        "add_damage_rate": 0,
        "dec_damage_rate": 0,
        "xianshi": 29
    },
    "8": {
        "nextid": 9,
        "grade": 2,
        "lv": 1,
        "icon": "img_by",
        "name": "เงิน 1 ดาว",
        "winexp": 30,
        "loseexp": 3,
        "expprob": 5,
        "needexp": 400,
        "cardslot": 2,
        "award": [
            13208
        ],
        "drop": [
            13108
        ],
        "drop2": [
            13002
        ],
        "monster": [
            [
                [
                    80601,
                    80602,
                    80603
                ],
                [
                    80604,
                    80605,
                    80606
                ],
                [
                    80607,
                    80608,
                    80609
                ],
                [
                    80610,
                    80611,
                    80612
                ],
                [
                    80613,
                    80614,
                    80615
                ],
                [
                    80616,
                    80617,
                    80618
                ]
            ],
            [
                [
                    80701,
                    80702,
                    80703
                ],
                [
                    80704,
                    80705,
                    80706
                ],
                [
                    80707,
                    80708,
                    80709
                ],
                [
                    80710,
                    80711,
                    80712
                ],
                [
                    80713,
                    80714,
                    80715
                ],
                [
                    80716,
                    80717,
                    80718
                ]
            ],
            [
                [
                    80801,
                    80802,
                    80803
                ],
                [
                    80804,
                    80805,
                    80806
                ],
                [
                    80807,
                    80808,
                    80809
                ],
                [
                    80810,
                    80811,
                    80812
                ],
                [
                    80813,
                    80814,
                    80815
                ],
                [
                    80816,
                    80817,
                    80818
                ]
            ]
        ],
        "hp": 0,
        "atk": 0,
        "def": 0,
        "atkspeed": 0,
        "aktBack_pro": 0,
        "douleAtk_pro": 300,
        "miss": 300,
        "criticalAtk_pro": 300,
        "dec_atkBack_pro": 0,
        "dec_doubleAtk_pro": 0,
        "dec_miss": 300,
        "dec_criticalAtk_pro": 300,
        "add_askill_pro": 0,
        "add_apskill_pro": 0,
        "add_askill_dam": 300,
        "add_apskill_dam": 300,
        "add_hp_per": 0,
        "hp_rate": 300,
        "atk_rate": 300,
        "def_rate": 300,
        "add_damage_rate": 0,
        "dec_damage_rate": 0,
        "xianshi": 17
    },
    "9": {
        "nextid": 10,
        "grade": 2,
        "lv": 2,
        "icon": "img_by",
        "name": "เงิน 2 ดาว",
        "winexp": 30,
        "loseexp": 3,
        "expprob": 5,
        "needexp": 500,
        "cardslot": 2,
        "award": [
            13209
        ],
        "drop": [
            13109
        ],
        "drop2": [
            13002
        ],
        "monster": [
            [
                [
                    80601,
                    80602,
                    80603
                ],
                [
                    80604,
                    80605,
                    80606
                ],
                [
                    80607,
                    80608,
                    80609
                ],
                [
                    80610,
                    80611,
                    80612
                ],
                [
                    80613,
                    80614,
                    80615
                ],
                [
                    80616,
                    80617,
                    80618
                ]
            ],
            [
                [
                    80701,
                    80702,
                    80703
                ],
                [
                    80704,
                    80705,
                    80706
                ],
                [
                    80707,
                    80708,
                    80709
                ],
                [
                    80710,
                    80711,
                    80712
                ],
                [
                    80713,
                    80714,
                    80715
                ],
                [
                    80716,
                    80717,
                    80718
                ]
            ],
            [
                [
                    80801,
                    80802,
                    80803
                ],
                [
                    80804,
                    80805,
                    80806
                ],
                [
                    80807,
                    80808,
                    80809
                ],
                [
                    80810,
                    80811,
                    80812
                ],
                [
                    80813,
                    80814,
                    80815
                ],
                [
                    80816,
                    80817,
                    80818
                ]
            ]
        ],
        "hp": 0,
        "atk": 0,
        "def": 0,
        "atkspeed": 0,
        "aktBack_pro": 0,
        "douleAtk_pro": 300,
        "miss": 300,
        "criticalAtk_pro": 300,
        "dec_atkBack_pro": 300,
        "dec_doubleAtk_pro": 0,
        "dec_miss": 300,
        "dec_criticalAtk_pro": 300,
        "add_askill_pro": 0,
        "add_apskill_pro": 0,
        "add_askill_dam": 300,
        "add_apskill_dam": 300,
        "add_hp_per": 0,
        "hp_rate": 300,
        "atk_rate": 300,
        "def_rate": 300,
        "add_damage_rate": 0,
        "dec_damage_rate": 0,
        "xianshi": 12
    },
    "10": {
        "nextid": 11,
        "grade": 2,
        "lv": 3,
        "icon": "img_by",
        "name": "เงิน 3 ดาว",
        "winexp": 30,
        "loseexp": 3,
        "expprob": 5,
        "needexp": 600,
        "cardslot": 2,
        "award": [
            13210
        ],
        "drop": [
            13110
        ],
        "drop2": [
            13002
        ],
        "monster": [
            [
                [
                    80601,
                    80602,
                    80603
                ],
                [
                    80604,
                    80605,
                    80606
                ],
                [
                    80607,
                    80608,
                    80609
                ],
                [
                    80610,
                    80611,
                    80612
                ],
                [
                    80613,
                    80614,
                    80615
                ],
                [
                    80616,
                    80617,
                    80618
                ]
            ],
            [
                [
                    80701,
                    80702,
                    80703
                ],
                [
                    80704,
                    80705,
                    80706
                ],
                [
                    80707,
                    80708,
                    80709
                ],
                [
                    80710,
                    80711,
                    80712
                ],
                [
                    80713,
                    80714,
                    80715
                ],
                [
                    80716,
                    80717,
                    80718
                ]
            ],
            [
                [
                    80801,
                    80802,
                    80803
                ],
                [
                    80804,
                    80805,
                    80806
                ],
                [
                    80807,
                    80808,
                    80809
                ],
                [
                    80810,
                    80811,
                    80812
                ],
                [
                    80813,
                    80814,
                    80815
                ],
                [
                    80816,
                    80817,
                    80818
                ]
            ]
        ],
        "hp": 0,
        "atk": 0,
        "def": 0,
        "atkspeed": 0,
        "aktBack_pro": 0,
        "douleAtk_pro": 300,
        "miss": 300,
        "criticalAtk_pro": 300,
        "dec_atkBack_pro": 300,
        "dec_doubleAtk_pro": 0,
        "dec_miss": 300,
        "dec_criticalAtk_pro": 300,
        "add_askill_pro": 0,
        "add_apskill_pro": 0,
        "add_askill_dam": 300,
        "add_apskill_dam": 300,
        "add_hp_per": 0,
        "hp_rate": 300,
        "atk_rate": 300,
        "def_rate": 300,
        "add_damage_rate": 500,
        "dec_damage_rate": 0,
        "xianshi": 24
    },
    "11": {
        "nextid": 12,
        "grade": 3,
        "lv": 1,
        "icon": "img_hj",
        "name": "ทอง 1 ดาว",
        "winexp": 40,
        "loseexp": 5,
        "expprob": 5,
        "needexp": 800,
        "cardslot": 3,
        "award": [
            13211
        ],
        "drop": [
            13111
        ],
        "drop2": [
            13002
        ],
        "monster": [
            [
                [
                    80901,
                    80902,
                    80903
                ],
                [
                    80904,
                    80905,
                    80906
                ],
                [
                    80907,
                    80908,
                    80909
                ],
                [
                    80910,
                    80911,
                    80912
                ],
                [
                    80913,
                    80914,
                    80915
                ],
                [
                    80916,
                    80917,
                    80918
                ]
            ],
            [
                [
                    81001,
                    81002,
                    81003
                ],
                [
                    81004,
                    81005,
                    81006
                ],
                [
                    81007,
                    81008,
                    81009
                ],
                [
                    81010,
                    81011,
                    81012
                ],
                [
                    81013,
                    81014,
                    81015
                ],
                [
                    81016,
                    81017,
                    81018
                ]
            ],
            [
                [
                    81101,
                    81102,
                    81103
                ],
                [
                    81104,
                    81105,
                    81106
                ],
                [
                    81107,
                    81108,
                    81109
                ],
                [
                    81110,
                    81111,
                    81112
                ],
                [
                    81113,
                    81114,
                    81115
                ],
                [
                    81116,
                    81117,
                    81118
                ]
            ]
        ],
        "hp": 0,
        "atk": 0,
        "def": 0,
        "atkspeed": 0,
        "aktBack_pro": 300,
        "douleAtk_pro": 300,
        "miss": 300,
        "criticalAtk_pro": 300,
        "dec_atkBack_pro": 300,
        "dec_doubleAtk_pro": 0,
        "dec_miss": 300,
        "dec_criticalAtk_pro": 300,
        "add_askill_pro": 0,
        "add_apskill_pro": 0,
        "add_askill_dam": 300,
        "add_apskill_dam": 300,
        "add_hp_per": 0,
        "hp_rate": 600,
        "atk_rate": 600,
        "def_rate": 600,
        "add_damage_rate": 500,
        "dec_damage_rate": 0,
        "xianshi": 11
    },
    "12": {
        "nextid": 13,
        "grade": 3,
        "lv": 2,
        "icon": "img_hj",
        "name": "ทอง 2 ดาว",
        "winexp": 40,
        "loseexp": 5,
        "expprob": 5,
        "needexp": 1000,
        "cardslot": 3,
        "award": [
            13212
        ],
        "drop": [
            13112
        ],
        "drop2": [
            13002
        ],
        "monster": [
            [
                [
                    80901,
                    80902,
                    80903
                ],
                [
                    80904,
                    80905,
                    80906
                ],
                [
                    80907,
                    80908,
                    80909
                ],
                [
                    80910,
                    80911,
                    80912
                ],
                [
                    80913,
                    80914,
                    80915
                ],
                [
                    80916,
                    80917,
                    80918
                ]
            ],
            [
                [
                    81001,
                    81002,
                    81003
                ],
                [
                    81004,
                    81005,
                    81006
                ],
                [
                    81007,
                    81008,
                    81009
                ],
                [
                    81010,
                    81011,
                    81012
                ],
                [
                    81013,
                    81014,
                    81015
                ],
                [
                    81016,
                    81017,
                    81018
                ]
            ],
            [
                [
                    81101,
                    81102,
                    81103
                ],
                [
                    81104,
                    81105,
                    81106
                ],
                [
                    81107,
                    81108,
                    81109
                ],
                [
                    81110,
                    81111,
                    81112
                ],
                [
                    81113,
                    81114,
                    81115
                ],
                [
                    81116,
                    81117,
                    81118
                ]
            ]
        ],
        "hp": 0,
        "atk": 0,
        "def": 0,
        "atkspeed": 0,
        "aktBack_pro": 300,
        "douleAtk_pro": 300,
        "miss": 300,
        "criticalAtk_pro": 300,
        "dec_atkBack_pro": 300,
        "dec_doubleAtk_pro": 300,
        "dec_miss": 300,
        "dec_criticalAtk_pro": 300,
        "add_askill_pro": 0,
        "add_apskill_pro": 0,
        "add_askill_dam": 300,
        "add_apskill_dam": 300,
        "add_hp_per": 0,
        "hp_rate": 600,
        "atk_rate": 600,
        "def_rate": 600,
        "add_damage_rate": 500,
        "dec_damage_rate": 0,
        "xianshi": 15
    },
    "13": {
        "nextid": 14,
        "grade": 3,
        "lv": 3,
        "icon": "img_hj",
        "name": "ทอง 3 ดาว",
        "winexp": 40,
        "loseexp": 5,
        "expprob": 5,
        "needexp": 1200,
        "cardslot": 3,
        "award": [
            13213
        ],
        "drop": [
            13113
        ],
        "drop2": [
            13002
        ],
        "monster": [
            [
                [
                    80901,
                    80902,
                    80903
                ],
                [
                    80904,
                    80905,
                    80906
                ],
                [
                    80907,
                    80908,
                    80909
                ],
                [
                    80910,
                    80911,
                    80912
                ],
                [
                    80913,
                    80914,
                    80915
                ],
                [
                    80916,
                    80917,
                    80918
                ]
            ],
            [
                [
                    81001,
                    81002,
                    81003
                ],
                [
                    81004,
                    81005,
                    81006
                ],
                [
                    81007,
                    81008,
                    81009
                ],
                [
                    81010,
                    81011,
                    81012
                ],
                [
                    81013,
                    81014,
                    81015
                ],
                [
                    81016,
                    81017,
                    81018
                ]
            ],
            [
                [
                    81101,
                    81102,
                    81103
                ],
                [
                    81104,
                    81105,
                    81106
                ],
                [
                    81107,
                    81108,
                    81109
                ],
                [
                    81110,
                    81111,
                    81112
                ],
                [
                    81113,
                    81114,
                    81115
                ],
                [
                    81116,
                    81117,
                    81118
                ]
            ]
        ],
        "hp": 0,
        "atk": 0,
        "def": 0,
        "atkspeed": 0,
        "aktBack_pro": 300,
        "douleAtk_pro": 300,
        "miss": 300,
        "criticalAtk_pro": 300,
        "dec_atkBack_pro": 300,
        "dec_doubleAtk_pro": 300,
        "dec_miss": 300,
        "dec_criticalAtk_pro": 300,
        "add_askill_pro": 0,
        "add_apskill_pro": 0,
        "add_askill_dam": 300,
        "add_apskill_dam": 300,
        "add_hp_per": 0,
        "hp_rate": 600,
        "atk_rate": 600,
        "def_rate": 600,
        "add_damage_rate": 500,
        "dec_damage_rate": 500,
        "xianshi": 25
    },
    "14": {
        "nextid": 15,
        "grade": 4,
        "lv": 1,
        "icon": "img_bj",
        "name": "แพลทินัม 1 ดาว",
        "winexp": 50,
        "loseexp": 10,
        "expprob": 5,
        "needexp": 1500,
        "cardslot": 3,
        "award": [
            13214
        ],
        "drop": [
            13114
        ],
        "drop2": [
            13003
        ],
        "monster": [
            [
                [
                    80901,
                    80902,
                    80903
                ],
                [
                    80904,
                    80905,
                    80906
                ],
                [
                    80907,
                    80908,
                    80909
                ],
                [
                    80910,
                    80911,
                    80912
                ],
                [
                    80913,
                    80914,
                    80915
                ],
                [
                    80916,
                    80917,
                    80918
                ]
            ],
            [
                [
                    81001,
                    81002,
                    81003
                ],
                [
                    81004,
                    81005,
                    81006
                ],
                [
                    81007,
                    81008,
                    81009
                ],
                [
                    81010,
                    81011,
                    81012
                ],
                [
                    81013,
                    81014,
                    81015
                ],
                [
                    81016,
                    81017,
                    81018
                ]
            ],
            [
                [
                    81101,
                    81102,
                    81103
                ],
                [
                    81104,
                    81105,
                    81106
                ],
                [
                    81107,
                    81108,
                    81109
                ],
                [
                    81110,
                    81111,
                    81112
                ],
                [
                    81113,
                    81114,
                    81115
                ],
                [
                    81116,
                    81117,
                    81118
                ]
            ]
        ],
        "hp": 0,
        "atk": 0,
        "def": 0,
        "atkspeed": 0,
        "aktBack_pro": 300,
        "douleAtk_pro": 300,
        "miss": 300,
        "criticalAtk_pro": 300,
        "dec_atkBack_pro": 300,
        "dec_doubleAtk_pro": 300,
        "dec_miss": 300,
        "dec_criticalAtk_pro": 300,
        "add_askill_pro": 300,
        "add_apskill_pro": 0,
        "add_askill_dam": 300,
        "add_apskill_dam": 300,
        "add_hp_per": 0,
        "hp_rate": 1000,
        "atk_rate": 1000,
        "def_rate": 1000,
        "add_damage_rate": 500,
        "dec_damage_rate": 500,
        "xianshi": 26
    },
    "15": {
        "nextid": 16,
        "grade": 4,
        "lv": 2,
        "icon": "img_bj",
        "name": "แพลทินัม 2 ดาว",
        "winexp": 50,
        "loseexp": 10,
        "expprob": 5,
        "needexp": 2000,
        "cardslot": 3,
        "award": [
            13215
        ],
        "drop": [
            13115
        ],
        "drop2": [
            13003
        ],
        "monster": [
            [
                [
                    80901,
                    80902,
                    80903
                ],
                [
                    80904,
                    80905,
                    80906
                ],
                [
                    80907,
                    80908,
                    80909
                ],
                [
                    80910,
                    80911,
                    80912
                ],
                [
                    80913,
                    80914,
                    80915
                ],
                [
                    80916,
                    80917,
                    80918
                ]
            ],
            [
                [
                    81001,
                    81002,
                    81003
                ],
                [
                    81004,
                    81005,
                    81006
                ],
                [
                    81007,
                    81008,
                    81009
                ],
                [
                    81010,
                    81011,
                    81012
                ],
                [
                    81013,
                    81014,
                    81015
                ],
                [
                    81016,
                    81017,
                    81018
                ]
            ],
            [
                [
                    81101,
                    81102,
                    81103
                ],
                [
                    81104,
                    81105,
                    81106
                ],
                [
                    81107,
                    81108,
                    81109
                ],
                [
                    81110,
                    81111,
                    81112
                ],
                [
                    81113,
                    81114,
                    81115
                ],
                [
                    81116,
                    81117,
                    81118
                ]
            ]
        ],
        "hp": 0,
        "atk": 0,
        "def": 0,
        "atkspeed": 0,
        "aktBack_pro": 300,
        "douleAtk_pro": 300,
        "miss": 300,
        "criticalAtk_pro": 300,
        "dec_atkBack_pro": 300,
        "dec_doubleAtk_pro": 300,
        "dec_miss": 300,
        "dec_criticalAtk_pro": 300,
        "add_askill_pro": 300,
        "add_apskill_pro": 0,
        "add_askill_dam": 300,
        "add_apskill_dam": 300,
        "add_hp_per": 1000,
        "hp_rate": 1000,
        "atk_rate": 1000,
        "def_rate": 1000,
        "add_damage_rate": 500,
        "dec_damage_rate": 500,
        "xianshi": 30
    },
    "16": {
        "nextid": 17,
        "grade": 4,
        "lv": 3,
        "icon": "img_bj",
        "name": "แพลทินัม 3 ดาว",
        "winexp": 50,
        "loseexp": 10,
        "expprob": 5,
        "needexp": 2500,
        "cardslot": 3,
        "award": [
            13216
        ],
        "drop": [
            13116
        ],
        "drop2": [
            13003
        ],
        "monster": [
            [
                [
                    80901,
                    80902,
                    80903
                ],
                [
                    80904,
                    80905,
                    80906
                ],
                [
                    80907,
                    80908,
                    80909
                ],
                [
                    80910,
                    80911,
                    80912
                ],
                [
                    80913,
                    80914,
                    80915
                ],
                [
                    80916,
                    80917,
                    80918
                ]
            ],
            [
                [
                    81001,
                    81002,
                    81003
                ],
                [
                    81004,
                    81005,
                    81006
                ],
                [
                    81007,
                    81008,
                    81009
                ],
                [
                    81010,
                    81011,
                    81012
                ],
                [
                    81013,
                    81014,
                    81015
                ],
                [
                    81016,
                    81017,
                    81018
                ]
            ],
            [
                [
                    81101,
                    81102,
                    81103
                ],
                [
                    81104,
                    81105,
                    81106
                ],
                [
                    81107,
                    81108,
                    81109
                ],
                [
                    81110,
                    81111,
                    81112
                ],
                [
                    81113,
                    81114,
                    81115
                ],
                [
                    81116,
                    81117,
                    81118
                ]
            ]
        ],
        "hp": 0,
        "atk": 0,
        "def": 0,
        "atkspeed": 0,
        "aktBack_pro": 300,
        "douleAtk_pro": 300,
        "miss": 300,
        "criticalAtk_pro": 300,
        "dec_atkBack_pro": 300,
        "dec_doubleAtk_pro": 300,
        "dec_miss": 300,
        "dec_criticalAtk_pro": 300,
        "add_askill_pro": 300,
        "add_apskill_pro": 300,
        "add_askill_dam": 300,
        "add_apskill_dam": 300,
        "add_hp_per": 1000,
        "hp_rate": 1000,
        "atk_rate": 1000,
        "def_rate": 1000,
        "add_damage_rate": 500,
        "dec_damage_rate": 500,
        "xianshi": 27
    },
    "17": {
        "nextid": 18,
        "grade": 5,
        "lv": 1,
        "icon": "img_zs",
        "name": "เพชร 1 ดาว",
        "winexp": 60,
        "loseexp": 15,
        "expprob": 5,
        "needexp": 3000,
        "cardslot": 3,
        "award": [
            13217
        ],
        "drop": [
            13117
        ],
        "drop2": [
            13003
        ],
        "monster": [
            [
                [
                    80901,
                    80902,
                    80903
                ],
                [
                    80904,
                    80905,
                    80906
                ],
                [
                    80907,
                    80908,
                    80909
                ],
                [
                    80910,
                    80911,
                    80912
                ],
                [
                    80913,
                    80914,
                    80915
                ],
                [
                    80916,
                    80917,
                    80918
                ]
            ],
            [
                [
                    81001,
                    81002,
                    81003
                ],
                [
                    81004,
                    81005,
                    81006
                ],
                [
                    81007,
                    81008,
                    81009
                ],
                [
                    81010,
                    81011,
                    81012
                ],
                [
                    81013,
                    81014,
                    81015
                ],
                [
                    81016,
                    81017,
                    81018
                ]
            ],
            [
                [
                    81101,
                    81102,
                    81103
                ],
                [
                    81104,
                    81105,
                    81106
                ],
                [
                    81107,
                    81108,
                    81109
                ],
                [
                    81110,
                    81111,
                    81112
                ],
                [
                    81113,
                    81114,
                    81115
                ],
                [
                    81116,
                    81117,
                    81118
                ]
            ]
        ],
        "hp": 0,
        "atk": 0,
        "def": 0,
        "atkspeed": 0,
        "aktBack_pro": 300,
        "douleAtk_pro": 300,
        "miss": 300,
        "criticalAtk_pro": 800,
        "dec_atkBack_pro": 300,
        "dec_doubleAtk_pro": 300,
        "dec_miss": 300,
        "dec_criticalAtk_pro": 300,
        "add_askill_pro": 300,
        "add_apskill_pro": 300,
        "add_askill_dam": 300,
        "add_apskill_dam": 300,
        "add_hp_per": 1000,
        "hp_rate": 1500,
        "atk_rate": 1500,
        "def_rate": 1500,
        "add_damage_rate": 500,
        "dec_damage_rate": 500,
        "xianshi": 19
    },
    "18": {
        "nextid": 19,
        "grade": 5,
        "lv": 2,
        "icon": "img_zs",
        "name": "เพชร 2 ดาว",
        "winexp": 60,
        "loseexp": 15,
        "expprob": 5,
        "needexp": 3600,
        "cardslot": 3,
        "award": [
            13218
        ],
        "drop": [
            13118
        ],
        "drop2": [
            13003
        ],
        "monster": [
            [
                [
                    80901,
                    80902,
                    80903
                ],
                [
                    80904,
                    80905,
                    80906
                ],
                [
                    80907,
                    80908,
                    80909
                ],
                [
                    80910,
                    80911,
                    80912
                ],
                [
                    80913,
                    80914,
                    80915
                ],
                [
                    80916,
                    80917,
                    80918
                ]
            ],
            [
                [
                    81001,
                    81002,
                    81003
                ],
                [
                    81004,
                    81005,
                    81006
                ],
                [
                    81007,
                    81008,
                    81009
                ],
                [
                    81010,
                    81011,
                    81012
                ],
                [
                    81013,
                    81014,
                    81015
                ],
                [
                    81016,
                    81017,
                    81018
                ]
            ],
            [
                [
                    81101,
                    81102,
                    81103
                ],
                [
                    81104,
                    81105,
                    81106
                ],
                [
                    81107,
                    81108,
                    81109
                ],
                [
                    81110,
                    81111,
                    81112
                ],
                [
                    81113,
                    81114,
                    81115
                ],
                [
                    81116,
                    81117,
                    81118
                ]
            ]
        ],
        "hp": 0,
        "atk": 0,
        "def": 0,
        "atkspeed": 0,
        "aktBack_pro": 300,
        "douleAtk_pro": 300,
        "miss": 300,
        "criticalAtk_pro": 800,
        "dec_atkBack_pro": 300,
        "dec_doubleAtk_pro": 300,
        "dec_miss": 800,
        "dec_criticalAtk_pro": 300,
        "add_askill_pro": 300,
        "add_apskill_pro": 300,
        "add_askill_dam": 300,
        "add_apskill_dam": 300,
        "add_hp_per": 1000,
        "hp_rate": 1500,
        "atk_rate": 1500,
        "def_rate": 1500,
        "add_damage_rate": 500,
        "dec_damage_rate": 500,
        "xianshi": 18
    },
    "19": {
        "nextid": 20,
        "grade": 5,
        "lv": 3,
        "icon": "img_zs",
        "name": "เพชร 3 ดาว",
        "winexp": 60,
        "loseexp": 15,
        "expprob": 5,
        "needexp": 4200,
        "cardslot": 3,
        "award": [
            13219
        ],
        "drop": [
            13119
        ],
        "drop2": [
            13003
        ],
        "monster": [
            [
                [
                    80901,
                    80902,
                    80903
                ],
                [
                    80904,
                    80905,
                    80906
                ],
                [
                    80907,
                    80908,
                    80909
                ],
                [
                    80910,
                    80911,
                    80912
                ],
                [
                    80913,
                    80914,
                    80915
                ],
                [
                    80916,
                    80917,
                    80918
                ]
            ],
            [
                [
                    81001,
                    81002,
                    81003
                ],
                [
                    81004,
                    81005,
                    81006
                ],
                [
                    81007,
                    81008,
                    81009
                ],
                [
                    81010,
                    81011,
                    81012
                ],
                [
                    81013,
                    81014,
                    81015
                ],
                [
                    81016,
                    81017,
                    81018
                ]
            ],
            [
                [
                    81101,
                    81102,
                    81103
                ],
                [
                    81104,
                    81105,
                    81106
                ],
                [
                    81107,
                    81108,
                    81109
                ],
                [
                    81110,
                    81111,
                    81112
                ],
                [
                    81113,
                    81114,
                    81115
                ],
                [
                    81116,
                    81117,
                    81118
                ]
            ]
        ],
        "hp": 0,
        "atk": 0,
        "def": 0,
        "atkspeed": 0,
        "aktBack_pro": 300,
        "douleAtk_pro": 300,
        "miss": 300,
        "criticalAtk_pro": 800,
        "dec_atkBack_pro": 300,
        "dec_doubleAtk_pro": 300,
        "dec_miss": 800,
        "dec_criticalAtk_pro": 300,
        "add_askill_pro": 300,
        "add_apskill_pro": 300,
        "add_askill_dam": 800,
        "add_apskill_dam": 300,
        "add_hp_per": 1000,
        "hp_rate": 1500,
        "atk_rate": 1500,
        "def_rate": 1500,
        "add_damage_rate": 500,
        "dec_damage_rate": 500,
        "xianshi": 28
    },
    "20": {
        "nextid": 21,
        "grade": 6,
        "lv": 1,
        "icon": "img_ds",
        "name": "มาสเตอร์ 1 ดาว",
        "winexp": 80,
        "loseexp": 20,
        "expprob": 5,
        "needexp": 5000,
        "cardslot": 3,
        "award": [
            13220
        ],
        "drop": [
            13120
        ],
        "drop2": [
            13004
        ],
        "monster": [
            [
                [
                    80901,
                    80902,
                    80903
                ],
                [
                    80904,
                    80905,
                    80906
                ],
                [
                    80907,
                    80908,
                    80909
                ],
                [
                    80910,
                    80911,
                    80912
                ],
                [
                    80913,
                    80914,
                    80915
                ],
                [
                    80916,
                    80917,
                    80918
                ]
            ],
            [
                [
                    81001,
                    81002,
                    81003
                ],
                [
                    81004,
                    81005,
                    81006
                ],
                [
                    81007,
                    81008,
                    81009
                ],
                [
                    81010,
                    81011,
                    81012
                ],
                [
                    81013,
                    81014,
                    81015
                ],
                [
                    81016,
                    81017,
                    81018
                ]
            ],
            [
                [
                    81101,
                    81102,
                    81103
                ],
                [
                    81104,
                    81105,
                    81106
                ],
                [
                    81107,
                    81108,
                    81109
                ],
                [
                    81110,
                    81111,
                    81112
                ],
                [
                    81113,
                    81114,
                    81115
                ],
                [
                    81116,
                    81117,
                    81118
                ]
            ]
        ],
        "hp": 0,
        "atk": 0,
        "def": 0,
        "atkspeed": 0,
        "aktBack_pro": 300,
        "douleAtk_pro": 800,
        "miss": 300,
        "criticalAtk_pro": 800,
        "dec_atkBack_pro": 300,
        "dec_doubleAtk_pro": 300,
        "dec_miss": 800,
        "dec_criticalAtk_pro": 300,
        "add_askill_pro": 300,
        "add_apskill_pro": 300,
        "add_askill_dam": 800,
        "add_apskill_dam": 300,
        "add_hp_per": 1000,
        "hp_rate": 2500,
        "atk_rate": 2500,
        "def_rate": 2500,
        "add_damage_rate": 500,
        "dec_damage_rate": 500,
        "xianshi": 14
    },
    "21": {
        "nextid": 22,
        "grade": 6,
        "lv": 2,
        "icon": "img_ds",
        "name": "มาสเตอร์ 2 ดาว",
        "winexp": 80,
        "loseexp": 20,
        "expprob": 5,
        "needexp": 6000,
        "cardslot": 3,
        "award": [
            13221
        ],
        "drop": [
            13121
        ],
        "drop2": [
            13004
        ],
        "monster": [
            [
                [
                    80901,
                    80902,
                    80903
                ],
                [
                    80904,
                    80905,
                    80906
                ],
                [
                    80907,
                    80908,
                    80909
                ],
                [
                    80910,
                    80911,
                    80912
                ],
                [
                    80913,
                    80914,
                    80915
                ],
                [
                    80916,
                    80917,
                    80918
                ]
            ],
            [
                [
                    81001,
                    81002,
                    81003
                ],
                [
                    81004,
                    81005,
                    81006
                ],
                [
                    81007,
                    81008,
                    81009
                ],
                [
                    81010,
                    81011,
                    81012
                ],
                [
                    81013,
                    81014,
                    81015
                ],
                [
                    81016,
                    81017,
                    81018
                ]
            ],
            [
                [
                    81101,
                    81102,
                    81103
                ],
                [
                    81104,
                    81105,
                    81106
                ],
                [
                    81107,
                    81108,
                    81109
                ],
                [
                    81110,
                    81111,
                    81112
                ],
                [
                    81113,
                    81114,
                    81115
                ],
                [
                    81116,
                    81117,
                    81118
                ]
            ]
        ],
        "hp": 0,
        "atk": 0,
        "def": 0,
        "atkspeed": 0,
        "aktBack_pro": 300,
        "douleAtk_pro": 800,
        "miss": 300,
        "criticalAtk_pro": 800,
        "dec_atkBack_pro": 300,
        "dec_doubleAtk_pro": 300,
        "dec_miss": 800,
        "dec_criticalAtk_pro": 800,
        "add_askill_pro": 300,
        "add_apskill_pro": 300,
        "add_askill_dam": 800,
        "add_apskill_dam": 300,
        "add_hp_per": 1000,
        "hp_rate": 2500,
        "atk_rate": 2500,
        "def_rate": 2500,
        "add_damage_rate": 500,
        "dec_damage_rate": 500,
        "xianshi": 20
    },
    "22": {
        "nextid": 23,
        "grade": 6,
        "lv": 3,
        "icon": "img_ds",
        "name": "มาสเตอร์ 3 ดาว",
        "winexp": 80,
        "loseexp": 20,
        "expprob": 5,
        "needexp": 7200,
        "cardslot": 3,
        "award": [
            13222
        ],
        "drop": [
            13122
        ],
        "drop2": [
            13004
        ],
        "monster": [
            [
                [
                    80901,
                    80902,
                    80903
                ],
                [
                    80904,
                    80905,
                    80906
                ],
                [
                    80907,
                    80908,
                    80909
                ],
                [
                    80910,
                    80911,
                    80912
                ],
                [
                    80913,
                    80914,
                    80915
                ],
                [
                    80916,
                    80917,
                    80918
                ]
            ],
            [
                [
                    81001,
                    81002,
                    81003
                ],
                [
                    81004,
                    81005,
                    81006
                ],
                [
                    81007,
                    81008,
                    81009
                ],
                [
                    81010,
                    81011,
                    81012
                ],
                [
                    81013,
                    81014,
                    81015
                ],
                [
                    81016,
                    81017,
                    81018
                ]
            ],
            [
                [
                    81101,
                    81102,
                    81103
                ],
                [
                    81104,
                    81105,
                    81106
                ],
                [
                    81107,
                    81108,
                    81109
                ],
                [
                    81110,
                    81111,
                    81112
                ],
                [
                    81113,
                    81114,
                    81115
                ],
                [
                    81116,
                    81117,
                    81118
                ]
            ]
        ],
        "hp": 0,
        "atk": 0,
        "def": 0,
        "atkspeed": 0,
        "aktBack_pro": 300,
        "douleAtk_pro": 800,
        "miss": 300,
        "criticalAtk_pro": 800,
        "dec_atkBack_pro": 300,
        "dec_doubleAtk_pro": 300,
        "dec_miss": 800,
        "dec_criticalAtk_pro": 800,
        "add_askill_pro": 300,
        "add_apskill_pro": 300,
        "add_askill_dam": 800,
        "add_apskill_dam": 800,
        "add_hp_per": 1000,
        "hp_rate": 2500,
        "atk_rate": 2500,
        "def_rate": 2500,
        "add_damage_rate": 500,
        "dec_damage_rate": 500,
        "xianshi": 29
    },
    "23": {
        "nextid": 24,
        "grade": 7,
        "lv": 1,
        "icon": "img_zs-1",
        "name": "ปรมาจารย์ 1 ดาว",
        "winexp": 100,
        "loseexp": 30,
        "expprob": 5,
        "needexp": 8800,
        "cardslot": 3,
        "award": [
            13223
        ],
        "drop": [
            13123
        ],
        "drop2": [
            13004
        ],
        "monster": [
            [
                [
                    80901,
                    80902,
                    80903
                ],
                [
                    80904,
                    80905,
                    80906
                ],
                [
                    80907,
                    80908,
                    80909
                ],
                [
                    80910,
                    80911,
                    80912
                ],
                [
                    80913,
                    80914,
                    80915
                ],
                [
                    80916,
                    80917,
                    80918
                ]
            ],
            [
                [
                    81001,
                    81002,
                    81003
                ],
                [
                    81004,
                    81005,
                    81006
                ],
                [
                    81007,
                    81008,
                    81009
                ],
                [
                    81010,
                    81011,
                    81012
                ],
                [
                    81013,
                    81014,
                    81015
                ],
                [
                    81016,
                    81017,
                    81018
                ]
            ],
            [
                [
                    81101,
                    81102,
                    81103
                ],
                [
                    81104,
                    81105,
                    81106
                ],
                [
                    81107,
                    81108,
                    81109
                ],
                [
                    81110,
                    81111,
                    81112
                ],
                [
                    81113,
                    81114,
                    81115
                ],
                [
                    81116,
                    81117,
                    81118
                ]
            ]
        ],
        "hp": 0,
        "atk": 0,
        "def": 0,
        "atkspeed": 0,
        "aktBack_pro": 300,
        "douleAtk_pro": 800,
        "miss": 800,
        "criticalAtk_pro": 800,
        "dec_atkBack_pro": 300,
        "dec_doubleAtk_pro": 300,
        "dec_miss": 800,
        "dec_criticalAtk_pro": 800,
        "add_askill_pro": 300,
        "add_apskill_pro": 300,
        "add_askill_dam": 800,
        "add_apskill_dam": 800,
        "add_hp_per": 1000,
        "hp_rate": 4000,
        "atk_rate": 4000,
        "def_rate": 4000,
        "add_damage_rate": 500,
        "dec_damage_rate": 500,
        "xianshi": 17
    },
    "24": {
        "nextid": 25,
        "grade": 7,
        "lv": 2,
        "icon": "img_zs-1",
        "name": "ปรมาจารย์ 2 ดาว",
        "winexp": 100,
        "loseexp": 30,
        "expprob": 5,
        "needexp": 10000,
        "cardslot": 3,
        "award": [
            13224
        ],
        "drop": [
            13124
        ],
        "drop2": [
            13004
        ],
        "monster": [
            [
                [
                    80901,
                    80902,
                    80903
                ],
                [
                    80904,
                    80905,
                    80906
                ],
                [
                    80907,
                    80908,
                    80909
                ],
                [
                    80910,
                    80911,
                    80912
                ],
                [
                    80913,
                    80914,
                    80915
                ],
                [
                    80916,
                    80917,
                    80918
                ]
            ],
            [
                [
                    81001,
                    81002,
                    81003
                ],
                [
                    81004,
                    81005,
                    81006
                ],
                [
                    81007,
                    81008,
                    81009
                ],
                [
                    81010,
                    81011,
                    81012
                ],
                [
                    81013,
                    81014,
                    81015
                ],
                [
                    81016,
                    81017,
                    81018
                ]
            ],
            [
                [
                    81101,
                    81102,
                    81103
                ],
                [
                    81104,
                    81105,
                    81106
                ],
                [
                    81107,
                    81108,
                    81109
                ],
                [
                    81110,
                    81111,
                    81112
                ],
                [
                    81113,
                    81114,
                    81115
                ],
                [
                    81116,
                    81117,
                    81118
                ]
            ]
        ],
        "hp": 0,
        "atk": 0,
        "def": 0,
        "atkspeed": 0,
        "aktBack_pro": 300,
        "douleAtk_pro": 800,
        "miss": 800,
        "criticalAtk_pro": 800,
        "dec_atkBack_pro": 800,
        "dec_doubleAtk_pro": 300,
        "dec_miss": 800,
        "dec_criticalAtk_pro": 800,
        "add_askill_pro": 300,
        "add_apskill_pro": 300,
        "add_askill_dam": 800,
        "add_apskill_dam": 800,
        "add_hp_per": 1000,
        "hp_rate": 4000,
        "atk_rate": 4000,
        "def_rate": 4000,
        "add_damage_rate": 500,
        "dec_damage_rate": 500,
        "xianshi": 12
    },
    "25": {
        "nextid": 26,
        "grade": 7,
        "lv": 3,
        "icon": "img_zs-1",
        "name": "ปรมาจารย์ 3 ดาว",
        "winexp": 100,
        "loseexp": 30,
        "expprob": 5,
        "needexp": 12000,
        "cardslot": 3,
        "award": [
            13225
        ],
        "drop": [
            13125
        ],
        "drop2": [
            13004
        ],
        "monster": [
            [
                [
                    80901,
                    80902,
                    80903
                ],
                [
                    80904,
                    80905,
                    80906
                ],
                [
                    80907,
                    80908,
                    80909
                ],
                [
                    80910,
                    80911,
                    80912
                ],
                [
                    80913,
                    80914,
                    80915
                ],
                [
                    80916,
                    80917,
                    80918
                ]
            ],
            [
                [
                    81001,
                    81002,
                    81003
                ],
                [
                    81004,
                    81005,
                    81006
                ],
                [
                    81007,
                    81008,
                    81009
                ],
                [
                    81010,
                    81011,
                    81012
                ],
                [
                    81013,
                    81014,
                    81015
                ],
                [
                    81016,
                    81017,
                    81018
                ]
            ],
            [
                [
                    81101,
                    81102,
                    81103
                ],
                [
                    81104,
                    81105,
                    81106
                ],
                [
                    81107,
                    81108,
                    81109
                ],
                [
                    81110,
                    81111,
                    81112
                ],
                [
                    81113,
                    81114,
                    81115
                ],
                [
                    81116,
                    81117,
                    81118
                ]
            ]
        ],
        "hp": 0,
        "atk": 0,
        "def": 0,
        "atkspeed": 0,
        "aktBack_pro": 300,
        "douleAtk_pro": 800,
        "miss": 800,
        "criticalAtk_pro": 800,
        "dec_atkBack_pro": 800,
        "dec_doubleAtk_pro": 300,
        "dec_miss": 800,
        "dec_criticalAtk_pro": 800,
        "add_askill_pro": 300,
        "add_apskill_pro": 300,
        "add_askill_dam": 800,
        "add_apskill_dam": 800,
        "add_hp_per": 1000,
        "hp_rate": 4000,
        "atk_rate": 4000,
        "def_rate": 4000,
        "add_damage_rate": 1000,
        "dec_damage_rate": 500,
        "xianshi": 24
    },
    "26": {
        "nextid": 27,
        "grade": 8,
        "lv": 1,
        "icon": "img_wz",
        "name": "ราชา 1 ดาว",
        "winexp": 150,
        "loseexp": 50,
        "expprob": 5,
        "needexp": 15000,
        "cardslot": 3,
        "award": [
            13226
        ],
        "drop": [
            13126
        ],
        "drop2": [
            13005
        ],
        "monster": [
            [
                [
                    80901,
                    80902,
                    80903
                ],
                [
                    80904,
                    80905,
                    80906
                ],
                [
                    80907,
                    80908,
                    80909
                ],
                [
                    80910,
                    80911,
                    80912
                ],
                [
                    80913,
                    80914,
                    80915
                ],
                [
                    80916,
                    80917,
                    80918
                ]
            ],
            [
                [
                    81001,
                    81002,
                    81003
                ],
                [
                    81004,
                    81005,
                    81006
                ],
                [
                    81007,
                    81008,
                    81009
                ],
                [
                    81010,
                    81011,
                    81012
                ],
                [
                    81013,
                    81014,
                    81015
                ],
                [
                    81016,
                    81017,
                    81018
                ]
            ],
            [
                [
                    81101,
                    81102,
                    81103
                ],
                [
                    81104,
                    81105,
                    81106
                ],
                [
                    81107,
                    81108,
                    81109
                ],
                [
                    81110,
                    81111,
                    81112
                ],
                [
                    81113,
                    81114,
                    81115
                ],
                [
                    81116,
                    81117,
                    81118
                ]
            ]
        ],
        "hp": 0,
        "atk": 0,
        "def": 0,
        "atkspeed": 0,
        "aktBack_pro": 800,
        "douleAtk_pro": 800,
        "miss": 800,
        "criticalAtk_pro": 800,
        "dec_atkBack_pro": 800,
        "dec_doubleAtk_pro": 300,
        "dec_miss": 800,
        "dec_criticalAtk_pro": 800,
        "add_askill_pro": 300,
        "add_apskill_pro": 300,
        "add_askill_dam": 800,
        "add_apskill_dam": 800,
        "add_hp_per": 1000,
        "hp_rate": 6000,
        "atk_rate": 6000,
        "def_rate": 6000,
        "add_damage_rate": 1000,
        "dec_damage_rate": 500,
        "xianshi": 11
    },
    "27": {
        "nextid": 28,
        "grade": 8,
        "lv": 2,
        "icon": "img_wz",
        "name": "ราชา 2 ดาว",
        "winexp": 150,
        "loseexp": 50,
        "expprob": 5,
        "needexp": 20000,
        "cardslot": 3,
        "award": [
            13227
        ],
        "drop": [
            13127
        ],
        "drop2": [
            13005
        ],
        "monster": [
            [
                [
                    80901,
                    80902,
                    80903
                ],
                [
                    80904,
                    80905,
                    80906
                ],
                [
                    80907,
                    80908,
                    80909
                ],
                [
                    80910,
                    80911,
                    80912
                ],
                [
                    80913,
                    80914,
                    80915
                ],
                [
                    80916,
                    80917,
                    80918
                ]
            ],
            [
                [
                    81001,
                    81002,
                    81003
                ],
                [
                    81004,
                    81005,
                    81006
                ],
                [
                    81007,
                    81008,
                    81009
                ],
                [
                    81010,
                    81011,
                    81012
                ],
                [
                    81013,
                    81014,
                    81015
                ],
                [
                    81016,
                    81017,
                    81018
                ]
            ],
            [
                [
                    81101,
                    81102,
                    81103
                ],
                [
                    81104,
                    81105,
                    81106
                ],
                [
                    81107,
                    81108,
                    81109
                ],
                [
                    81110,
                    81111,
                    81112
                ],
                [
                    81113,
                    81114,
                    81115
                ],
                [
                    81116,
                    81117,
                    81118
                ]
            ]
        ],
        "hp": 0,
        "atk": 0,
        "def": 0,
        "atkspeed": 0,
        "aktBack_pro": 800,
        "douleAtk_pro": 800,
        "miss": 800,
        "criticalAtk_pro": 800,
        "dec_atkBack_pro": 800,
        "dec_doubleAtk_pro": 800,
        "dec_miss": 800,
        "dec_criticalAtk_pro": 800,
        "add_askill_pro": 300,
        "add_apskill_pro": 300,
        "add_askill_dam": 800,
        "add_apskill_dam": 800,
        "add_hp_per": 1000,
        "hp_rate": 6000,
        "atk_rate": 6000,
        "def_rate": 6000,
        "add_damage_rate": 1000,
        "dec_damage_rate": 500,
        "xianshi": 15
    },
    "28": {
        "nextid": 0,
        "grade": 8,
        "lv": 3,
        "icon": "img_wz",
        "name": "ราชา 3 ดาว",
        "winexp": 150,
        "loseexp": 50,
        "expprob": 5,
        "needexp": 30000,
        "cardslot": 3,
        "award": [
            13228
        ],
        "drop": [
            13128
        ],
        "drop2": [
            13005
        ],
        "monster": [
            [
                [
                    80901,
                    80902,
                    80903
                ],
                [
                    80904,
                    80905,
                    80906
                ],
                [
                    80907,
                    80908,
                    80909
                ],
                [
                    80910,
                    80911,
                    80912
                ],
                [
                    80913,
                    80914,
                    80915
                ],
                [
                    80916,
                    80917,
                    80918
                ]
            ],
            [
                [
                    81001,
                    81002,
                    81003
                ],
                [
                    81004,
                    81005,
                    81006
                ],
                [
                    81007,
                    81008,
                    81009
                ],
                [
                    81010,
                    81011,
                    81012
                ],
                [
                    81013,
                    81014,
                    81015
                ],
                [
                    81016,
                    81017,
                    81018
                ]
            ],
            [
                [
                    81101,
                    81102,
                    81103
                ],
                [
                    81104,
                    81105,
                    81106
                ],
                [
                    81107,
                    81108,
                    81109
                ],
                [
                    81110,
                    81111,
                    81112
                ],
                [
                    81113,
                    81114,
                    81115
                ],
                [
                    81116,
                    81117,
                    81118
                ]
            ]
        ],
        "hp": 0,
        "atk": 0,
        "def": 0,
        "atkspeed": 0,
        "aktBack_pro": 800,
        "douleAtk_pro": 800,
        "miss": 800,
        "criticalAtk_pro": 800,
        "dec_atkBack_pro": 800,
        "dec_doubleAtk_pro": 800,
        "dec_miss": 800,
        "dec_criticalAtk_pro": 800,
        "add_askill_pro": 300,
        "add_apskill_pro": 300,
        "add_askill_dam": 800,
        "add_apskill_dam": 800,
        "add_hp_per": 1000,
        "hp_rate": 6000,
        "atk_rate": 6000,
        "def_rate": 6000,
        "add_damage_rate": 1000,
        "dec_damage_rate": 1000,
        "xianshi": 25
    }
}